1641164400000,0.31
1641168000000,-0.01
1641171600000,-0.07
1641175200000,-1.05
1641178800000,-1.0
1641182400000,0.32
1641186000000,37.55
1641189600000,88.76
1641193200000,122.93
1641196800000,110.17
1641200400000,93.38
1641204000000,90.73
1641207600000,82.37
1641211200000,80.9
1641214800000,80.99
1641218400000,98.05
1641222000000,123.51
1641225600000,148.49
1641229200000,138.0
1641232800000,117.64
1641236400000,117.71
1641240000000,95.95
1641243600000,105.68
1641247200000,95.26
1641250800000,103.7
1641254400000,108.27
1641258000000,105.92
1641261600000,103.41
1641265200000,102.71
1641268800000,114.23
1641272400000,156.91
1641276000000,182.64
1641279600000,178.91
1641283200000,190.0
1641286800000,189.88
1641290400000,182.42
1641294000000,182.46
1641297600000,179.59
1641301200000,179.0
1641304800000,180.93
1641308400000,166.69
1641312000000,189.88
1641315600000,184.94
1641319200000,178.99
1641322800000,156.12
1641326400000,140.92
1641330000000,137.92
1641333600000,97.56
1641337200000,105.31
1641340800000,97.29
1641344400000,84.5
1641348000000,75.38
1641351600000,79.11
1641355200000,94.79
1641358800000,99.16
1641362400000,101.15
1641366000000,129.56
1641369600000,113.37
1641373200000,94.43
1641376800000,98.1
1641380400000,95.68
1641384000000,96.8
1641387600000,107.32
1641391200000,119.48
1641394800000,137.28
1641398400000,148.09
1641402000000,139.88
1641405600000,135.75
1641409200000,119.93
1641412800000,98.09
1641416400000,118.71
1641420000000,99.68
1641423600000,99.85
1641427200000,101.32
1641430800000,110.01
1641434400000,111.55
1641438000000,123.37
1641441600000,149.94
1641445200000,185.92
1641448800000,228.25
1641452400000,228.92
1641456000000,212.9
1641459600000,215.5
1641463200000,231.9
1641466800000,226.0
1641470400000,209.2
1641474000000,216.06
1641477600000,230.77
1641481200000,245.95
1641484800000,274.11
1641488400000,273.44
1641492000000,245.48
1641495600000,226.14
1641499200000,208.31
1641502800000,178.75
1641506400000,124.7
1641510000000,128.92
1641513600000,118.4
1641517200000,103.01
1641520800000,101.91
1641524400000,101.98
1641528000000,114.99
1641531600000,140.19
1641535200000,152.64
1641538800000,160.97
1641542400000,161.85
1641546000000,161.37
1641549600000,166.06
1641553200000,166.54
1641556800000,166.04
1641560400000,169.43
1641564000000,189.7
1641567600000,201.97
1641571200000,243.11
1641574800000,253.81
1641578400000,237.05
1641582000000,224.33
1641585600000,213.81
1641589200000,185.94
1641592800000,148.32
1641596400000,164.17
1641600000000,152.83
1641603600000,166.0
1641607200000,160.86
1641610800000,160.0
1641614400000,154.3
1641618000000,166.0
1641621600000,182.91
1641625200000,215.89
1641628800000,231.0
1641632400000,228.95
1641636000000,215.39
1641639600000,206.68
1641643200000,185.0
1641646800000,169.52
1641650400000,162.8
1641654000000,161.34
1641657600000,189.9
1641661200000,170.71
1641664800000,140.23
1641668400000,102.54
1641672000000,102.18
1641675600000,102.29
1641679200000,90.05
1641682800000,85.03
1641686400000,84.4
1641690000000,80.24
1641693600000,55.46
1641697200000,49.29
1641700800000,50.64
1641704400000,74.29
1641708000000,84.44
1641711600000,97.26
1641715200000,119.97
1641718800000,134.96
1641722400000,149.4
1641726000000,165.13
1641729600000,165.06
1641733200000,170.09
1641736800000,189.04
1641740400000,190.96
1641744000000,223.3
1641747600000,243.94
1641751200000,240.0
1641754800000,230.82
1641758400000,214.02
1641762000000,215.88
1641765600000,203.8
1641769200000,196.23
1641772800000,191.85
1641776400000,195.91
1641780000000,186.66
1641783600000,178.04
1641787200000,191.65
1641790800000,237.44
1641794400000,299.95
1641798000000,313.92
1641801600000,315.0
1641805200000,310.41
1641808800000,310.08
1641812400000,300.0
1641816000000,297.01
1641819600000,299.96
1641823200000,306.45
1641826800000,302.73
1641830400000,315.47
1641834000000,310.82
1641837600000,294.98
1641841200000,267.45
1641844800000,242.29
1641848400000,217.03
1641852000000,195.83
1641855600000,210.34
1641859200000,202.42
1641862800000,197.6
1641866400000,193.0
1641870000000,194.9
1641873600000,204.45
1641877200000,237.13
1641880800000,298.68
1641884400000,302.02
1641888000000,297.16
1641891600000,277.02
1641895200000,266.43
1641898800000,254.92
1641902400000,248.89
1641906000000,255.01
1641909600000,277.9
1641913200000,289.94
1641916800000,316.4
1641920400000,315.9
1641924000000,309.2
1641927600000,285.33
1641931200000,245.44
1641934800000,237.27
1641938400000,212.49
1641942000000,196.65
1641945600000,187.1
1641949200000,184.27
1641952800000,179.58
1641956400000,178.33
1641960000000,193.5
1641963600000,240.56
1641967200000,273.18
1641970800000,300.1
1641974400000,292.74
1641978000000,275.5
1641981600000,258.65
1641985200000,245.11
1641988800000,232.08
1641992400000,234.77
1641996000000,240.01
1641999600000,255.0
1642003200000,284.82
1642006800000,285.97
1642010400000,269.03
1642014000000,235.25
1642017600000,191.5
1642021200000,193.69
1642024800000,172.18
1642028400000,173.14
1642032000000,161.69
1642035600000,153.58
1642039200000,147.07
1642042800000,152.47
1642046400000,171.26
1642050000000,192.03
1642053600000,215.24
1642057200000,235.9
1642060800000,219.99
1642064400000,180.08
1642068000000,170.16
1642071600000,152.53
1642075200000,134.13
1642078800000,171.01
1642082400000,201.59
1642086000000,205.38
1642089600000,220.3
1642093200000,212.76
1642096800000,210.0
1642100400000,192.69
1642104000000,164.46
1642107600000,164.2
1642111200000,122.09
1642114800000,120.04
1642118400000,110.03
1642122000000,108.24
1642125600000,107.46
1642129200000,109.82
1642132800000,140.52
1642136400000,176.04
1642140000000,190.97
1642143600000,216.99
1642147200000,196.91
1642150800000,162.92
1642154400000,160.04
1642158000000,154.01
1642161600000,152.29
1642165200000,186.94
1642168800000,217.18
1642172400000,224.91
1642176000000,262.0
1642179600000,260.04
1642183200000,234.32
1642186800000,215.04
1642190400000,204.39
1642194000000,194.29
1642197600000,184.9
1642201200000,222.01
1642204800000,205.08
1642208400000,194.62
1642212000000,182.64
1642215600000,187.83
1642219200000,190.58
1642222800000,190.27
1642226400000,204.46
1642230000000,212.84
1642233600000,230.0
1642237200000,222.39
1642240800000,214.92
1642244400000,208.43
1642248000000,200.0
1642251600000,203.09
1642255200000,213.98
1642258800000,226.32
1642262400000,260.0
1642266000000,267.03
1642269600000,261.41
1642273200000,243.62
1642276800000,220.1
1642280400000,212.85
1642284000000,209.41
1642287600000,225.92
1642291200000,216.0
1642294800000,189.49
1642298400000,181.98
1642302000000,174.98
1642305600000,165.91
1642309200000,118.71
1642312800000,119.45
1642316400000,125.86
1642320000000,129.46
1642323600000,125.99
1642327200000,131.83
1642330800000,123.01
1642334400000,122.49
1642338000000,102.67
1642341600000,121.95
1642345200000,115.0
1642348800000,125.42
1642352400000,112.4
1642356000000,97.49
1642359600000,90.14
1642363200000,97.09
1642366800000,93.85
1642370400000,87.2
1642374000000,78.08
1642377600000,34.0
1642381200000,12.33
1642384800000,10.09
1642388400000,12.83
1642392000000,36.16
1642395600000,92.03
1642399200000,102.8
1642402800000,126.0
1642406400000,100.9
1642410000000,112.03
1642413600000,111.25
1642417200000,100.58
1642420800000,111.65
1642424400000,127.38
1642428000000,168.85
1642431600000,199.85
1642435200000,249.99
1642438800000,254.37
1642442400000,237.28
1642446000000,220.0
1642449600000,215.94
1642453200000,209.16
1642456800000,180.0
1642460400000,188.94
1642464000000,192.68
1642467600000,180.09
1642471200000,188.09
1642474800000,193.99
1642478400000,205.07
1642482000000,229.1
1642485600000,273.71
1642489200000,294.4
1642492800000,290.64
1642496400000,275.4
1642500000000,265.1
1642503600000,250.0
1642507200000,244.27
1642510800000,243.02
1642514400000,249.22
1642518000000,260.0
1642521600000,278.0
1642525200000,276.39
1642528800000,255.03
1642532400000,237.28
1642536000000,224.19
1642539600000,190.78
1642543200000,175.49
1642546800000,169.01
1642550400000,163.48
1642554000000,162.93
1642557600000,160.01
1642561200000,163.16
1642564800000,165.59
1642568400000,198.39
1642572000000,227.42
1642575600000,261.65
1642579200000,252.67
1642582800000,221.75
1642586400000,193.62
1642590000000,170.14
1642593600000,160.47
1642597200000,164.13
1642600800000,180.5
1642604400000,179.26
1642608000000,173.99
1642611600000,167.34
1642615200000,135.61
1642618800000,125.05
1642622400000,120.9
1642626000000,118.08
1642629600000,97.16
1642633200000,90.05
1642636800000,78.94
1642640400000,75.05
1642644000000,72.13
1642647600000,70.99
1642651200000,87.7
1642654800000,96.26
1642658400000,118.95
1642662000000,140.51
1642665600000,130.27
1642669200000,128.47
1642672800000,111.95
1642676400000,94.15
1642680000000,85.54
1642683600000,105.37
1642687200000,111.32
1642690800000,134.86
1642694400000,176.05
1642698000000,192.74
1642701600000,180.0
1642705200000,152.33
1642708800000,137.91
1642712400000,131.76
1642716000000,121.39
1642719600000,119.19
1642723200000,117.87
1642726800000,110.92
1642730400000,113.14
1642734000000,119.15
1642737600000,120.73
1642741200000,148.76
1642744800000,207.59
1642748400000,223.15
1642752000000,215.79
1642755600000,206.51
1642759200000,206.43
1642762800000,190.0
1642766400000,170.08
1642770000000,169.29
1642773600000,190.0
1642777200000,177.44
1642780800000,179.99
1642784400000,165.05
1642788000000,145.81
1642791600000,139.73
1642795200000,132.25
1642798800000,133.59
1642802400000,120.01
1642806000000,123.58
1642809600000,120.3
1642813200000,119.99
1642816800000,121.8
1642820400000,123.57
1642824000000,123.68
1642827600000,120.0
1642831200000,148.35
1642834800000,186.0
1642838400000,207.46
1642842000000,211.25
1642845600000,209.69
1642849200000,200.83
1642852800000,188.54
1642856400000,185.88
1642860000000,196.5
1642863600000,197.25
1642867200000,222.31
1642870800000,230.82
1642874400000,214.32
1642878000000,207.14
1642881600000,190.33
1642885200000,193.52
1642888800000,175.07
1642892400000,171.69
1642896000000,183.01
1642899600000,185.22
1642903200000,179.73
1642906800000,179.04
1642910400000,179.49
1642914000000,168.23
1642917600000,172.45
1642921200000,184.93
1642924800000,195.31
1642928400000,195.34
1642932000000,195.87
1642935600000,195.41
1642939200000,186.29
1642942800000,184.49
1642946400000,190.0
1642950000000,194.0
1642953600000,214.95
1642957200000,239.49
1642960800000,242.97
1642964400000,224.96
1642968000000,204.84
1642971600000,201.0
1642975200000,179.97
1642978800000,183.33
1642982400000,179.61
1642986000000,178.3
1642989600000,177.46
1642993200000,177.61
1642996800000,187.48
1643000400000,225.19
1643004000000,265.0
1643007600000,300.02
1643011200000,299.39
1643014800000,275.88
1643018400000,270.0
1643022000000,245.84
1643025600000,240.08
1643029200000,244.0
1643032800000,256.49
1643036400000,273.57
1643040000000,307.38
1643043600000,341.85
1643047200000,315.31
1643050800000,274.98
1643054400000,250.0
1643058000000,226.81
1643061600000,206.92
1643065200000,215.98
1643068800000,212.9
1643072400000,203.75
1643076000000,196.24
1643079600000,198.99
1643083200000,219.03
1643086800000,279.96
1643090400000,356.24
1643094000000,399.85
1643097600000,399.01
1643101200000,360.0
1643104800000,347.4
1643108400000,328.92
1643112000000,305.0
1643115600000,310.0
1643119200000,313.0
1643122800000,318.67
1643126400000,366.43
1643130000000,399.06
1643133600000,373.75
1643137200000,309.68
1643140800000,265.0
1643144400000,240.89
1643148000000,215.17
1643151600000,209.57
1643155200000,212.36
1643158800000,215.41
1643162400000,209.89
1643166000000,209.14
1643169600000,215.09
1643173200000,240.16
1643176800000,294.88
1643180400000,312.32
1643184000000,312.69
1643187600000,300.02
1643191200000,282.65
1643194800000,259.68
1643198400000,241.54
1643202000000,238.24
1643205600000,236.76
1643209200000,240.11
1643212800000,268.08
1643216400000,262.46
1643220000000,224.45
1643223600000,217.43
1643227200000,171.34
1643230800000,142.94
1643234400000,122.34
1643238000000,131.59
1643241600000,115.02
1643245200000,108.65
1643248800000,100.94
1643252400000,103.06
1643256000000,110.03
1643259600000,104.03
1643263200000,138.79
1643266800000,138.23
1643270400000,128.79
1643274000000,128.74
1643277600000,127.8
1643281200000,126.24
1643284800000,135.78
1643288400000,139.66
1643292000000,138.69
1643295600000,137.58
1643299200000,141.17
1643302800000,125.96
1643306400000,114.73
1643310000000,104.04
1643313600000,110.1
1643317200000,101.19
1643320800000,86.31
1643324400000,82.03
1643328000000,84.03
1643331600000,81.59
1643335200000,77.26
1643338800000,100.7
1643342400000,100.69
1643346000000,121.69
1643349600000,175.29
1643353200000,186.17
1643356800000,198.05
1643360400000,190.92
1643364000000,220.07
1643367600000,214.74
1643371200000,231.6
1643374800000,233.67
1643378400000,237.08
1643382000000,237.92
1643385600000,260.0
1643389200000,255.6
1643392800000,222.37
1643396400000,222.74
1643400000000,177.8
1643403600000,148.98
1643407200000,123.36
1643410800000,130.25
1643414400000,115.01
1643418000000,105.64
1643421600000,77.57
1643425200000,43.95
1643428800000,79.07
1643432400000,32.94
1643436000000,85.64
1643439600000,85.18
1643443200000,101.13
1643446800000,88.51
1643450400000,118.32
1643454000000,101.02
1643457600000,85.64
1643461200000,105.59
1643464800000,100.01
1643468400000,108.14
1643472000000,118.75
1643475600000,123.02
1643479200000,101.19
1643482800000,84.47
1643486400000,51.62
1643490000000,88.81
1643493600000,79.63
1643497200000,2.3
1643500800000,4.49
1643504400000,10.08
1643508000000,10.01
1643511600000,10.15
1643515200000,11.37
1643518800000,3.73
1643522400000,9.95
1643526000000,11.09
1643529600000,11.98
1643533200000,11.09
1643536800000,11.78
1643540400000,10.0
1643544000000,10.0
1643547600000,11.69
1643551200000,14.04
1643554800000,60.06
1643558400000,171.74
1643562000000,158.07
1643565600000,163.37
1643569200000,157.94
1643572800000,158.13
1643576400000,159.94
1643580000000,144.21
1643583600000,122.16
1643587200000,110.17
1643590800000,105.3
1643594400000,100.0
1643598000000,100.13
1643601600000,135.4
1643605200000,185.14
1643608800000,240.0
1643612400000,248.92
1643616000000,251.92
1643619600000,248.08
1643623200000,243.42
1643626800000,238.11
1643630400000,221.52
1643634000000,206.28
1643637600000,191.75
1643641200000,193.54
1643644800000,240.67
1643648400000,253.93
1643652000000,240.4
1643655600000,231.59
1643659200000,212.96
1643662800000,201.96
1643666400000,161.51
1643670000000,160.15
1643673600000,154.54
1643677200000,156.24
1643680800000,155.17
1643684400000,165.13
1643688000000,163.01
1643691600000,206.15
1643695200000,239.17
1643698800000,243.72
1643702400000,213.0
1643706000000,209.94
1643709600000,172.81
1643713200000,143.7
1643716800000,137.69
1643720400000,130.9
1643724000000,126.42
1643727600000,124.2
1643731200000,127.37
1643734800000,129.95
1643738400000,121.63
1643742000000,101.03
1643745600000,84.66
1643749200000,84.61
1643752800000,54.74
1643756400000,35.54
1643760000000,11.84
1643763600000,10.05
1643767200000,10.36
1643770800000,20.03
1643774400000,67.31
1643778000000,105.03
1643781600000,136.92
1643785200000,150.15
1643788800000,136.14
1643792400000,134.6
1643796000000,135.71
1643799600000,133.1
1643803200000,138.92
1643806800000,155.13
1643810400000,193.09
1643814000000,201.53
1643817600000,238.01
1643821200000,266.9
1643824800000,265.0
1643828400000,237.0
1643832000000,203.47
1643835600000,195.21
1643839200000,184.26
1643842800000,156.98
1643846400000,159.06
1643850000000,159.33
1643853600000,157.56
1643857200000,158.81
1643860800000,162.92
1643864400000,192.17
1643868000000,209.91
1643871600000,226.97
1643875200000,223.33
1643878800000,213.26
1643882400000,209.0
1643886000000,194.85
1643889600000,191.46
1643893200000,196.97
1643896800000,209.67
1643900400000,207.61
1643904000000,224.15
1643907600000,237.78
1643911200000,224.96
1643914800000,209.53
1643918400000,186.82
1643922000000,187.24
1643925600000,145.05
1643929200000,138.71
1643932800000,128.0
1643936400000,126.17
1643940000000,127.69
1643943600000,124.27
1643947200000,120.37
1643950800000,151.45
1643954400000,192.43
1643958000000,219.12
1643961600000,169.66
1643965200000,133.05
1643968800000,133.0
1643972400000,131.04
1643976000000,120.57
1643979600000,117.45
1643983200000,117.81
1643986800000,119.04
1643990400000,128.44
1643994000000,151.28
1643997600000,119.27
1644001200000,106.86
1644004800000,108.21
1644008400000,105.57
1644012000000,87.38
1644015600000,98.96
1644019200000,88.81
1644022800000,65.56
1644026400000,49.98
1644030000000,57.59
1644033600000,63.11
1644037200000,84.95
1644040800000,114.57
1644044400000,115.88
1644048000000,135.14
1644051600000,102.51
1644055200000,114.34
1644058800000,88.77
1644062400000,74.32
1644066000000,69.03
1644069600000,87.82
1644073200000,120.12
1644076800000,150.6
1644080400000,146.6
1644084000000,115.86
1644087600000,106.12
1644091200000,39.87
1644094800000,31.98
1644098400000,10.98
1644102000000,10.36
1644105600000,9.23
1644109200000,5.8
1644112800000,0.17
1644116400000,1.38
1644120000000,7.45
1644123600000,0.12
1644127200000,4.2
1644130800000,10.84
1644134400000,12.36
1644138000000,13.75
1644141600000,20.68
1644145200000,85.2
1644148800000,90.23
1644152400000,70.05
1644156000000,70.02
1644159600000,94.93
1644163200000,116.52
1644166800000,125.0
1644170400000,118.7
1644174000000,102.05
1644177600000,90.35
1644181200000,112.47
1644184800000,94.96
1644188400000,20.04
1644192000000,15.91
1644195600000,14.27
1644199200000,10.08
1644202800000,13.8
1644206400000,21.0
1644210000000,60.9
1644213600000,128.07
1644217200000,130.17
1644220800000,127.26
1644224400000,95.0
1644228000000,94.96
1644231600000,70.43
1644235200000,30.83
1644238800000,22.05
1644242400000,80.04
1644246000000,108.08
1644249600000,148.74
1644253200000,169.94
1644256800000,160.1
1644260400000,155.01
1644264000000,129.64
1644267600000,123.16
1644271200000,102.74
1644274800000,121.96
1644278400000,112.08
1644282000000,107.86
1644285600000,104.97
1644289200000,104.12
1644292800000,109.32
1644296400000,134.05
1644300000000,128.54
1644303600000,146.16
1644307200000,131.13
1644310800000,120.06
1644314400000,125.35
1644318000000,122.14
1644321600000,119.41
1644325200000,123.95
1644328800000,149.0
1644332400000,161.94
1644336000000,196.98
1644339600000,209.56
1644343200000,199.95
1644346800000,182.94
1644350400000,139.82
1644354000000,132.71
1644357600000,123.39
1644361200000,115.08
1644364800000,114.87
1644368400000,118.79
1644372000000,109.58
1644375600000,116.95
1644379200000,119.34
1644382800000,139.38
1644386400000,177.16
1644390000000,180.64
1644393600000,179.5
1644397200000,127.06
1644400800000,122.01
1644404400000,123.35
1644408000000,136.91
1644411600000,149.42
1644415200000,179.92
1644418800000,189.95
1644422400000,219.0
1644426000000,249.12
1644429600000,257.28
1644433200000,231.79
1644436800000,215.81
1644440400000,211.79
1644444000000,196.7
1644447600000,200.46
1644451200000,192.61
1644454800000,185.1
1644458400000,172.23
1644462000000,172.91
1644465600000,174.88
1644469200000,203.67
1644472800000,233.46
1644476400000,240.32
1644480000000,225.56
1644483600000,199.99
1644487200000,193.67
1644490800000,169.97
1644494400000,167.9
1644498000000,176.35
1644501600000,184.55
1644505200000,195.98
1644508800000,215.77
1644512400000,229.58
1644516000000,212.49
1644519600000,187.28
1644523200000,179.37
1644526800000,176.91
1644530400000,136.66
1644534000000,180.01
1644537600000,176.73
1644541200000,168.87
1644544800000,164.09
1644548400000,165.0
1644552000000,171.3
1644555600000,196.95
1644559200000,221.46
1644562800000,221.78
1644566400000,179.53
1644570000000,151.36
1644573600000,135.02
1644577200000,128.35
1644580800000,133.68
1644584400000,140.61
1644588000000,168.15
1644591600000,191.92
1644595200000,220.57
1644598800000,243.35
1644602400000,241.18
1644606000000,221.31
1644609600000,213.13
1644613200000,205.48
1644616800000,190.1
1644620400000,195.91
1644624000000,187.2
1644627600000,184.89
1644631200000,170.24
1644634800000,166.0
1644638400000,162.45
1644642000000,160.64
1644645600000,162.56
1644649200000,157.24
1644652800000,121.8
1644656400000,115.76
1644660000000,121.27
1644663600000,97.47
1644667200000,87.12
1644670800000,89.83
1644674400000,116.85
1644678000000,171.56
1644681600000,194.89
1644685200000,191.8
1644688800000,140.88
1644692400000,121.12
1644696000000,104.74
1644699600000,109.29
1644703200000,101.7
1644706800000,88.07
1644710400000,98.65
1644714000000,99.78
1644717600000,99.14
1644721200000,104.22
1644724800000,99.91
1644728400000,93.99
1644732000000,88.55
1644735600000,88.06
1644739200000,60.0
1644742800000,73.03
1644746400000,67.23
1644750000000,30.08
1644753600000,43.25
1644757200000,50.12
1644760800000,81.78
1644764400000,92.47
1644768000000,115.71
1644771600000,119.11
1644775200000,92.33
1644778800000,87.18
1644782400000,81.39
1644786000000,88.59
1644789600000,63.23
1644793200000,46.55
1644796800000,13.33
1644800400000,12.94
1644804000000,13.78
1644807600000,35.25
1644811200000,87.91
1644814800000,104.25
1644818400000,117.19
1644822000000,117.11
1644825600000,98.58
1644829200000,94.91
1644832800000,95.89
1644836400000,98.52
1644840000000,104.18
1644843600000,107.01
1644847200000,114.51
1644850800000,144.52
1644854400000,184.58
1644858000000,197.13
1644861600000,167.3
1644865200000,148.44
1644868800000,115.49
1644872400000,123.05
1644876000000,110.94
1644879600000,112.68
1644883200000,114.82
1644886800000,112.3
1644890400000,118.28
1644894000000,126.86
1644897600000,152.72
1644901200000,204.2
1644904800000,234.06
1644908400000,250.06
1644912000000,240.0
1644915600000,220.43
1644919200000,199.03
1644922800000,182.56
1644926400000,150.85
1644930000000,149.28
1644933600000,157.27
1644937200000,145.26
1644940800000,173.23
1644944400000,174.29
1644948000000,115.28
1644951600000,105.31
1644955200000,91.51
1644958800000,101.91
1644962400000,87.91
1644966000000,94.68
1644969600000,93.97
1644973200000,99.45
1644976800000,106.67
1644980400000,103.6
1644984000000,110.4
1644987600000,134.02
1644991200000,184.7
1644994800000,194.83
1644998400000,174.52
1645002000000,137.84
1645005600000,136.04
1645009200000,118.22
1645012800000,111.4
1645016400000,105.65
1645020000000,97.57
1645023600000,99.11
1645027200000,110.76
1645030800000,118.61
1645034400000,117.99
1645038000000,102.9
1645041600000,95.01
1645045200000,95.01
1645048800000,74.12
1645052400000,17.92
1645056000000,15.04
1645059600000,15.02
1645063200000,13.97
1645066800000,15.04
1645070400000,33.02
1645074000000,90.93
1645077600000,123.22
1645081200000,107.23
1645084800000,102.55
1645088400000,95.06
1645092000000,77.47
1645095600000,65.06
1645099200000,35.98
1645102800000,42.68
1645106400000,67.3
1645110000000,86.08
1645113600000,108.83
1645117200000,110.63
1645120800000,101.54
1645124400000,86.9
1645128000000,86.48
1645131600000,86.3
1645135200000,63.04
1645138800000,71.45
1645142400000,62.57
1645146000000,74.76
1645149600000,84.92
1645153200000,95.19
1645156800000,119.09
1645160400000,140.99
1645164000000,185.05
1645167600000,189.28
1645171200000,173.24
1645174800000,150.0
1645178400000,130.99
1645182000000,123.17
1645185600000,106.81
1645189200000,99.89
1645192800000,99.26
1645196400000,97.42
1645200000000,113.84
1645203600000,130.9
1645207200000,140.49
1645210800000,115.87
1645214400000,109.75
1645218000000,115.66
1645221600000,92.46
1645225200000,73.73
1645228800000,54.32
1645232400000,16.63
1645236000000,14.38
1645239600000,10.96
1645243200000,9.06
1645246800000,0.1
1645250400000,3.62
1645254000000,9.42
1645257600000,1.94
1645261200000,0.0
1645264800000,-0.08
1645268400000,-0.35
1645272000000,-0.52
1645275600000,-0.08
1645279200000,0.08
1645282800000,15.69
1645286400000,99.95
1645290000000,121.97
1645293600000,112.63
1645297200000,102.52
1645300800000,101.89
1645304400000,101.99
1645308000000,100.93
1645311600000,104.38
1645315200000,99.9
1645318800000,98.71
1645322400000,92.01
1645326000000,88.53
1645329600000,87.17
1645333200000,80.0
1645336800000,80.08
1645340400000,88.28
1645344000000,95.06
1645347600000,98.22
1645351200000,95.09
1645354800000,88.15
1645358400000,51.8
1645362000000,43.11
1645365600000,21.24
1645369200000,21.56
1645372800000,63.16
1645376400000,76.93
1645380000000,51.28
1645383600000,20.02
1645387200000,15.39
1645390800000,40.06
1645394400000,14.62
1645398000000,10.73
1645401600000,7.48
1645405200000,5.71
1645408800000,1.43
1645412400000,7.6
1645416000000,14.37
1645419600000,19.75
1645423200000,106.69
1645426800000,110.06
1645430400000,88.28
1645434000000,65.51
1645437600000,78.22
1645441200000,92.02
1645444800000,99.9
1645448400000,104.92
1645452000000,108.77
1645455600000,103.46
1645459200000,117.78
1645462800000,135.59
1645466400000,123.63
1645470000000,110.71
1645473600000,102.0
1645477200000,102.83
1645480800000,92.55
1645484400000,89.99
1645488000000,82.14
1645491600000,80.34
1645495200000,79.9
1645498800000,88.16
1645502400000,95.36
1645506000000,117.86
1645509600000,185.78
1645513200000,211.59
1645516800000,180.27
1645520400000,144.08
1645524000000,135.04
1645527600000,121.25
1645531200000,117.66
1645534800000,118.87
1645538400000,125.29
1645542000000,136.7
1645545600000,155.21
1645549200000,162.62
1645552800000,135.49
1645556400000,108.62
1645560000000,100.54
1645563600000,99.99
1645567200000,85.08
1645570800000,81.79
1645574400000,78.96
1645578000000,82.28
1645581600000,88.34
1645585200000,97.32
1645588800000,101.7
1645592400000,118.36
1645596000000,147.54
1645599600000,155.03
1645603200000,126.44
1645606800000,109.43
1645610400000,103.51
1645614000000,89.9
1645617600000,89.9
1645621200000,100.9
1645624800000,109.49
1645628400000,162.8
1645632000000,205.72
1645635600000,230.0
1645639200000,236.86
1645642800000,187.04
1645646400000,164.6
1645650000000,146.62
1645653600000,107.6
1645657200000,115.07
1645660800000,113.04
1645664400000,110.33
1645668000000,109.29
1645671600000,112.36
1645675200000,116.77
1645678800000,168.5
1645682400000,184.77
1645686000000,160.0
1645689600000,137.34
1645693200000,117.47
1645696800000,112.78
1645700400000,107.58
1645704000000,105.02
1645707600000,105.1
1645711200000,112.4
1645714800000,113.73
1645718400000,146.57
1645722000000,155.38
1645725600000,134.74
1645729200000,110.07
1645732800000,104.53
1645736400000,109.95
1645740000000,98.51
1645743600000,94.78
1645747200000,100.4
1645750800000,98.67
1645754400000,99.61
1645758000000,100.25
1645761600000,95.98
1645765200000,116.99
1645768800000,133.53
1645772400000,125.02
1645776000000,107.16
1645779600000,98.38
1645783200000,100.25
1645786800000,89.93
1645790400000,97.07
1645794000000,93.67
1645797600000,98.52
1645801200000,119.54
1645804800000,146.87
1645808400000,190.05
1645812000000,198.07
1645815600000,160.68
1645819200000,145.54
1645822800000,135.13
1645826400000,132.89
1645830000000,150.09
1645833600000,152.6
1645837200000,174.05
1645840800000,187.92
1645844400000,190.69
1645848000000,237.17
1645851600000,249.98
1645855200000,263.46
1645858800000,275.57
1645862400000,267.37
1645866000000,245.75
1645869600000,213.02
1645873200000,196.64
1645876800000,178.97
1645880400000,177.04
1645884000000,197.47
1645887600000,225.08
1645891200000,259.9
1645894800000,299.0
1645898400000,300.7
1645902000000,277.91
1645905600000,235.8
1645909200000,242.15
1645912800000,212.09
1645916400000,195.65
1645920000000,180.7
1645923600000,174.44
1645927200000,172.31
1645930800000,174.5
1645934400000,177.1
1645938000000,186.05
1645941600000,191.54
1645945200000,189.37
1645948800000,173.75
1645952400000,154.07
1645956000000,144.76
1645959600000,116.53
1645963200000,114.0
1645966800000,111.68
1645970400000,151.54
1645974000000,176.15
1645977600000,229.9
1645981200000,275.76
1645984800000,274.5
1645988400000,220.7
1645992000000,197.8
1645995600000,197.78
1645999200000,197.22
1646002800000,177.39
1646006400000,174.06
1646010000000,185.57
1646013600000,178.26
1646017200000,197.0
1646020800000,217.0
1646024400000,284.97
1646028000000,322.9
1646031600000,308.9
1646035200000,267.3
1646038800000,163.82
1646042400000,145.55
1646046000000,137.09
1646049600000,135.4
1646053200000,141.17
1646056800000,198.24
1646060400000,253.79
1646064000000,280.56
1646067600000,300.0
1646071200000,282.19
1646074800000,207.32
1646078400000,137.24
1646082000000,163.3
1646085600000,140.09
1646089200000,143.17
1646092800000,143.15
1646096400000,149.74
1646100000000,163.5
1646103600000,173.15
1646107200000,194.03
1646110800000,268.04
1646114400000,286.73
1646118000000,284.91
1646121600000,217.58
1646125200000,179.33
1646128800000,222.33
1646132400000,220.0
1646136000000,221.5
1646139600000,235.02
1646143200000,261.24
1646146800000,283.2
1646150400000,315.87
1646154000000,362.75
1646157600000,354.11
1646161200000,315.87
1646164800000,286.0
1646168400000,266.94
1646172000000,245.47
1646175600000,251.04
1646179200000,248.43
1646182800000,242.06
1646186400000,233.14
1646190000000,233.62
1646193600000,250.0
1646197200000,291.55
1646200800000,329.07
1646204400000,337.09
1646208000000,298.1
1646211600000,267.85
1646215200000,257.95
1646218800000,245.82
1646222400000,234.99
1646226000000,236.29
1646229600000,249.66
1646233200000,272.58
1646236800000,316.56
1646240400000,384.83
1646244000000,385.0
1646247600000,321.09
1646251200000,288.47
1646254800000,265.78
1646258400000,249.66
1646262000000,331.16
1646265600000,322.53
1646269200000,316.0
1646272800000,307.01
1646276400000,307.3
1646280000000,332.27
1646283600000,371.41
1646287200000,405.0
1646290800000,400.0
1646294400000,359.96
1646298000000,294.76
1646301600000,276.94
1646305200000,266.04
1646308800000,269.92
1646312400000,293.02
1646316000000,319.58
1646319600000,336.53
1646323200000,398.53
1646326800000,410.0
1646330400000,405.05
1646334000000,390.0
1646337600000,350.0
1646341200000,333.88
1646344800000,319.9
1646348400000,351.07
1646352000000,346.6
1646355600000,329.4
1646359200000,304.05
1646362800000,315.0
1646366400000,349.07
1646370000000,398.6
1646373600000,410.0
1646377200000,410.05
1646380800000,385.16
1646384400000,362.95
1646388000000,349.78
1646391600000,310.69
1646395200000,292.16
1646398800000,307.43
1646402400000,329.95
1646406000000,355.77
1646409600000,380.94
1646413200000,410.0
1646416800000,410.0
1646420400000,400.08
1646424000000,381.83
1646427600000,359.07
1646431200000,361.01
1646434800000,363.87
1646438400000,360.0
1646442000000,350.0
1646445600000,330.0
1646449200000,338.85
1646452800000,347.04
1646456400000,369.0
1646460000000,378.1
1646463600000,370.53
1646467200000,322.34
1646470800000,293.81
1646474400000,290.57
1646478000000,279.3
1646481600000,260.35
1646485200000,260.56
1646488800000,301.36
1646492400000,339.99
1646496000000,385.63
1646499600000,405.78
1646503200000,409.3
1646506800000,400.0
1646510400000,377.25
1646514000000,369.63
1646517600000,362.4
1646521200000,390.61
1646524800000,353.0
1646528400000,345.16
1646532000000,334.21
1646535600000,339.44
1646539200000,342.09
1646542800000,350.06
1646546400000,340.44
1646550000000,336.52
1646553600000,210.01
1646557200000,259.02
1646560800000,268.05
1646564400000,279.0
1646568000000,249.18
1646571600000,246.29
1646575200000,281.41
1646578800000,308.1
1646582400000,385.16
1646586000000,435.08
1646589600000,454.28
1646593200000,436.35
1646596800000,412.02
1646600400000,412.02
1646604000000,411.65
1646607600000,377.56
1646611200000,369.83
1646614800000,368.94
1646618400000,359.21
1646622000000,361.71
1646625600000,397.23
1646629200000,465.77
1646632800000,512.36
1646636400000,515.01
1646640000000,483.0
1646643600000,390.61
1646647200000,341.84
1646650800000,340.22
1646654400000,320.8
1646658000000,312.82
1646661600000,351.54
1646665200000,400.0
1646668800000,450.39
1646672400000,507.54
1646676000000,522.91
1646679600000,475.0
1646683200000,434.97
1646686800000,415.42
1646690400000,367.72
1646694000000,456.05
1646697600000,449.5
1646701200000,449.5
1646704800000,424.88
1646708400000,437.51
1646712000000,457.57
1646715600000,622.3
1646719200000,690.0
1646722800000,650.0
1646726400000,541.51
1646730000000,353.31
1646733600000,333.83
1646737200000,316.52
1646740800000,294.77
1646744400000,310.6
1646748000000,366.99
1646751600000,514.31
1646755200000,603.08
1646758800000,674.93
1646762400000,700.0
1646766000000,619.92
1646769600000,542.9
1646773200000,492.05
1646776800000,399.73
1646780400000,430.07
1646784000000,408.91
1646787600000,418.38
1646791200000,420.03
1646794800000,420.03
1646798400000,440.0
1646802000000,523.76
1646805600000,579.45
1646809200000,554.76
1646812800000,449.99
1646816400000,389.0
1646820000000,350.83
1646823600000,305.11
1646827200000,316.75
1646830800000,341.86
1646834400000,382.44
1646838000000,425.09
1646841600000,529.43
1646845200000,574.93
1646848800000,605.0
1646852400000,528.03
1646856000000,448.75
1646859600000,449.06
1646863200000,418.45
1646866800000,350.0
1646870400000,320.0
1646874000000,321.59
1646877600000,310.09
1646881200000,310.07
1646884800000,335.01
1646888400000,414.66
1646892000000,436.06
1646895600000,421.17
1646899200000,311.99
1646902800000,240.33
1646906400000,199.82
1646910000000,171.7
1646913600000,150.01
1646917200000,162.66
1646920800000,199.85
1646924400000,276.58
1646928000000,379.95
1646931600000,412.4
1646935200000,326.39
1646938800000,179.01
1646942400000,173.6
1646946000000,172.74
1646949600000,123.93
1646953200000,88.96
1646956800000,91.02
1646960400000,88.93
1646964000000,97.03
1646967600000,91.15
1646971200000,109.92
1646974800000,172.57
1646978400000,185.06
1646982000000,112.35
1646985600000,67.3
1646989200000,23.07
1646992800000,15.52
1646996400000,10.1
1647000000000,0.1
1647003600000,0.08
1647007200000,10.04
1647010800000,23.87
1647014400000,118.86
1647018000000,170.06
1647021600000,151.98
1647025200000,84.48
1647028800000,69.77
1647032400000,81.05
1647036000000,67.27
1647039600000,68.93
1647043200000,69.07
1647046800000,72.97
1647050400000,72.99
1647054000000,72.93
1647057600000,73.11
1647061200000,89.05
1647064800000,87.52
1647068400000,79.07
1647072000000,78.9
1647075600000,72.95
1647079200000,67.84
1647082800000,72.91
1647086400000,68.95
1647090000000,80.07
1647093600000,118.95
1647097200000,189.3
1647100800000,287.3
1647104400000,323.3
1647108000000,235.0
1647111600000,173.0
1647115200000,176.5
1647118800000,182.51
1647122400000,168.88
1647126000000,160.1
1647129600000,150.01
1647133200000,124.27
1647136800000,102.54
1647140400000,130.25
1647144000000,120.7
1647147600000,100.05
1647151200000,90.92
1647154800000,77.49
1647158400000,72.82
1647162000000,56.15
1647165600000,30.07
1647169200000,24.76
1647172800000,8.55
1647176400000,10.05
1647180000000,30.07
1647183600000,104.03
1647187200000,212.12
1647190800000,234.21
1647194400000,199.9
1647198000000,170.08
1647201600000,163.12
1647205200000,190.67
1647208800000,199.42
1647212400000,205.9
1647216000000,204.44
1647219600000,211.64
1647223200000,207.03
1647226800000,219.91
1647230400000,230.06
1647234000000,301.92
1647237600000,335.88
1647241200000,344.24
1647244800000,300.83
1647248400000,265.91
1647252000000,258.34
1647255600000,240.57
1647259200000,224.25
1647262800000,218.34
1647266400000,269.8
1647270000000,293.02
1647273600000,346.5
1647277200000,390.01
1647280800000,435.42
1647284400000,365.26
1647288000000,322.7
1647291600000,300.73
1647295200000,261.86
1647298800000,248.92
1647302400000,245.03
1647306000000,241.79
1647309600000,240.07
1647313200000,242.69
1647316800000,262.4
1647320400000,318.93
1647324000000,340.29
1647327600000,349.98
1647331200000,329.45
1647334800000,318.46
1647338400000,296.17
1647342000000,279.49
1647345600000,283.24
1647349200000,287.96
1647352800000,297.17
1647356400000,317.53
1647360000000,332.36
1647363600000,375.0
1647367200000,405.02
1647370800000,335.24
1647374400000,312.09
1647378000000,288.99
1647381600000,264.63
1647385200000,253.41
1647388800000,251.4
1647392400000,247.5
1647396000000,240.01
1647399600000,238.5
1647403200000,249.72
1647406800000,296.96
1647410400000,317.7
1647414000000,314.0
1647417600000,295.94
1647421200000,276.6
1647424800000,260.14
1647428400000,207.44
1647432000000,204.01
1647435600000,200.03
1647439200000,198.22
1647442800000,248.97
1647446400000,294.92
1647450000000,319.13
1647453600000,296.49
1647457200000,215.58
1647460800000,165.96
1647464400000,165.22
1647468000000,129.27
1647471600000,157.27
1647475200000,127.99
1647478800000,119.71
1647482400000,126.58
1647486000000,147.97
1647489600000,180.0
1647493200000,206.5
1647496800000,262.89
1647500400000,270.0
1647504000000,254.94
1647507600000,211.6
1647511200000,220.02
1647514800000,206.21
1647518400000,214.09
1647522000000,229.97
1647525600000,246.2
1647529200000,257.36
1647532800000,276.22
1647536400000,310.03
1647540000000,347.21
1647543600000,295.92
1647547200000,259.29
1647550800000,244.66
1647554400000,237.2
1647558000000,203.03
1647561600000,206.97
1647565200000,201.38
1647568800000,206.5
1647572400000,209.9
1647576000000,217.06
1647579600000,262.97
1647583200000,291.51
1647586800000,287.81
1647590400000,249.9
1647594000000,228.58
1647597600000,204.87
1647601200000,205.01
1647604800000,201.14
1647608400000,200.31
1647612000000,202.48
1647615600000,212.4
1647619200000,245.54
1647622800000,275.31
1647626400000,286.52
1647630000000,251.15
1647633600000,216.95
1647637200000,228.5
1647640800000,197.81
1647644400000,196.67
1647648000000,194.82
1647651600000,187.02
1647655200000,187.0
1647658800000,185.06
1647662400000,190.8
1647666000000,198.23
1647669600000,204.14
1647673200000,196.11
1647676800000,135.07
1647680400000,99.55
1647684000000,85.08
1647687600000,69.71
1647691200000,10.0
1647694800000,8.84
1647698400000,14.74
1647702000000,79.0
1647705600000,151.01
1647709200000,192.8
1647712800000,173.27
1647716400000,119.96
1647720000000,89.99
1647723600000,91.13
1647727200000,82.85
1647730800000,84.04
1647734400000,70.99
1647738000000,74.78
1647741600000,68.38
1647745200000,75.9
1647748800000,75.9
1647752400000,68.53
1647756000000,20.56
1647759600000,8.81
1647763200000,0.07
1647766800000,-0.1
1647770400000,-5.31
1647774000000,-16.81
1647777600000,-19.04
1647781200000,-13.35
1647784800000,-1.06
1647788400000,0.06
1647792000000,69.93
1647795600000,122.32
1647799200000,122.95
1647802800000,85.97
1647806400000,80.08
1647810000000,110.07
1647813600000,93.36
1647817200000,114.18
1647820800000,118.82
1647824400000,118.85
1647828000000,119.0
1647831600000,137.03
1647835200000,189.41
1647838800000,264.0
1647842400000,288.0
1647846000000,270.6
1647849600000,196.47
1647853200000,153.06
1647856800000,163.68
1647860400000,156.99
1647864000000,171.35
1647867600000,170.67
1647871200000,212.63
1647874800000,232.98
1647878400000,273.68
1647882000000,309.6
1647885600000,336.98
1647889200000,277.16
1647892800000,240.91
1647896400000,222.81
1647900000000,199.25
1647903600000,223.0
1647907200000,215.0
1647910800000,207.0
1647914400000,206.36
1647918000000,203.0
1647921600000,220.92
1647925200000,273.7
1647928800000,287.34
1647932400000,281.1
1647936000000,240.15
1647939600000,199.9
1647943200000,192.2
1647946800000,183.66
1647950400000,185.21
1647954000000,193.92
1647957600000,199.86
1647961200000,230.01
1647964800000,269.97
1647968400000,301.03
1647972000000,351.0
1647975600000,290.84
1647979200000,255.9
1647982800000,242.27
1647986400000,222.38
1647990000000,215.39
1647993600000,200.05
1647997200000,200.62
1648000800000,198.08
1648004400000,204.09
1648008000000,226.15
1648011600000,275.45
1648015200000,299.25
1648018800000,280.72
1648022400000,217.11
1648026000000,199.7
1648029600000,191.54
1648033200000,181.07
1648036800000,181.93
1648040400000,190.31
1648044000000,202.34
1648047600000,217.99
1648051200000,266.05
1648054800000,312.28
1648058400000,374.14
1648062000000,311.03
1648065600000,270.0
1648069200000,245.12
1648072800000,216.4
1648076400000,213.01
1648080000000,212.33
1648083600000,211.5
1648087200000,211.8
1648090800000,212.93
1648094400000,223.32
1648098000000,282.97
1648101600000,305.07
1648105200000,267.73
1648108800000,218.91
1648112400000,194.92
1648116000000,194.94
1648119600000,185.97
1648123200000,181.94
1648126800000,192.7
1648130400000,208.42
1648134000000,232.58
1648137600000,266.99
1648141200000,310.76
1648144800000,371.11
1648148400000,295.4
1648152000000,256.86
1648155600000,240.04
1648159200000,219.76
1648162800000,262.48
1648166400000,244.31
1648170000000,234.29
1648173600000,230.15
1648177200000,226.01
1648180800000,254.91
1648184400000,315.0
1648188000000,333.86
1648191600000,285.12
1648195200000,248.37
1648198800000,185.6
1648202400000,185.87
1648206000000,172.57
1648209600000,169.75
1648213200000,178.57
1648216800000,210.0
1648220400000,251.07
1648224000000,276.28
1648227600000,300.77
1648231200000,339.9
1648234800000,283.38
1648238400000,242.2
1648242000000,244.56
1648245600000,190.07
1648249200000,235.96
1648252800000,221.16
1648256400000,185.58
1648260000000,191.02
1648263600000,206.58
1648267200000,216.18
1648270800000,199.56
1648274400000,190.28
1648278000000,152.18
1648281600000,159.37
1648285200000,110.05
1648288800000,85.94
1648292400000,83.11
1648296000000,80.38
1648299600000,89.35
1648303200000,157.71
1648306800000,199.95
1648310400000,232.42
1648314000000,262.5
1648317600000,292.24
1648321200000,270.07
1648324800000,244.98
1648328400000,244.94
1648332000000,237.75
1648335600000,235.0
1648339200000,221.93
1648342800000,214.02
1648346400000,212.0
1648350000000,211.09
1648353600000,210.31
1648357200000,214.03
1648360800000,214.08
1648364400000,214.07
1648368000000,205.02
1648371600000,194.4
1648375200000,161.5
1648378800000,89.9
1648382400000,77.97
1648386000000,92.0
1648389600000,141.59
1648393200000,194.83
1648396800000,220.0
1648400400000,263.02
1648404000000,281.68
1648407600000,265.63
1648411200000,251.59
1648414800000,228.0
1648418400000,196.0
1648422000000,192.04
1648425600000,189.45
1648429200000,194.89
1648432800000,195.01
1648436400000,208.62
1648440000000,274.95
1648443600000,316.95
1648447200000,313.95
1648450800000,266.98
1648454400000,224.94
1648458000000,204.14
1648461600000,173.87
1648465200000,163.51
1648468800000,130.99
1648472400000,161.5
1648476000000,170.68
1648479600000,197.56
1648483200000,260.31
1648486800000,304.62
1648490400000,274.06
1648494000000,252.61
1648497600000,229.53
1648501200000,220.54
1648504800000,209.83
1648508400000,210.18
1648512000000,208.96
1648515600000,210.0
1648519200000,209.87
1648522800000,225.27
1648526400000,270.27
1648530000000,302.12
1648533600000,318.74
1648537200000,299.9
1648540800000,278.48
1648544400000,275.94
1648548000000,236.43
1648551600000,230.85
1648555200000,223.52
1648558800000,222.41
1648562400000,228.01
1648566000000,246.53
1648569600000,280.04
1648573200000,302.49
1648576800000,297.67
1648580400000,260.04
1648584000000,237.0
1648587600000,219.84
1648591200000,233.07
1648594800000,228.86
1648598400000,229.61
1648602000000,229.08
1648605600000,232.33
1648609200000,242.0
1648612800000,283.0
1648616400000,315.0
1648620000000,346.91
1648623600000,328.11
1648627200000,302.07
1648630800000,312.56
1648634400000,295.99
1648638000000,272.89
1648641600000,278.3
1648645200000,266.52
1648648800000,256.34
1648652400000,269.81
1648656000000,294.7
1648659600000,309.97
1648663200000,285.73
1648666800000,253.36
1648670400000,240.52
1648674000000,197.92
1648677600000,200.66
1648681200000,204.29
1648684800000,195.02
1648688400000,181.93
1648692000000,186.3
1648695600000,200.69
1648699200000,270.0
1648702800000,305.76
1648706400000,324.23
1648710000000,271.0
1648713600000,250.75
1648717200000,219.54
1648720800000,203.92
1648724400000,193.43
1648728000000,190.8
1648731600000,185.62
1648735200000,184.96
1648738800000,188.01
1648742400000,200.01
1648746000000,229.49
1648749600000,199.08
1648753200000,164.35
1648756800000,150.64
1648760400000,120.08
1648764000000,111.72
1648767600000,99.64
1648771200000,94.48
1648774800000,99.59
1648778400000,109.02
1648782000000,140.01
1648785600000,178.63
1648789200000,200.03
1648792800000,208.47
1648796400000,200.35
1648800000000,193.08
1648803600000,181.14
1648807200000,171.94
1648810800000,159.91
1648814400000,147.1
1648818000000,140.82
1648821600000,142.33
1648825200000,172.4
1648828800000,191.7
1648832400000,205.96
1648836000000,200.19
1648839600000,174.92
1648843200000,167.85
1648846800000,151.86
1648850400000,112.01
1648854000000,125.01
1648857600000,131.72
1648861200000,140.54
1648864800000,131.79
1648868400000,145.07
1648872000000,135.84
1648875600000,168.06
1648879200000,190.3
1648882800000,192.15
1648886400000,169.77
1648890000000,166.94
1648893600000,160.63
1648897200000,132.18
1648900800000,120.6
1648904400000,128.45
1648908000000,137.45
1648911600000,171.27
1648915200000,227.6
1648918800000,259.15
1648922400000,241.63
1648926000000,210.0
1648929600000,206.14
1648933200000,189.38
1648936800000,199.08
1648940400000,193.08
1648944000000,195.76
1648947600000,194.44
1648951200000,195.55
1648954800000,193.82
1648958400000,190.88
1648962000000,192.6
1648965600000,197.24
1648969200000,182.07
1648972800000,180.76
1648976400000,179.13
1648980000000,174.2
1648983600000,119.64
1648987200000,97.07
1648990800000,104.0
1648994400000,121.39
1648998000000,132.21
1649001600000,177.39
1649005200000,211.79
1649008800000,204.95
1649012400000,179.74
1649016000000,177.45
1649019600000,155.03
1649023200000,118.63
1649026800000,91.81
1649030400000,88.0
1649034000000,81.56
1649037600000,87.49
1649041200000,91.6
1649044800000,133.0
1649048400000,120.6
1649052000000,101.16
1649055600000,87.6
1649059200000,74.54
1649062800000,68.27
1649066400000,40.08
1649070000000,30.98
1649073600000,25.6
1649077200000,37.56
1649080800000,47.24
1649084400000,69.78
1649088000000,69.93
1649091600000,74.86
1649095200000,74.52
1649098800000,69.96
1649102400000,72.98
1649106000000,50.09
1649109600000,23.53
1649113200000,30.0
1649116800000,35.09
1649120400000,42.35
1649124000000,74.53
1649127600000,83.97
1649131200000,163.27
1649134800000,220.07
1649138400000,232.03
1649142000000,229.51
1649145600000,227.0
1649149200000,230.09
1649152800000,214.24
1649156400000,222.98
1649160000000,208.49
1649163600000,222.97
1649167200000,224.41
1649170800000,262.21
1649174400000,278.24
1649178000000,309.93
1649181600000,277.91
1649185200000,226.47
1649188800000,189.65
1649192400000,163.64
1649196000000,112.87
1649199600000,140.0
1649203200000,126.56
1649206800000,121.67
1649210400000,126.59
1649214000000,118.48
1649217600000,165.6
1649221200000,177.84
1649224800000,175.3
1649228400000,159.36
1649232000000,95.69
1649235600000,74.86
1649239200000,77.8
1649242800000,74.73
1649246400000,71.98
1649250000000,74.75
1649253600000,74.81
1649257200000,126.26
1649260800000,165.54
1649264400000,178.43
1649268000000,171.0
1649271600000,132.42
1649275200000,109.11
1649278800000,60.37
1649282400000,73.02
1649286000000,67.74
1649289600000,59.64
1649293200000,67.58
1649296800000,73.58
1649300400000,74.13
1649304000000,74.5
1649307600000,90.03
1649311200000,113.23
1649314800000,77.35
1649318400000,71.93
1649322000000,71.94
1649325600000,77.38
1649329200000,70.38
1649332800000,70.15
1649336400000,73.35
1649340000000,74.82
1649343600000,80.91
1649347200000,82.06
1649350800000,94.41
1649354400000,79.56
1649358000000,65.45
1649361600000,69.19
1649365200000,27.35
1649368800000,2.02
1649372400000,1.03
1649376000000,1.02
1649379600000,2.47
1649383200000,8.58
1649386800000,44.51
1649390400000,95.37
1649394000000,147.26
1649397600000,150.0
1649401200000,87.0
1649404800000,81.85
1649408400000,86.54
1649412000000,88.19
1649415600000,91.41
1649419200000,130.77
1649422800000,166.11
1649426400000,186.11
1649430000000,202.31
1649433600000,229.9
1649437200000,267.77
1649440800000,259.04
1649444400000,221.8
1649448000000,189.8
1649451600000,159.98
1649455200000,119.25
1649458800000,110.6
1649462400000,92.51
1649466000000,83.22
1649469600000,79.12
1649473200000,76.14
1649476800000,76.56
1649480400000,88.15
1649484000000,82.9
1649487600000,69.72
1649491200000,25.14
1649494800000,5.04
1649498400000,-0.01
1649502000000,-0.28
1649505600000,-2.49
1649509200000,-0.1
1649512800000,-0.03
1649516400000,1.98
1649520000000,75.81
1649523600000,96.97
1649527200000,105.0
1649530800000,90.95
1649534400000,89.77
1649538000000,69.88
1649541600000,70.96
1649545200000,26.15
1649548800000,24.59
1649552400000,25.67
1649556000000,40.04
1649559600000,36.85
1649563200000,25.95
1649566800000,45.02
1649570400000,35.76
1649574000000,22.23
1649577600000,12.29
1649581200000,13.0
1649584800000,5.31
1649588400000,0.1
1649592000000,0.09
1649595600000,0.42
1649599200000,8.52
1649602800000,71.03
1649606400000,139.9
1649610000000,233.51
1649613600000,252.18
1649617200000,239.54
1649620800000,238.28
1649624400000,224.3
1649628000000,182.38
1649631600000,184.98
1649635200000,184.6
1649638800000,185.68
1649642400000,195.55
1649646000000,220.56
1649649600000,264.91
1649653200000,299.93
1649656800000,285.03
1649660400000,255.0
1649664000000,214.92
1649667600000,190.71
1649671200000,187.85
1649674800000,181.84
1649678400000,179.98
1649682000000,179.77
1649685600000,182.86
1649689200000,219.39
1649692800000,263.32
1649696400000,296.99
1649700000000,290.37
1649703600000,267.81
1649707200000,247.99
1649710800000,204.4
1649714400000,192.9
1649718000000,188.71
1649721600000,184.13
1649725200000,183.0
1649728800000,185.55
1649732400000,191.53
1649736000000,229.54
1649739600000,268.78
1649743200000,260.33
1649746800000,219.02
1649750400000,182.51
1649754000000,172.32
1649757600000,136.12
1649761200000,110.02
1649764800000,100.01
1649768400000,118.14
1649772000000,139.9
1649775600000,179.4
1649779200000,215.47
1649782800000,235.09
1649786400000,233.47
1649790000000,189.08
1649793600000,177.46
1649797200000,137.74
1649800800000,161.67
1649804400000,165.81
1649808000000,163.31
1649811600000,167.63
1649815200000,180.73
1649818800000,212.32
1649822400000,248.74
1649826000000,267.52
1649829600000,273.83
1649833200000,254.25
1649836800000,212.9
1649840400000,192.45
1649844000000,188.72
1649847600000,195.04
1649851200000,200.05
1649854800000,196.0
1649858400000,200.47
1649862000000,241.25
1649865600000,266.2
1649869200000,298.95
1649872800000,301.63
1649876400000,269.03
1649880000000,250.0
1649883600000,231.94
1649887200000,232.45
1649890800000,207.63
1649894400000,200.14
1649898000000,198.05
1649901600000,199.97
1649905200000,204.46
1649908800000,254.0
1649912400000,272.33
1649916000000,282.11
1649919600000,252.78
1649923200000,216.35
1649926800000,212.54
1649930400000,202.24
1649934000000,195.19
1649937600000,193.64
1649941200000,191.99
1649944800000,194.53
1649948400000,212.8
1649952000000,244.94
1649955600000,271.07
1649959200000,272.31
1649962800000,265.46
1649966400000,253.68
1649970000000,234.36
1649973600000,214.9
1649977200000,198.45
1649980800000,194.28
1649984400000,190.49
1649988000000,191.86
1649991600000,196.86
1649995200000,205.33
1649998800000,220.78
1650002400000,209.88
1650006000000,189.92
1650009600000,190.62
1650013200000,186.55
1650016800000,160.03
1650020400000,167.65
1650024000000,157.38
1650027600000,151.11
1650031200000,155.01
1650034800000,179.32
1650038400000,196.21
1650042000000,228.35
1650045600000,235.99
1650049200000,208.84
1650052800000,205.09
1650056400000,196.24
1650060000000,191.16
1650063600000,183.37
1650067200000,178.0
1650070800000,174.21
1650074400000,171.81
1650078000000,179.54
1650081600000,188.98
1650085200000,191.12
1650088800000,189.6
1650092400000,172.62
1650096000000,146.58
1650099600000,121.99
1650103200000,82.36
1650106800000,52.9
1650110400000,33.78
1650114000000,40.32
1650117600000,65.84
1650121200000,107.71
1650124800000,171.19
1650128400000,195.08
1650132000000,205.81
1650135600000,194.47
1650139200000,175.84
1650142800000,166.88
1650146400000,160.22
1650150000000,139.97
1650153600000,121.76
1650157200000,123.38
1650160800000,133.96
1650164400000,139.96
1650168000000,146.1
1650171600000,144.01
1650175200000,133.55
1650178800000,100.0
1650182400000,75.92
1650186000000,41.29
1650189600000,20.73
1650193200000,0.07
1650196800000,0.0
1650200400000,0.08
1650204000000,15.0
1650207600000,66.2
1650211200000,158.02
1650214800000,182.55
1650218400000,191.54
1650222000000,187.88
1650225600000,171.46
1650229200000,158.07
1650232800000,95.9
1650236400000,81.0
1650240000000,84.0
1650243600000,81.0
1650247200000,85.25
1650250800000,92.31
1650254400000,95.23
1650258000000,105.0
1650261600000,108.65
1650265200000,101.18
1650268800000,95.51
1650272400000,82.92
1650276000000,75.98
1650279600000,61.17
1650283200000,45.0
1650286800000,60.58
1650290400000,82.92
1650294000000,121.25
1650297600000,189.84
1650301200000,240.3
1650304800000,250.73
1650308400000,226.6
1650312000000,221.23
1650315600000,202.0
1650319200000,205.0
1650322800000,192.98
1650326400000,191.14
1650330000000,190.95
1650333600000,190.0
1650337200000,200.61
1650340800000,251.27
1650344400000,291.43
1650348000000,295.43
1650351600000,255.71
1650355200000,232.54
1650358800000,207.71
1650362400000,193.56
1650366000000,187.06
1650369600000,176.57
1650373200000,176.11
1650376800000,168.94
1650380400000,193.33
1650384000000,224.93
1650387600000,239.03
1650391200000,240.01
1650394800000,223.6
1650398400000,200.0
1650402000000,184.2
1650405600000,191.0
1650409200000,189.55
1650412800000,183.1
1650416400000,183.28
1650420000000,183.38
1650423600000,197.96
1650427200000,227.24
1650430800000,249.92
1650434400000,249.9
1650438000000,209.96
1650441600000,193.5
1650445200000,188.91
1650448800000,175.87
1650452400000,168.37
1650456000000,158.9
1650459600000,171.95
1650463200000,175.85
1650466800000,196.15
1650470400000,222.95
1650474000000,249.0
1650477600000,250.0
1650481200000,239.18
1650484800000,220.1
1650488400000,201.97
1650492000000,188.55
1650495600000,179.92
1650499200000,181.08
1650502800000,178.92
1650506400000,180.5
1650510000000,199.92
1650513600000,229.76
1650517200000,256.02
1650520800000,256.25
1650524400000,232.26
1650528000000,207.93
1650531600000,197.01
1650535200000,185.06
1650538800000,176.25
1650542400000,167.93
1650546000000,168.05
1650549600000,173.4
1650553200000,185.34
1650556800000,204.96
1650560400000,220.62
1650564000000,223.61
1650567600000,220.44
1650571200000,199.71
1650574800000,174.62
1650578400000,191.07
1650582000000,183.93
1650585600000,187.01
1650589200000,179.41
1650592800000,176.09
1650596400000,189.58
1650600000000,218.07
1650603600000,239.95
1650607200000,244.1
1650610800000,221.05
1650614400000,196.56
1650618000000,156.71
1650621600000,122.43
1650625200000,98.52
1650628800000,86.77
1650632400000,86.77
1650636000000,102.34
1650639600000,137.0
1650643200000,180.26
1650646800000,209.61
1650650400000,209.97
1650654000000,185.0
1650657600000,190.17
1650661200000,147.32
1650664800000,130.46
1650668400000,116.44
1650672000000,108.65
1650675600000,119.04
1650679200000,119.4
1650682800000,122.32
1650686400000,128.32
1650690000000,143.64
1650693600000,141.5
1650697200000,82.69
1650700800000,55.43
1650704400000,15.92
1650708000000,2.43
1650711600000,0.01
1650715200000,0.08
1650718800000,5.07
1650722400000,20.45
1650726000000,94.85
1650729600000,138.87
1650733200000,168.19
1650736800000,171.36
1650740400000,138.05
1650744000000,118.23
1650747600000,97.95
1650751200000,100.58
1650754800000,93.14
1650758400000,91.92
1650762000000,87.88
1650765600000,84.06
1650769200000,87.84
1650772800000,87.81
1650776400000,95.1
1650780000000,96.51
1650783600000,81.88
1650787200000,74.9
1650790800000,73.03
1650794400000,54.86
1650798000000,34.51
1650801600000,34.2
1650805200000,44.09
1650808800000,72.81
1650812400000,111.73
1650816000000,165.01
1650819600000,198.65
1650823200000,224.95
1650826800000,216.66
1650830400000,205.73
1650834000000,186.99
1650837600000,184.96
1650841200000,183.78
1650844800000,185.63
1650848400000,186.1
1650852000000,188.12
1650855600000,200.06
1650859200000,237.23
1650862800000,261.87
1650866400000,272.47
1650870000000,249.06
1650873600000,232.59
1650877200000,227.97
1650880800000,211.0
1650884400000,200.0
1650888000000,194.9
1650891600000,191.99
1650895200000,189.5
1650898800000,209.25
1650902400000,252.71
1650906000000,273.88
1650909600000,275.71
1650913200000,264.93
1650916800000,254.0
1650920400000,235.44
1650924000000,212.54
1650927600000,205.01
1650931200000,204.59
1650934800000,201.07
1650938400000,204.16
1650942000000,232.95
1650945600000,266.52
1650949200000,290.0
1650952800000,290.0
1650956400000,260.48
1650960000000,235.88
1650963600000,224.28
1650967200000,219.41
1650970800000,210.49
1650974400000,214.19
1650978000000,215.42
1650981600000,211.03
1650985200000,239.93
1650988800000,260.63
1650992400000,281.0
1650996000000,286.76
1650999600000,270.01
1651003200000,255.0
1651006800000,231.91
1651010400000,206.72
1651014000000,198.01
1651017600000,196.36
1651021200000,194.53
1651024800000,197.51
1651028400000,209.94
1651032000000,244.2
1651035600000,271.01
1651039200000,265.98
1651042800000,252.74
1651046400000,225.22
1651050000000,214.12
1651053600000,207.66
1651057200000,200.62
1651060800000,193.22
1651064400000,190.96
1651068000000,191.35
1651071600000,206.49
1651075200000,239.31
1651078800000,267.9
1651082400000,266.33
1651086000000,254.94
1651089600000,235.33
1651093200000,202.57
1651096800000,214.63
1651100400000,201.94
1651104000000,198.0
1651107600000,201.37
1651111200000,201.5
1651114800000,218.35
1651118400000,255.0
1651122000000,283.37
1651125600000,279.29
1651129200000,251.26
1651132800000,224.93
1651136400000,213.56
1651140000000,208.0
1651143600000,200.09
1651147200000,197.05
1651150800000,196.3
1651154400000,197.13
1651158000000,217.63
1651161600000,255.0
1651165200000,279.09
1651168800000,284.91
1651172400000,268.91
1651176000000,253.56
1651179600000,222.78
1651183200000,206.05
1651186800000,203.15
1651190400000,202.52
1651194000000,203.23
1651197600000,205.09
1651201200000,213.86
1651204800000,255.77
1651208400000,280.06
1651212000000,291.22
1651215600000,256.34
1651219200000,230.33
1651222800000,217.4
1651226400000,208.37
1651230000000,197.25
1651233600000,195.24
1651237200000,195.04
1651240800000,206.0
1651244400000,216.3
1651248000000,246.98
1651251600000,262.08
1651255200000,265.87
1651258800000,254.97
1651262400000,241.56
1651266000000,217.91
1651269600000,204.78
1651273200000,189.1
1651276800000,189.91
1651280400000,187.47
1651284000000,189.96
1651287600000,194.81
1651291200000,201.0
1651294800000,206.59
1651298400000,210.01
1651302000000,205.85
1651305600000,195.95
1651309200000,186.58
1651312800000,180.04
1651316400000,172.94
1651320000000,166.35
1651323600000,159.69
1651327200000,166.65
1651330800000,192.02
1651334400000,226.09
1651338000000,246.97
1651341600000,252.64
1651345200000,247.11
1651348800000,239.09
1651352400000,219.0
1651356000000,206.0
1651359600000,199.7
1651363200000,197.56
1651366800000,192.2
1651370400000,197.43
1651374000000,201.32
1651377600000,195.0
1651381200000,194.95
1651384800000,186.94
1651388400000,182.04
1651392000000,177.31
1651395600000,176.5
1651399200000,174.92
1651402800000,150.74
1651406400000,140.4
1651410000000,138.9
1651413600000,155.9
1651417200000,187.04
1651420800000,215.85
1651424400000,249.43
1651428000000,254.94
1651431600000,243.03
1651435200000,239.72
1651438800000,215.97
1651442400000,206.46
1651446000000,199.87
1651449600000,194.69
1651453200000,193.76
1651456800000,196.34
1651460400000,209.96
1651464000000,248.88
1651467600000,270.0
1651471200000,264.57
1651474800000,238.98
1651478400000,194.27
1651482000000,189.97
1651485600000,190.68
1651489200000,190.45
1651492800000,187.65
1651496400000,185.05
1651500000000,188.2
1651503600000,218.72
1651507200000,244.11
1651510800000,263.97
1651514400000,265.41
1651518000000,253.52
1651521600000,241.11
1651525200000,219.92
1651528800000,184.5
1651532400000,182.09
1651536000000,184.08
1651539600000,185.12
1651543200000,187.04
1651546800000,191.19
1651550400000,236.26
1651554000000,255.96
1651557600000,255.96
1651561200000,232.7
1651564800000,206.07
1651568400000,200.24
1651572000000,195.79
1651575600000,197.29
1651579200000,194.89
1651582800000,195.54
1651586400000,197.99
1651590000000,218.99
1651593600000,249.96
1651597200000,269.94
1651600800000,270.23
1651604400000,261.77
1651608000000,253.21
1651611600000,228.94
1651615200000,206.0
1651618800000,200.0
1651622400000,200.34
1651626000000,201.12
1651629600000,201.14
1651633200000,224.32
1651636800000,256.58
1651640400000,296.9
1651644000000,280.1
1651647600000,255.09
1651651200000,226.01
1651654800000,209.41
1651658400000,204.64
1651662000000,202.15
1651665600000,199.51
1651669200000,200.6
1651672800000,206.24
1651676400000,231.16
1651680000000,249.98
1651683600000,275.44
1651687200000,281.49
1651690800000,263.37
1651694400000,246.9
1651698000000,232.47
1651701600000,225.2
1651705200000,208.44
1651708800000,208.12
1651712400000,205.09
1651716000000,204.9
1651719600000,220.77
1651723200000,254.96
1651726800000,275.06
1651730400000,268.02
1651734000000,252.96
1651737600000,235.03
1651741200000,232.09
1651744800000,224.5
1651748400000,215.04
1651752000000,210.9
1651755600000,210.0
1651759200000,210.35
1651762800000,229.0
1651766400000,247.28
1651770000000,263.0
1651773600000,276.61
1651777200000,259.96
1651780800000,251.84
1651784400000,238.52
1651788000000,220.69
1651791600000,213.74
1651795200000,207.56
1651798800000,204.02
1651802400000,206.57
1651806000000,219.07
1651809600000,255.91
1651813200000,274.92
1651816800000,262.97
1651820400000,236.8
1651824000000,220.0
1651827600000,208.13
1651831200000,207.4
1651834800000,191.81
1651838400000,190.01
1651842000000,187.01
1651845600000,192.7
1651849200000,211.59
1651852800000,239.09
1651856400000,256.79
1651860000000,262.69
1651863600000,255.91
1651867200000,247.78
1651870800000,235.46
1651874400000,225.12
1651878000000,216.94
1651881600000,207.36
1651885200000,200.01
1651888800000,199.5
1651892400000,200.1
1651896000000,201.78
1651899600000,216.28
1651903200000,217.04
1651906800000,208.57
1651910400000,194.17
1651914000000,190.67
1651917600000,186.55
1651921200000,174.37
1651924800000,166.7
1651928400000,159.17
1651932000000,168.22
1651935600000,185.3
1651939200000,201.62
1651942800000,222.74
1651946400000,231.57
1651950000000,229.0
1651953600000,223.12
1651957200000,208.38
1651960800000,208.1
1651964400000,193.3
1651968000000,191.92
1651971600000,186.01
1651975200000,182.98
1651978800000,186.06
1651982400000,184.97
1651986000000,185.93
1651989600000,183.62
1651993200000,163.45
1651996800000,140.33
1652000400000,123.17
1652004000000,114.65
1652007600000,86.18
1652011200000,78.5
1652014800000,93.26
1652018400000,113.6
1652022000000,155.8
1652025600000,196.04
1652029200000,234.6
1652032800000,238.99
1652036400000,238.35
1652040000000,225.91
1652043600000,217.9
1652047200000,209.08
1652050800000,199.21
1652054400000,196.07
1652058000000,191.11
1652061600000,193.68
1652065200000,210.72
1652068800000,240.0
1652072400000,256.23
1652076000000,250.04
1652079600000,219.21
1652083200000,199.95
1652086800000,194.39
1652090400000,185.51
1652094000000,183.46
1652097600000,179.55
1652101200000,183.94
1652104800000,190.63
1652108400000,220.93
1652112000000,247.97
1652115600000,280.0
1652119200000,280.0
1652122800000,250.44
1652126400000,237.08
1652130000000,204.25
1652133600000,216.41
1652137200000,205.61
1652140800000,184.72
1652144400000,169.98
1652148000000,167.73
1652151600000,187.06
1652155200000,224.08
1652158800000,237.95
1652162400000,232.72
1652166000000,210.25
1652169600000,185.0
1652173200000,165.46
1652176800000,106.9
1652180400000,88.44
1652184000000,78.65
1652187600000,88.49
1652191200000,113.58
1652194800000,184.43
1652198400000,209.78
1652202000000,234.92
1652205600000,239.95
1652209200000,236.96
1652212800000,229.09
1652216400000,201.49
1652220000000,207.15
1652223600000,192.8
1652227200000,185.5
1652230800000,179.0
1652234400000,179.46
1652238000000,185.72
1652241600000,216.37
1652245200000,233.22
1652248800000,224.0
1652252400000,200.0
1652256000000,148.46
1652259600000,95.19
1652263200000,70.1
1652266800000,25.23
1652270400000,3.74
1652274000000,31.26
1652277600000,79.05
1652281200000,117.6
1652284800000,184.18
1652288400000,219.3
1652292000000,221.93
1652295600000,220.0
1652299200000,206.01
1652302800000,192.93
1652306400000,149.9
1652310000000,145.01
1652313600000,140.01
1652317200000,145.66
1652320800000,148.91
1652324400000,172.42
1652328000000,211.94
1652331600000,230.56
1652335200000,223.46
1652338800000,189.21
1652342400000,144.04
1652346000000,122.63
1652349600000,98.46
1652353200000,82.38
1652356800000,82.3
1652360400000,98.74
1652364000000,137.32
1652367600000,183.91
1652371200000,213.69
1652374800000,233.5
1652378400000,241.77
1652382000000,233.17
1652385600000,224.32
1652389200000,205.56
1652392800000,210.0
1652396400000,202.71
1652400000000,189.0
1652403600000,174.74
1652407200000,176.26
1652410800000,203.2
1652414400000,226.93
1652418000000,242.74
1652421600000,242.29
1652425200000,225.1
1652428800000,180.04
1652432400000,122.95
1652436000000,89.81
1652439600000,60.5
1652443200000,25.66
1652446800000,29.8
1652450400000,49.1
1652454000000,113.7
1652457600000,188.59
1652461200000,220.77
1652464800000,231.09
1652468400000,229.0
1652472000000,220.36
1652475600000,196.57
1652479200000,181.0
1652482800000,158.66
1652486400000,150.01
1652490000000,133.9
1652493600000,155.18
1652497200000,168.99
1652500800000,184.07
1652504400000,194.3
1652508000000,184.94
1652511600000,160.0
1652515200000,124.05
1652518800000,89.46
1652522400000,76.46
1652526000000,20.11
1652529600000,6.28
1652533200000,55.98
1652536800000,89.4
1652540400000,162.02
1652544000000,206.38
1652547600000,225.0
1652551200000,240.04
1652554800000,241.87
1652558400000,239.0
1652562000000,224.15
1652565600000,214.91
1652569200000,196.35
1652572800000,185.43
1652576400000,174.15
1652580000000,170.17
1652583600000,170.25
1652587200000,162.92
1652590800000,158.57
1652594400000,154.98
1652598000000,110.6
1652601600000,95.98
1652605200000,90.0
1652608800000,75.0
1652612400000,45.35
1652616000000,20.15
1652619600000,39.58
1652623200000,76.21
1652626800000,133.33
1652630400000,199.74
1652634000000,226.11
1652637600000,230.57
1652641200000,226.18
1652644800000,219.57
1652648400000,200.5
1652652000000,180.18
1652655600000,169.06
1652659200000,169.13
1652662800000,169.89
1652666400000,169.53
1652670000000,182.04
1652673600000,229.95
1652677200000,248.08
1652680800000,251.09
1652684400000,231.08
1652688000000,210.62
1652691600000,199.68
1652695200000,185.34
1652698800000,182.33
1652702400000,185.39
1652706000000,186.26
1652709600000,203.27
1652713200000,219.17
1652716800000,245.74
1652720400000,276.31
1652724000000,275.36
1652727600000,259.9
1652731200000,240.2
1652734800000,208.38
1652738400000,203.39
1652742000000,195.94
1652745600000,189.1
1652749200000,185.05
1652752800000,189.2
1652756400000,202.24
1652760000000,236.7
1652763600000,264.89
1652767200000,274.17
1652770800000,244.91
1652774400000,231.99
1652778000000,216.29
1652781600000,208.09
1652785200000,197.46
1652788800000,189.24
1652792400000,187.97
1652796000000,204.12
1652799600000,237.13
1652803200000,251.82
1652806800000,290.0
1652810400000,298.21
1652814000000,265.88
1652817600000,245.46
1652821200000,208.73
1652824800000,206.47
1652828400000,187.89
1652832000000,176.23
1652835600000,170.98
1652839200000,173.48
1652842800000,179.61
1652846400000,219.95
1652850000000,247.6
1652853600000,241.29
1652857200000,211.07
1652860800000,179.17
1652864400000,174.9
1652868000000,179.94
1652871600000,177.03
1652875200000,176.71
1652878800000,178.9
1652882400000,194.94
1652886000000,216.84
1652889600000,241.2
1652893200000,286.99
1652896800000,280.0
1652900400000,245.88
1652904000000,225.73
1652907600000,194.47
1652911200000,196.96
1652914800000,185.01
1652918400000,179.94
1652922000000,176.27
1652925600000,177.98
1652929200000,185.06
1652932800000,222.33
1652936400000,250.04
1652940000000,249.31
1652943600000,229.93
1652947200000,198.22
1652950800000,183.99
1652954400000,182.96
1652958000000,180.8
1652961600000,176.2
1652965200000,185.09
1652968800000,198.96
1652972400000,224.02
1652976000000,232.99
1652979600000,269.27
1652983200000,273.4
1652986800000,253.0
1652990400000,234.38
1652994000000,213.31
1652997600000,211.1
1653001200000,195.98
1653004800000,189.56
1653008400000,188.0
1653012000000,189.56
1653015600000,208.62
1653019200000,237.24
1653022800000,263.32
1653026400000,250.0
1653030000000,224.0
1653033600000,204.97
1653037200000,201.6
1653040800000,197.4
1653044400000,190.07
1653048000000,185.33
1653051600000,189.26
1653055200000,190.0
1653058800000,216.3
1653062400000,227.7
1653066000000,230.99
1653069600000,231.03
1653073200000,218.03
1653076800000,205.27
1653080400000,176.3
1653084000000,134.15
1653087600000,125.3
1653091200000,96.29
1653094800000,94.66
1653098400000,91.76
1653102000000,90.01
1653105600000,105.14
1653109200000,118.9
1653112800000,110.8
1653116400000,83.93
1653120000000,74.99
1653123600000,14.19
1653127200000,0.48
1653130800000,-0.06
1653134400000,-0.09
1653138000000,0.01
1653141600000,11.01
1653145200000,81.49
1653148800000,161.27
1653152400000,201.0
1653156000000,219.32
1653159600000,228.11
1653163200000,223.85
1653166800000,214.18
1653170400000,186.58
1653174000000,179.4
1653177600000,172.5
1653181200000,170.0
1653184800000,171.0
1653188400000,169.91
1653192000000,166.96
1653195600000,166.88
1653199200000,160.0
1653202800000,149.96
1653206400000,138.29
1653210000000,138.25
1653213600000,136.95
1653217200000,109.92
1653220800000,101.4
1653224400000,103.7
1653228000000,133.19
1653231600000,156.62
1653235200000,195.29
1653238800000,213.37
1653242400000,225.55
1653246000000,227.9
1653249600000,219.91
1653253200000,191.24
1653256800000,175.89
1653260400000,164.57
1653264000000,158.75
1653267600000,155.07
1653271200000,158.2
1653274800000,172.54
1653278400000,202.7
1653282000000,224.96
1653285600000,230.02
1653289200000,220.97
1653292800000,217.19
1653296400000,202.68
1653300000000,188.88
1653303600000,171.73
1653307200000,171.63
1653310800000,170.88
1653314400000,175.25
1653318000000,197.1
1653321600000,214.03
1653325200000,214.94
1653328800000,210.07
1653332400000,190.0
1653336000000,179.91
1653339600000,147.35
1653343200000,92.07
1653346800000,82.85
1653350400000,81.77
1653354000000,96.24
1653357600000,107.4
1653361200000,155.95
1653364800000,188.91
1653368400000,210.29
1653372000000,209.14
1653375600000,193.0
1653379200000,180.05
1653382800000,163.36
1653386400000,150.5
1653390000000,137.56
1653393600000,124.5
1653397200000,149.99
1653400800000,162.47
1653404400000,171.43
1653408000000,198.38
1653411600000,212.98
1653415200000,219.99
1653418800000,220.3
1653422400000,211.91
1653426000000,189.64
1653429600000,190.73
1653433200000,180.06
1653436800000,170.51
1653440400000,167.92
1653444000000,169.9
1653447600000,178.14
1653451200000,211.11
1653454800000,230.0
1653458400000,227.88
1653462000000,207.21
1653465600000,174.26
1653469200000,168.98
1653472800000,161.83
1653476400000,145.17
1653480000000,137.78
1653483600000,124.06
1653487200000,124.08
1653490800000,151.69
1653494400000,166.32
1653498000000,192.77
1653501600000,210.13
1653505200000,211.95
1653508800000,192.26
1653512400000,165.17
1653516000000,132.39
1653519600000,82.68
1653523200000,82.19
1653526800000,77.02
1653530400000,84.73
1653534000000,84.8
1653537600000,77.09
1653541200000,77.04
1653544800000,51.85
1653548400000,7.37
1653552000000,1.96
1653555600000,0.07
1653559200000,0.0
1653562800000,-0.08
1653566400000,-4.4
1653570000000,-1.36
1653573600000,0.01
1653577200000,9.29
1653580800000,113.27
1653584400000,154.12
1653588000000,168.09
1653591600000,162.26
1653595200000,159.17
1653598800000,110.82
1653602400000,77.15
1653606000000,56.99
1653609600000,50.06
1653613200000,50.02
1653616800000,76.43
1653620400000,90.9
1653624000000,112.28
1653627600000,138.59
1653631200000,76.44
1653634800000,44.31
1653638400000,3.01
1653642000000,0.06
1653645600000,0.03
1653649200000,-0.1
1653652800000,-10.8
1653656400000,-7.36
1653660000000,-0.04
1653663600000,0.1
1653667200000,7.11
1653670800000,51.65
1653674400000,75.97
1653678000000,77.12
1653681600000,75.96
1653685200000,76.49
1653688800000,9.79
1653692400000,8.11
1653696000000,3.78
1653699600000,2.73
1653703200000,2.99
1653706800000,1.93
1653710400000,2.97
1653714000000,1.96
1653717600000,0.59
1653721200000,0.02
1653724800000,-0.05
1653728400000,-0.28
1653732000000,-1.36
1653735600000,-13.85
1653739200000,-10.01
1653742800000,-3.15
1653746400000,-0.03
1653750000000,12.56
1653753600000,79.44
1653757200000,135.46
1653760800000,158.33
1653764400000,164.37
1653768000000,170.0
1653771600000,158.08
1653775200000,162.11
1653778800000,141.28
1653782400000,140.79
1653786000000,138.37
1653789600000,140.04
1653793200000,141.32
1653796800000,133.8
1653800400000,138.37
1653804000000,140.15
1653807600000,140.08
1653811200000,140.0
1653814800000,145.06
1653818400000,141.0
1653822000000,133.49
1653825600000,123.78
1653829200000,121.59
1653832800000,120.0
1653836400000,150.0
1653840000000,179.56
1653843600000,201.38
1653847200000,214.94
1653850800000,224.97
1653854400000,225.0
1653858000000,214.96
1653861600000,203.9
1653865200000,194.72
1653868800000,192.65
1653872400000,184.5
1653876000000,182.92
1653879600000,195.74
1653883200000,230.68
1653886800000,257.95
1653890400000,260.27
1653894000000,232.92
1653897600000,230.0
1653901200000,229.77
1653904800000,215.0
1653908400000,207.5
1653912000000,201.28
1653915600000,202.29
1653919200000,210.9
1653922800000,225.7
1653926400000,241.36
1653930000000,291.14
1653933600000,295.0
1653937200000,266.46
1653940800000,243.68
1653944400000,227.5
1653948000000,200.91
1653951600000,183.0
1653955200000,179.62
1653958800000,177.02
1653962400000,180.01
1653966000000,195.99
1653969600000,228.68
1653973200000,247.77
1653976800000,243.14
1653980400000,225.9
1653984000000,200.63
1653987600000,193.91
1653991200000,192.27
1653994800000,184.07
1653998400000,182.54
1654002000000,182.08
1654005600000,182.38
1654009200000,200.0
1654012800000,234.97
1654016400000,255.02
1654020000000,258.67
1654023600000,247.51
1654027200000,240.01
1654030800000,227.98
1654034400000,220.0
1654038000000,207.45
1654041600000,199.09
1654045200000,182.53
1654048800000,182.28
1654052400000,198.95
1654056000000,230.0
1654059600000,249.68
1654063200000,246.36
1654066800000,228.82
1654070400000,211.8
1654074000000,206.6
1654077600000,189.77
1654081200000,184.86
1654084800000,184.86
1654088400000,180.04
1654092000000,181.6
1654095600000,199.71
1654099200000,229.92
1654102800000,251.98
1654106400000,257.71
1654110000000,262.6
1654113600000,250.0
1654117200000,230.33
1654120800000,191.0
1654124400000,175.04
1654128000000,169.33
1654131600000,161.96
1654135200000,165.05
1654138800000,171.7
1654142400000,209.65
1654146000000,223.1
1654149600000,218.13
1654153200000,190.26
1654156800000,173.81
1654160400000,167.5
1654164000000,162.51
1654167600000,152.8
1654171200000,150.4
1654174800000,154.8
1654178400000,164.86
1654182000000,174.74
1654185600000,218.05
1654189200000,230.65
1654192800000,238.97
1654196400000,228.94
1654200000000,229.78
1654203600000,209.87
1654207200000,177.61
1654210800000,163.13
1654214400000,157.41
1654218000000,159.62
1654221600000,161.7
1654225200000,169.94
1654228800000,209.83
1654232400000,225.11
1654236000000,217.18
1654239600000,197.12
1654243200000,179.97
1654246800000,161.85
1654250400000,161.67
1654254000000,150.23
1654257600000,151.96
1654261200000,155.14
1654264800000,163.09
1654268400000,195.41
1654272000000,216.31
1654275600000,225.0
1654279200000,221.83
1654282800000,212.86
1654286400000,211.96
1654290000000,183.16
1654293600000,175.81
1654297200000,167.97
1654300800000,166.92
1654304400000,157.05
1654308000000,155.5
1654311600000,156.01
1654315200000,159.8
1654318800000,169.86
1654322400000,180.0
1654326000000,178.5
1654329600000,163.33
1654333200000,139.98
1654336800000,135.14
1654340400000,114.28
1654344000000,94.86
1654347600000,118.99
1654351200000,141.42
1654354800000,158.92
1654358400000,179.83
1654362000000,199.03
1654365600000,209.24
1654369200000,198.98
1654372800000,199.06
1654376400000,179.36
1654380000000,165.52
1654383600000,157.23
1654387200000,149.57
1654390800000,136.88
1654394400000,136.04
1654398000000,128.04
1654401600000,127.27
1654405200000,133.65
1654408800000,136.28
1654412400000,142.65
1654416000000,141.36
1654419600000,143.62
1654423200000,132.5
1654426800000,90.36
1654430400000,98.31
1654434000000,121.95
1654437600000,132.03
1654441200000,150.02
1654444800000,163.03
1654448400000,168.8
1654452000000,169.44
1654455600000,166.36
1654459200000,169.22
1654462800000,137.74
1654466400000,103.4
1654470000000,90.86
1654473600000,82.07
1654477200000,88.02
1654480800000,85.05
1654484400000,88.08
1654488000000,90.06
1654491600000,94.22
1654495200000,84.05
1654498800000,57.05
1654502400000,30.0
1654506000000,11.06
1654509600000,0.1
1654513200000,-0.08
1654516800000,-0.59
1654520400000,-0.01
1654524000000,0.81
1654527600000,82.06
1654531200000,169.55
1654534800000,200.0
1654538400000,214.97
1654542000000,214.04
1654545600000,217.42
1654549200000,189.7
1654552800000,163.72
1654556400000,154.34
1654560000000,150.61
1654563600000,145.72
1654567200000,146.88
1654570800000,154.33
1654574400000,175.7
1654578000000,216.93
1654581600000,220.12
1654585200000,210.99
1654588800000,191.0
1654592400000,173.32
1654596000000,168.7
1654599600000,168.7
1654603200000,165.52
1654606800000,163.87
1654610400000,164.07
1654614000000,173.1
1654617600000,200.0
1654621200000,218.04
1654624800000,227.46
1654628400000,228.81
1654632000000,220.26
1654635600000,210.97
1654639200000,185.05
1654642800000,168.95
1654646400000,165.1
1654650000000,162.96
1654653600000,164.92
1654657200000,175.0
1654660800000,197.42
1654664400000,213.93
1654668000000,215.01
1654671600000,205.29
1654675200000,191.0
1654678800000,183.58
1654682400000,180.58
1654686000000,174.43
1654689600000,176.43
1654693200000,178.99
1654696800000,181.73
1654700400000,199.66
1654704000000,209.69
1654707600000,227.2
1654711200000,212.36
1654714800000,211.98
1654718400000,211.0
1654722000000,176.09
1654725600000,189.01
1654729200000,170.63
1654732800000,165.0
1654736400000,164.81
1654740000000,164.85
1654743600000,174.54
1654747200000,205.75
1654750800000,215.06
1654754400000,221.92
1654758000000,214.21
1654761600000,205.13
1654765200000,189.43
1654768800000,183.18
1654772400000,169.63
1654776000000,161.16
1654779600000,154.04
1654783200000,153.31
1654786800000,166.76
1654790400000,177.73
1654794000000,191.97
1654797600000,202.28
1654801200000,210.24
1654804800000,209.09
1654808400000,192.07
1654812000000,196.58
1654815600000,170.0
1654819200000,164.24
1654822800000,163.81
1654826400000,163.84
1654830000000,179.14
1654833600000,207.91
1654837200000,213.76
1654840800000,212.84
1654844400000,194.94
1654848000000,175.16
1654851600000,164.17
1654855200000,157.77
1654858800000,159.07
1654862400000,151.61
1654866000000,155.83
1654869600000,162.8
1654873200000,185.78
1654876800000,202.44
1654880400000,218.51
1654884000000,220.46
1654887600000,216.9
1654891200000,215.48
1654894800000,205.07
1654898400000,202.71
1654902000000,186.01
1654905600000,173.39
1654909200000,165.68
1654912800000,158.56
1654916400000,155.46
1654920000000,157.84
1654923600000,151.42
1654927200000,149.0
1654930800000,111.05
1654934400000,80.29
1654938000000,72.28
1654941600000,62.62
1654945200000,48.15
1654948800000,4.23
1654952400000,37.53
1654956000000,61.49
1654959600000,76.05
1654963200000,155.36
1654966800000,196.39
1654970400000,209.33
1654974000000,211.06
1654977600000,207.92
1654981200000,199.0
1654984800000,195.0
1654988400000,164.45
1654992000000,154.18
1654995600000,145.76
1654999200000,145.28
1655002800000,131.89
1655006400000,120.32
1655010000000,117.01
1655013600000,103.03
1655017200000,80.83
1655020800000,74.37
1655024400000,48.89
1655028000000,19.91
1655031600000,4.82
1655035200000,0.08
1655038800000,9.95
1655042400000,44.79
1655046000000,85.33
1655049600000,159.95
1655053200000,185.31
1655056800000,205.98
1655060400000,210.98
1655064000000,210.0
1655067600000,188.83
1655071200000,173.97
1655074800000,162.67
1655078400000,155.11
1655082000000,149.92
1655085600000,146.92
1655089200000,158.47
1655092800000,200.03
1655096400000,211.19
1655100000000,212.12
1655103600000,179.22
1655107200000,165.7
1655110800000,147.17
1655114400000,139.6
1655118000000,106.06
1655121600000,87.59
1655125200000,85.23
1655128800000,106.26
1655132400000,142.92
1655136000000,160.35
1655139600000,207.46
1655143200000,224.9
1655146800000,225.97
1655150400000,223.47
1655154000000,201.24
1655157600000,174.44
1655161200000,162.72
1655164800000,161.69
1655168400000,157.58
1655172000000,162.9
1655175600000,171.0
1655179200000,215.22
1655182800000,227.88
1655186400000,211.95
1655190000000,181.57
1655193600000,164.04
1655197200000,164.09
1655200800000,162.84
1655204400000,157.51
1655208000000,151.74
1655211600000,163.95
1655215200000,173.97
1655218800000,202.74
1655222400000,230.97
1655226000000,288.9
1655229600000,295.68
1655233200000,248.15
1655236800000,234.9
1655240400000,213.11
1655244000000,197.96
1655247600000,183.5
1655251200000,177.67
1655254800000,173.02
1655258400000,173.18
1655262000000,182.23
1655265600000,219.61
1655269200000,246.95
1655272800000,252.78
1655276400000,213.58
1655280000000,195.78
1655283600000,175.37
1655287200000,170.76
1655290800000,172.2
1655294400000,168.61
1655298000000,170.24
1655301600000,183.06
1655305200000,220.76
1655308800000,259.1
1655312400000,305.77
1655316000000,307.48
1655319600000,263.97
1655323200000,247.69
1655326800000,222.64
1655330400000,232.64
1655334000000,221.54
1655337600000,213.34
1655341200000,213.63
1655344800000,206.46
1655348400000,207.09
1655352000000,227.35
1655355600000,254.96
1655359200000,245.0
1655362800000,221.81
1655366400000,185.73
1655370000000,163.48
1655373600000,152.96
1655377200000,116.89
1655380800000,100.0
1655384400000,98.56
1655388000000,116.63
1655391600000,165.21
1655395200000,222.7
1655398800000,258.56
1655402400000,265.18
1655406000000,270.47
1655409600000,262.25
1655413200000,224.9
1655416800000,296.21
1655420400000,250.7
1655424000000,225.09
1655427600000,211.4
1655431200000,206.86
1655434800000,239.91
1655438400000,292.34
1655442000000,323.31
1655445600000,325.7
1655449200000,299.07
1655452800000,250.43
1655456400000,194.9
1655460000000,186.55
1655463600000,180.67
1655467200000,174.12
1655470800000,180.47
1655474400000,188.34
1655478000000,254.46
1655481600000,303.99
1655485200000,327.56
1655488800000,355.39
1655492400000,319.06
1655496000000,284.03
1655499600000,259.79
1655503200000,255.05
1655506800000,207.86
1655510400000,184.37
1655514000000,180.64
1655517600000,172.22
1655521200000,178.99
1655524800000,189.93
1655528400000,190.15
1655532000000,188.16
1655535600000,185.06
1655539200000,157.44
1655542800000,142.26
1655546400000,106.52
1655550000000,77.28
1655553600000,76.66
1655557200000,78.29
1655560800000,149.4
1655564400000,189.94
1655568000000,264.61
1655571600000,328.01
1655575200000,330.47
1655578800000,319.21
1655582400000,285.08
1655586000000,251.88
1655589600000,207.07
1655593200000,190.0
1655596800000,165.52
1655600400000,139.8
1655604000000,120.6
1655607600000,110.96
1655611200000,112.55
1655614800000,98.57
1655618400000,90.53
1655622000000,94.28
1655625600000,94.15
1655629200000,95.2
1655632800000,82.55
1655636400000,75.0
1655640000000,60.09
1655643600000,80.72
1655647200000,93.38
1655650800000,157.35
1655654400000,219.62
1655658000000,258.7
1655661600000,282.69
1655665200000,294.29
1655668800000,306.93
1655672400000,281.1
1655676000000,240.22
1655679600000,220.39
1655683200000,218.9
1655686800000,220.1
1655690400000,213.2
1655694000000,263.27
1655697600000,301.67
1655701200000,370.14
1655704800000,500.0
1655708400000,348.28
1655712000000,310.28
1655715600000,305.97
1655719200000,263.54
1655722800000,213.87
1655726400000,193.09
1655730000000,183.58
1655733600000,180.44
1655737200000,198.2
1655740800000,209.23
1655744400000,291.19
1655748000000,316.32
1655751600000,316.32
1655755200000,288.71
1655758800000,250.01
1655762400000,264.91
1655766000000,242.42
1655769600000,232.91
1655773200000,219.95
1655776800000,217.17
1655780400000,228.91
1655784000000,297.61
1655787600000,338.9
1655791200000,332.02
1655794800000,279.45
1655798400000,237.03
1655802000000,225.21
1655805600000,219.86
1655809200000,212.61
1655812800000,210.81
1655816400000,230.74
1655820000000,239.93
1655823600000,304.48
1655827200000,373.93
1655830800000,450.25
1655834400000,458.04
1655838000000,410.35
1655841600000,373.25
1655845200000,325.51
1655848800000,272.45
1655852400000,268.49
1655856000000,268.9
1655859600000,248.5
1655863200000,255.02
1655866800000,284.29
1655870400000,348.49
1655874000000,429.95
1655877600000,387.88
1655881200000,339.79
1655884800000,301.49
1655888400000,292.44
1655892000000,268.9
1655895600000,249.7
1655899200000,244.46
1655902800000,258.12
1655906400000,284.1
1655910000000,331.47
1655913600000,398.36
1655917200000,491.04
1655920800000,462.91
1655924400000,399.3
1655928000000,374.55
1655931600000,299.58
1655935200000,288.59
1655938800000,257.91
1655942400000,250.11
1655946000000,245.82
1655949600000,255.08
1655953200000,279.68
1655956800000,336.1
1655960400000,363.35
1655964000000,350.39
1655967600000,316.23
1655971200000,277.83
1655974800000,246.34
1655978400000,240.7
1655982000000,227.92
1655985600000,228.0
1655989200000,248.7
1655992800000,263.06
1655996400000,333.96
1656000000000,367.43
1656003600000,429.06
1656007200000,413.99
1656010800000,358.95
1656014400000,292.36
1656018000000,210.37
1656021600000,224.84
1656025200000,211.69
1656028800000,204.21
1656032400000,218.93
1656036000000,223.23
1656039600000,231.6
1656043200000,302.85
1656046800000,335.17
1656050400000,345.74
1656054000000,329.98
1656057600000,304.03
1656061200000,263.8
1656064800000,244.01
1656068400000,240.72
1656072000000,214.81
1656075600000,243.18
1656079200000,245.47
1656082800000,296.41
1656086400000,322.0
1656090000000,329.94
1656093600000,335.2
1656097200000,330.92
1656100800000,320.0
1656104400000,264.47
1656108000000,260.65
1656111600000,236.9
1656115200000,214.91
1656118800000,217.08
1656122400000,203.74
1656126000000,209.06
1656129600000,226.73
1656133200000,261.09
1656136800000,269.03
1656140400000,228.26
1656144000000,185.73
1656147600000,184.96
1656151200000,197.65
1656154800000,180.43
1656158400000,164.06
1656162000000,184.94
1656165600000,220.66
1656169200000,269.07
1656172800000,271.57
1656176400000,314.1
1656180000000,327.17
1656183600000,322.68
1656187200000,324.02
1656190800000,294.94
1656194400000,288.91
1656198000000,261.33
1656201600000,217.9
1656205200000,206.62
1656208800000,196.78
1656212400000,180.25
1656216000000,174.44
1656219600000,167.67
1656223200000,155.09
1656226800000,112.14
1656230400000,101.36
1656234000000,95.0
1656237600000,83.02
1656241200000,79.82
1656244800000,79.82
1656248400000,112.45
1656252000000,176.23
1656255600000,218.31
1656259200000,289.02
1656262800000,324.79
1656266400000,333.38
1656270000000,334.19
1656273600000,335.71
1656277200000,315.87
1656280800000,295.62
1656284400000,263.7
1656288000000,258.07
1656291600000,256.14
1656295200000,254.55
1656298800000,268.87
1656302400000,330.91
1656306000000,357.94
1656309600000,371.07
1656313200000,348.38
1656316800000,332.54
1656320400000,293.5
1656324000000,268.0
1656327600000,250.91
1656331200000,251.87
1656334800000,259.91
1656338400000,288.57
1656342000000,340.91
1656345600000,378.59
1656349200000,443.5
1656352800000,390.37
1656356400000,375.64
1656360000000,372.17
1656363600000,347.81
1656367200000,266.05
1656370800000,272.47
1656374400000,254.91
1656378000000,256.31
1656381600000,267.66
1656385200000,282.41
1656388800000,359.1
1656392400000,381.88
1656396000000,400.93
1656399600000,372.62
1656403200000,313.99
1656406800000,270.09
1656410400000,250.41
1656414000000,259.7
1656417600000,252.43
1656421200000,299.0
1656424800000,324.02
1656428400000,368.83
1656432000000,434.99
1656435600000,470.9
1656439200000,453.14
1656442800000,410.92
1656446400000,396.38
1656450000000,337.23
1656453600000,275.06
1656457200000,261.27
1656460800000,246.47
1656464400000,238.0
1656468000000,243.27
1656471600000,254.02
1656475200000,315.46
1656478800000,350.85
1656482400000,386.95
1656486000000,365.41
1656489600000,329.64
1656493200000,320.93
1656496800000,303.91
1656500400000,291.4
1656504000000,294.55
1656507600000,300.85
1656511200000,308.91
1656514800000,341.07
1656518400000,368.86
1656522000000,390.9
1656525600000,390.0
1656529200000,366.9
1656532800000,352.77
1656536400000,275.58
1656540000000,285.04
1656543600000,272.58
1656547200000,274.72
1656550800000,278.0
1656554400000,267.63
1656558000000,277.86
1656561600000,339.77
1656565200000,369.89
1656568800000,379.63
1656572400000,341.75
1656576000000,299.02
1656579600000,274.02
1656583200000,276.32
1656586800000,268.97
1656590400000,278.07
1656594000000,285.79
1656597600000,324.09
1656601200000,372.44
1656604800000,409.41
1656608400000,479.0
1656612000000,450.0
1656615600000,394.21
1656619200000,355.17
1656622800000,258.08
1656626400000,268.71
1656630000000,265.86
1656633600000,268.01
1656637200000,266.12
1656640800000,265.38
1656644400000,282.13
1656648000000,355.19
1656651600000,378.85
1656655200000,385.19
1656658800000,378.0
1656662400000,360.06
1656666000000,354.77
1656669600000,325.63
1656673200000,300.72
1656676800000,266.68
1656680400000,261.06
1656684000000,220.69
1656687600000,259.95
1656691200000,289.07
1656694800000,329.39
1656698400000,359.56
1656702000000,356.91
1656705600000,385.0
1656709200000,362.3
1656712800000,285.72
1656716400000,255.0
1656720000000,237.2
1656723600000,230.71
1656727200000,222.31
1656730800000,214.2
1656734400000,233.84
1656738000000,244.56
1656741600000,208.6
1656745200000,154.08
1656748800000,125.0
1656752400000,113.85
1656756000000,89.37
1656759600000,76.33
1656763200000,89.34
1656766800000,89.17
1656770400000,131.11
1656774000000,240.3
1656777600000,285.03
1656781200000,350.0
1656784800000,362.85
1656788400000,359.96
1656792000000,353.44
1656795600000,302.17
1656799200000,270.08
1656802800000,237.95
1656806400000,199.08
1656810000000,195.6
1656813600000,185.6
1656817200000,182.71
1656820800000,176.71
1656824400000,192.31
1656828000000,185.07
1656831600000,170.26
1656835200000,128.2
1656838800000,107.43
1656842400000,93.1
1656846000000,68.55
1656849600000,65.82
1656853200000,74.46
1656856800000,123.8
1656860400000,175.99
1656864000000,272.77
1656867600000,327.0
1656871200000,340.1
1656874800000,348.43
1656878400000,348.45
1656882000000,333.06
1656885600000,319.65
1656889200000,277.83
1656892800000,265.16
1656896400000,254.35
1656900000000,258.03
1656903600000,302.44
1656907200000,361.88
1656910800000,376.0
1656914400000,385.17
1656918000000,366.0
1656921600000,291.7
1656925200000,221.3
1656928800000,181.8
1656932400000,184.36
1656936000000,172.35
1656939600000,171.19
1656943200000,182.64
1656946800000,211.1
1656950400000,329.99
1656954000000,379.62
1656957600000,398.72
1656961200000,385.52
1656964800000,396.92
1656968400000,379.64
1656972000000,359.96
1656975600000,319.24
1656979200000,309.33
1656982800000,301.08
1656986400000,299.91
1656990000000,324.82
1656993600000,380.47
1656997200000,412.59
1657000800000,409.61
1657004400000,338.68
1657008000000,283.72
1657011600000,286.6
1657015200000,243.95
1657018800000,227.94
1657022400000,210.95
1657026000000,213.06
1657029600000,237.8
1657033200000,301.14
1657036800000,336.25
1657040400000,363.98
1657044000000,370.0
1657047600000,370.4
1657051200000,378.29
1657054800000,361.16
1657058400000,351.39
1657062000000,309.3
1657065600000,293.84
1657069200000,280.18
1657072800000,299.44
1657076400000,322.79
1657080000000,389.83
1657083600000,413.89
1657087200000,406.93
1657090800000,355.89
1657094400000,287.9
1657098000000,265.29
1657101600000,230.68
1657105200000,204.77
1657108800000,172.44
1657112400000,163.21
1657116000000,180.04
1657119600000,239.08
1657123200000,313.06
1657126800000,376.09
1657130400000,387.46
1657134000000,381.59
1657137600000,379.91
1657141200000,279.85
1657144800000,267.5
1657148400000,209.0
1657152000000,195.77
1657155600000,189.58
1657159200000,186.88
1657162800000,190.77
1657166400000,223.6
1657170000000,282.38
1657173600000,296.72
1657177200000,256.0
1657180800000,235.48
1657184400000,220.0
1657188000000,201.99
1657191600000,190.48
1657195200000,165.62
1657198800000,159.07
1657202400000,155.02
1657206000000,169.68
1657209600000,179.01
1657213200000,197.23
1657216800000,242.42
1657220400000,258.96
1657224000000,246.15
1657227600000,197.94
1657231200000,200.08
1657234800000,224.05
1657238400000,228.55
1657242000000,227.26
1657245600000,210.33
1657249200000,248.33
1657252800000,371.95
1657256400000,418.92
1657260000000,420.67
1657263600000,351.7
1657267200000,318.59
1657270800000,272.28
1657274400000,215.05
1657278000000,210.59
1657281600000,178.56
1657285200000,207.56
1657288800000,210.02
1657292400000,258.71
1657296000000,319.26
1657299600000,387.92
1657303200000,410.89
1657306800000,422.59
1657310400000,416.11
1657314000000,372.0
1657317600000,350.0
1657321200000,283.47
1657324800000,221.32
1657328400000,216.81
1657332000000,203.12
1657335600000,209.86
1657339200000,241.95
1657342800000,247.14
1657346400000,241.43
1657350000000,179.83
1657353600000,154.72
1657357200000,136.51
1657360800000,93.54
1657364400000,74.35
1657368000000,21.94
1657371600000,11.94
1657375200000,16.03
1657378800000,64.84
1657382400000,90.02
1657386000000,94.98
1657389600000,100.86
1657393200000,100.59
1657396800000,120.16
1657400400000,79.89
1657404000000,77.12
1657407600000,49.32
1657411200000,50.03
1657414800000,31.39
1657418400000,63.31
1657422000000,58.57
1657425600000,67.67
1657429200000,41.89
1657432800000,36.75
1657436400000,30.01
1657440000000,30.08
1657443600000,49.77
1657447200000,20.0
1657450800000,19.14
1657454400000,11.85
1657458000000,21.31
1657461600000,40.29
1657465200000,77.11
1657468800000,157.13
1657472400000,322.13
1657476000000,369.9
1657479600000,378.07
1657483200000,389.17
1657486800000,371.92
1657490400000,320.08
1657494000000,278.0
1657497600000,275.96
1657501200000,269.27
1657504800000,272.15
1657508400000,298.0
1657512000000,395.95
1657515600000,415.08
1657519200000,433.97
1657522800000,416.32
1657526400000,404.98
1657530000000,396.9
1657533600000,380.42
1657537200000,369.28
1657540800000,333.76
1657544400000,332.61
1657548000000,319.82
1657551600000,375.48
1657555200000,405.0
1657558800000,458.03
1657562400000,469.9
1657566000000,452.12
1657569600000,450.05
1657573200000,419.15
1657576800000,395.49
1657580400000,349.57
1657584000000,330.04
1657587600000,331.5
1657591200000,334.34
1657594800000,362.1
1657598400000,419.64
1657602000000,453.66
1657605600000,448.9
1657609200000,382.42
1657612800000,328.74
1657616400000,338.32
1657620000000,297.47
1657623600000,260.07
1657627200000,262.23
1657630800000,287.22
1657634400000,314.81
1657638000000,395.9
1657641600000,429.08
1657645200000,481.59
1657648800000,506.69
1657652400000,480.0
1657656000000,470.0
1657659600000,404.09
1657663200000,416.05
1657666800000,365.61
1657670400000,325.34
1657674000000,339.99
1657677600000,325.04
1657681200000,332.22
1657684800000,411.97
1657688400000,435.0
1657692000000,456.57
1657695600000,423.14
1657699200000,365.76
1657702800000,350.25
1657706400000,273.05
1657710000000,246.1
1657713600000,190.02
1657717200000,183.63
1657720800000,211.39
1657724400000,294.48
1657728000000,370.44
1657731600000,431.7
1657735200000,448.22
1657738800000,446.34
1657742400000,435.93
1657746000000,373.57
1657749600000,400.44
1657753200000,378.06
1657756800000,345.47
1657760400000,334.1
1657764000000,335.01
1657767600000,371.63
1657771200000,421.32
1657774800000,433.31
1657778400000,434.07
1657782000000,419.94
1657785600000,379.9
1657789200000,355.93
1657792800000,301.49
1657796400000,274.85
1657800000000,239.44
1657803600000,254.96
1657807200000,282.6
1657810800000,346.37
1657814400000,394.63
1657818000000,420.92
1657821600000,436.27
1657825200000,433.93
1657828800000,422.39
1657832400000,400.04
1657836000000,350.0
1657839600000,320.07
1657843200000,298.49
1657846800000,305.01
1657850400000,307.55
1657854000000,330.0
1657857600000,404.9
1657861200000,429.92
1657864800000,416.65
1657868400000,334.06
1657872000000,262.45
1657875600000,243.92
1657879200000,218.1
1657882800000,190.0
1657886400000,191.8
1657890000000,222.15
1657893600000,225.39
1657897200000,335.35
1657900800000,409.07
1657904400000,421.86
1657908000000,430.45
1657911600000,433.99
1657915200000,432.89
1657918800000,404.09
1657922400000,384.91
1657926000000,349.96
1657929600000,289.8
1657933200000,252.86
1657936800000,236.19
1657940400000,233.1
1657944000000,211.55
1657947600000,199.74
1657951200000,139.93
1657954800000,52.49
1657958400000,35.53
1657962000000,1.07
1657965600000,0.07
1657969200000,-0.05
1657972800000,-0.1
1657976400000,0.0
1657980000000,1.03
1657983600000,31.66
1657987200000,143.75
1657990800000,264.3
1657994400000,334.25
1657998000000,344.13
1658001600000,357.55
1658005200000,331.77
1658008800000,290.06
1658012400000,240.8
1658016000000,200.64
1658019600000,192.63
1658023200000,193.81
1658026800000,190.46
1658030400000,195.02
1658034000000,190.14
1658037600000,189.51
1658041200000,164.0
1658044800000,115.77
1658048400000,110.21
1658052000000,87.59
1658055600000,72.92
1658059200000,40.02
1658062800000,83.42
1658066400000,109.3
1658070000000,200.89
1658073600000,344.42
1658077200000,415.01
1658080800000,426.4
1658084400000,434.95
1658088000000,430.02
1658091600000,406.57
1658095200000,389.77
1658098800000,328.49
1658102400000,299.23
1658106000000,282.44
1658109600000,287.08
1658113200000,305.11
1658116800000,393.11
1658120400000,424.94
1658124000000,401.82
1658127600000,373.93
1658131200000,324.03
1658134800000,303.44
1658138400000,291.35
1658142000000,271.57
1658145600000,277.89
1658149200000,279.97
1658152800000,386.25
1658156400000,455.42
1658160000000,512.56
1658163600000,637.64
1658167200000,679.54
1658170800000,600.0
1658174400000,530.13
1658178000000,469.86
1658181600000,402.46
1658185200000,368.99
1658188800000,336.39
1658192400000,325.24
1658196000000,318.72
1658199600000,350.98
1658203200000,440.0
1658206800000,483.43
1658210400000,452.95
1658214000000,385.6
1658217600000,364.07
1658221200000,342.88
1658224800000,344.33
1658228400000,339.53
1658232000000,322.72
1658235600000,348.17
1658239200000,380.01
1658242800000,443.42
1658246400000,484.1
1658250000000,581.25
1658253600000,570.05
1658257200000,466.15
1658260800000,392.7
1658264400000,285.91
1658268000000,268.35
1658271600000,241.92
1658275200000,234.63
1658278800000,236.89
1658282400000,235.99
1658286000000,280.09
1658289600000,377.03
1658293200000,425.07
1658296800000,394.46
1658300400000,334.09
1658304000000,299.15
1658307600000,230.98
1658311200000,228.72
1658314800000,235.91
1658318400000,238.46
1658322000000,287.4
1658325600000,319.97
1658329200000,380.32
1658332800000,439.1
1658336400000,513.99
1658340000000,526.26
1658343600000,467.73
1658347200000,413.57
1658350800000,374.83
1658354400000,336.0
1658358000000,328.74
1658361600000,332.29
1658365200000,335.67
1658368800000,327.24
1658372400000,334.0
1658376000000,436.95
1658379600000,493.88
1658383200000,488.31
1658386800000,462.98
1658390400000,431.95
1658394000000,381.09
1658397600000,346.06
1658401200000,319.96
1658404800000,314.82
1658408400000,307.94
1658412000000,337.08
1658415600000,346.19
1658419200000,427.87
1658422800000,488.71
1658426400000,515.45
1658430000000,495.18
1658433600000,513.29
1658437200000,419.96
1658440800000,372.69
1658444400000,334.1
1658448000000,333.41
1658451600000,327.35
1658455200000,328.25
1658458800000,336.95
1658462400000,409.88
1658466000000,450.9
1658469600000,436.92
1658473200000,409.4
1658476800000,342.65
1658480400000,334.03
1658484000000,307.56
1658487600000,274.04
1658491200000,275.57
1658494800000,300.99
1658498400000,301.09
1658502000000,391.04
1658505600000,450.56
1658509200000,479.99
1658512800000,480.9
1658516400000,494.6
1658520000000,461.04
1658523600000,424.92
1658527200000,404.56
1658530800000,344.67
1658534400000,351.99
1658538000000,337.01
1658541600000,332.04
1658545200000,331.27
1658548800000,337.03
1658552400000,333.12
1658556000000,343.78
1658559600000,350.96
1658563200000,337.02
1658566800000,307.36
1658570400000,285.06
1658574000000,242.73
1658577600000,183.97
1658581200000,185.45
1658584800000,226.44
1658588400000,285.03
1658592000000,336.02
1658595600000,372.87
1658599200000,402.15
1658602800000,405.61
1658606400000,396.9
1658610000000,366.61
1658613600000,393.26
1658617200000,379.24
1658620800000,355.06
1658624400000,331.0
1658628000000,316.18
1658631600000,302.82
1658635200000,272.76
1658638800000,260.93
1658642400000,222.42
1658646000000,162.89
1658649600000,149.99
1658653200000,100.16
1658656800000,71.72
1658660400000,58.48
1658664000000,48.77
1658667600000,64.4
1658671200000,120.06
1658674800000,255.88
1658678400000,355.02
1658682000000,390.4
1658685600000,418.85
1658689200000,433.15
1658692800000,417.16
1658696400000,374.48
1658700000000,346.4
1658703600000,276.76
1658707200000,264.97
1658710800000,266.03
1658714400000,261.71
1658718000000,286.29
1658721600000,375.08
1658725200000,410.14
1658728800000,412.34
1658732400000,350.64
1658736000000,295.58
1658739600000,265.25
1658743200000,235.09
1658746800000,231.32
1658750400000,222.45
1658754000000,203.61
1658757600000,259.43
1658761200000,266.29
1658764800000,333.55
1658768400000,379.2
1658772000000,383.81
1658775600000,386.86
1658779200000,391.69
1658782800000,330.98
1658786400000,330.38
1658790000000,316.03
1658793600000,276.85
1658797200000,292.79
1658800800000,300.31
1658804400000,346.94
1658808000000,408.23
1658811600000,454.37
1658815200000,391.64
1658818800000,293.5
1658822400000,235.59
1658826000000,262.81
1658829600000,200.01
1658833200000,188.58
1658836800000,183.1
1658840400000,179.58
1658844000000,190.16
1658847600000,264.3
1658851200000,350.01
1658854800000,432.55
1658858400000,438.97
1658862000000,447.5
1658865600000,437.28
1658869200000,376.27
1658872800000,405.0
1658876400000,351.19
1658880000000,347.08
1658883600000,349.99
1658887200000,348.33
1658890800000,377.14
1658894400000,460.0
1658898000000,499.94
1658901600000,492.41
1658905200000,434.99
1658908800000,425.61
1658912400000,418.4
1658916000000,389.92
1658919600000,348.89
1658923200000,337.95
1658926800000,353.31
1658930400000,371.24
1658934000000,429.65
1658937600000,500.91
1658941200000,532.67
1658944800000,549.87
1658948400000,529.36
1658952000000,504.98
1658955600000,428.97
1658959200000,437.79
1658962800000,400.91
1658966400000,399.97
1658970000000,399.71
1658973600000,399.97
1658977200000,400.04
1658980800000,493.93
1658984400000,559.28
1658988000000,539.56
1658991600000,501.42
1658995200000,451.16
1658998800000,418.45
1659002400000,426.07
1659006000000,409.58
1659009600000,425.1
1659013200000,433.66
1659016800000,454.39
1659020400000,513.93
1659024000000,563.85
1659027600000,598.94
1659031200000,586.99
1659034800000,557.43
1659038400000,534.23
1659042000000,451.72
1659045600000,400.02
1659049200000,384.1
1659052800000,373.81
1659056400000,388.51
1659060000000,374.83
1659063600000,402.61
1659067200000,463.16
1659070800000,508.14
1659074400000,517.17
1659078000000,503.93
1659081600000,463.44
1659085200000,448.93
1659088800000,394.44
1659092400000,366.45
1659096000000,365.04
1659099600000,404.98
1659103200000,407.08
1659106800000,461.52
1659110400000,489.87
1659114000000,512.51
1659117600000,504.33
1659121200000,484.94
1659124800000,482.05
1659128400000,425.74
1659132000000,425.0
1659135600000,404.3
1659139200000,405.0
1659142800000,395.85
1659146400000,377.06
1659150000000,383.98
1659153600000,406.78
1659157200000,423.02
1659160800000,412.72
1659164400000,388.65
1659168000000,335.48
1659171600000,308.54
1659175200000,268.46
1659178800000,236.78
1659182400000,247.78
1659186000000,291.73
1659189600000,316.43
1659193200000,388.44
1659196800000,425.86
1659200400000,454.15
1659204000000,467.71
1659207600000,466.69
1659211200000,466.24
1659214800000,441.93
1659218400000,382.79
1659222000000,339.88
1659225600000,300.1
1659229200000,293.05
1659232800000,271.3
1659236400000,272.41
1659240000000,261.03
1659243600000,264.8
1659247200000,300.01
1659250800000,286.37
1659254400000,261.1
1659258000000,255.76
1659261600000,263.08
1659265200000,219.08
1659268800000,208.74
1659272400000,226.08
1659276000000,252.07
1659279600000,316.01
1659283200000,394.79
1659286800000,449.55
1659290400000,452.95
1659294000000,464.52
1659297600000,465.67
1659301200000,425.89
1659304800000,385.06
1659308400000,344.06
1659312000000,338.81
1659315600000,320.86
1659319200000,329.72
1659322800000,380.0
1659326400000,429.66
1659330000000,467.91
1659333600000,474.9
1659337200000,459.05
1659340800000,447.89
1659344400000,428.22
1659348000000,392.1
1659351600000,388.2
1659355200000,377.4
1659358800000,385.09
1659362400000,398.9
1659366000000,437.25
1659369600000,461.06
1659373200000,510.66
1659376800000,530.88
1659380400000,524.33
1659384000000,509.33
1659387600000,469.58
1659391200000,440.98
1659394800000,390.1
1659398400000,382.1
1659402000000,359.89
1659405600000,352.69
1659409200000,393.03
1659412800000,457.04
1659416400000,479.9
1659420000000,478.9
1659423600000,397.91
1659427200000,328.26
1659430800000,307.77
1659434400000,234.87
1659438000000,227.41
1659441600000,198.39
1659445200000,219.0
1659448800000,274.71
1659452400000,324.11
1659456000000,435.36
1659459600000,499.47
1659463200000,511.07
1659466800000,513.17
1659470400000,484.91
1659474000000,441.26
1659477600000,383.95
1659481200000,368.07
1659484800000,340.14
1659488400000,326.3
1659492000000,329.96
1659495600000,368.76
1659499200000,440.47
1659502800000,453.86
1659506400000,444.21
1659510000000,370.24
1659513600000,317.82
1659517200000,244.61
1659520800000,243.56
1659524400000,182.52
1659528000000,199.08
1659531600000,291.92
1659535200000,361.59
1659538800000,438.52
1659542400000,500.35
1659546000000,550.06
1659549600000,566.89
1659553200000,560.76
1659556800000,500.02
1659560400000,452.18
1659564000000,450.3
1659567600000,414.26
1659571200000,375.07
1659574800000,348.49
1659578400000,345.3
1659582000000,375.07
1659585600000,452.27
1659589200000,480.1
1659592800000,479.79
1659596400000,449.9
1659600000000,408.25
1659603600000,370.91
1659607200000,344.28
1659610800000,284.02
1659614400000,319.51
1659618000000,342.64
1659621600000,366.51
1659625200000,416.97
1659628800000,492.73
1659632400000,513.74
1659636000000,504.33
1659639600000,499.83
1659643200000,480.6
1659646800000,424.96
1659650400000,406.06
1659654000000,358.18
1659657600000,337.64
1659661200000,339.17
1659664800000,338.52
1659668400000,390.05
1659672000000,449.91
1659675600000,468.0
1659679200000,483.91
1659682800000,447.14
1659686400000,428.44
1659690000000,405.1
1659693600000,394.2
1659697200000,331.05
1659700800000,297.06
1659704400000,256.21
1659708000000,252.44
1659711600000,291.18
1659715200000,355.02
1659718800000,419.54
1659722400000,424.89
1659726000000,437.3
1659729600000,429.91
1659733200000,386.55
1659736800000,361.76
1659740400000,315.05
1659744000000,308.59
1659747600000,276.45
1659751200000,267.76
1659754800000,261.14
1659758400000,290.83
1659762000000,315.03
1659765600000,309.56
1659769200000,273.36
1659772800000,238.11
1659776400000,202.19
1659780000000,170.12
1659783600000,149.31
1659787200000,116.02
1659790800000,139.77
1659794400000,175.16
1659798000000,239.05
1659801600000,318.16
1659805200000,372.49
1659808800000,396.81
1659812400000,380.64
1659816000000,369.08
1659819600000,324.98
1659823200000,277.89
1659826800000,232.85
1659830400000,218.28
1659834000000,206.4
1659837600000,200.47
1659841200000,205.23
1659844800000,205.0
1659848400000,206.29
1659852000000,162.27
1659855600000,142.7
1659859200000,100.0
1659862800000,87.69
1659866400000,86.82
1659870000000,69.74
1659873600000,70.02
1659877200000,86.15
1659880800000,102.82
1659884400000,199.42
1659888000000,301.67
1659891600000,393.3
1659895200000,421.99
1659898800000,419.92
1659902400000,401.86
1659906000000,359.42
1659909600000,310.08
1659913200000,271.57
1659916800000,281.49
1659920400000,278.39
1659924000000,272.89
1659927600000,310.38
1659931200000,408.54
1659934800000,419.99
1659938400000,414.68
1659942000000,384.55
1659945600000,339.44
1659949200000,307.07
1659952800000,292.66
1659956400000,294.01
1659960000000,294.68
1659963600000,307.77
1659967200000,329.86
1659970800000,406.02
1659974400000,439.98
1659978000000,495.9
1659981600000,493.85
1659985200000,455.0
1659988800000,429.15
1659992400000,391.2
1659996000000,330.76
1659999600000,298.92
1660003200000,298.95
1660006800000,289.2
1660010400000,295.75
1660014000000,320.01
1660017600000,382.92
1660021200000,414.98
1660024800000,426.22
1660028400000,383.99
1660032000000,310.09
1660035600000,282.44
1660039200000,277.57
1660042800000,258.94
1660046400000,260.64
1660050000000,266.89
1660053600000,289.37
1660057200000,351.34
1660060800000,420.0
1660064400000,469.8
1660068000000,469.72
1660071600000,428.67
1660075200000,406.45
1660078800000,343.31
1660082400000,297.01
1660086000000,286.98
1660089600000,298.71
1660093200000,285.6
1660096800000,293.99
1660100400000,297.74
1660104000000,343.67
1660107600000,392.98
1660111200000,395.51
1660114800000,356.26
1660118400000,302.9
1660122000000,284.9
1660125600000,274.76
1660129200000,253.0
1660132800000,253.96
1660136400000,272.34
1660140000000,303.1
1660143600000,353.0
1660147200000,409.93
1660150800000,449.0
1660154400000,454.73
1660158000000,420.0
1660161600000,406.84
1660165200000,355.01
1660168800000,309.92
1660172400000,300.03
1660176000000,310.0
1660179600000,306.3
1660183200000,312.0
1660186800000,347.06
1660190400000,406.65
1660194000000,419.97
1660197600000,414.9
1660201200000,397.16
1660204800000,355.1
1660208400000,313.97
1660212000000,298.97
1660215600000,269.86
1660219200000,267.86
1660222800000,294.0
1660226400000,334.8
1660230000000,401.31
1660233600000,450.0
1660237200000,539.9
1660240800000,534.75
1660244400000,446.0
1660248000000,414.99
1660251600000,390.0
1660255200000,422.1
1660258800000,405.0
1660262400000,395.69
1660266000000,391.95
1660269600000,402.56
1660273200000,408.0
1660276800000,469.21
1660280400000,513.31
1660284000000,508.0
1660287600000,472.56
1660291200000,419.9
1660294800000,405.6
1660298400000,376.39
1660302000000,328.45
1660305600000,334.37
1660309200000,372.09
1660312800000,393.24
1660316400000,448.08
1660320000000,489.99
1660323600000,560.0
1660327200000,565.4
1660330800000,507.78
1660334400000,469.47
1660338000000,424.02
1660341600000,427.23
1660345200000,400.71
1660348800000,387.87
1660352400000,374.09
1660356000000,375.79
1660359600000,382.76
1660363200000,379.9
1660366800000,388.74
1660370400000,399.9
1660374000000,374.5
1660377600000,333.41
1660381200000,300.02
1660384800000,247.22
1660388400000,192.11
1660392000000,213.62
1660395600000,292.05
1660399200000,341.76
1660402800000,412.3
1660406400000,466.2
1660410000000,503.26
1660413600000,504.7
1660417200000,479.94
1660420800000,461.91
1660424400000,425.89
1660428000000,416.3
1660431600000,397.2
1660435200000,377.9
1660438800000,354.0
1660442400000,350.06
1660446000000,351.01
1660449600000,352.77
1660453200000,350.05
1660456800000,355.17
1660460400000,339.94
1660464000000,309.0
1660467600000,249.58
1660471200000,136.72
1660474800000,84.93
1660478400000,74.02
1660482000000,164.37
1660485600000,268.13
1660489200000,343.52
1660492800000,415.9
1660496400000,454.91
1660500000000,459.96
1660503600000,462.6
1660507200000,455.42
1660510800000,407.48
1660514400000,375.03
1660518000000,361.09
1660521600000,360.64
1660525200000,350.0
1660528800000,352.99
1660532400000,363.59
1660536000000,381.41
1660539600000,429.12
1660543200000,467.34
1660546800000,452.8
1660550400000,431.41
1660554000000,407.06
1660557600000,402.31
1660561200000,392.13
1660564800000,392.77
1660568400000,380.09
1660572000000,400.05
1660575600000,448.84
1660579200000,495.0
1660582800000,520.01
1660586400000,555.72
1660590000000,536.69
1660593600000,507.0
1660597200000,475.42
1660600800000,465.26
1660604400000,430.65
1660608000000,430.94
1660611600000,416.42
1660615200000,422.59
1660618800000,440.99
1660622400000,502.52
1660626000000,517.99
1660629600000,514.9
1660633200000,488.44
1660636800000,450.0
1660640400000,424.95
1660644000000,417.08
1660647600000,410.06
1660651200000,410.09
1660654800000,418.06
1660658400000,442.53
1660662000000,506.91
1660665600000,600.05
1660669200000,664.89
1660672800000,662.05
1660676400000,648.38
1660680000000,580.0
1660683600000,513.28
1660687200000,523.94
1660690800000,483.88
1660694400000,472.13
1660698000000,459.22
1660701600000,463.42
1660705200000,489.64
1660708800000,547.74
1660712400000,597.04
1660716000000,616.33
1660719600000,575.1
1660723200000,549.97
1660726800000,526.89
1660730400000,509.09
1660734000000,500.0
1660737600000,493.09
1660741200000,509.47
1660744800000,541.6
1660748400000,593.3
1660752000000,676.04
1660755600000,747.93
1660759200000,681.0
1660762800000,629.09
1660766400000,552.03
1660770000000,508.92
1660773600000,523.92
1660777200000,479.9
1660780800000,480.0
1660784400000,474.46
1660788000000,478.13
1660791600000,499.24
1660795200000,550.0
1660798800000,598.9
1660802400000,620.1
1660806000000,613.59
1660809600000,610.19
1660813200000,577.65
1660816800000,559.87
1660820400000,563.11
1660824000000,543.34
1660827600000,541.9
1660831200000,586.23
1660834800000,593.97
1660838400000,642.99
1660842000000,657.98
1660845600000,646.96
1660849200000,600.06
1660852800000,562.82
1660856400000,524.93
1660860000000,510.09
1660863600000,467.63
1660867200000,450.1
1660870800000,434.14
1660874400000,439.39
1660878000000,469.62
1660881600000,528.21
1660885200000,571.24
1660888800000,587.56
1660892400000,575.0
1660896000000,566.0
1660899600000,547.26
1660903200000,527.8
1660906800000,488.24
1660910400000,461.14
1660914000000,461.17
1660917600000,490.86
1660921200000,517.42
1660924800000,545.56
1660928400000,568.99
1660932000000,569.4
1660935600000,550.0
1660939200000,530.58
1660942800000,504.93
1660946400000,512.09
1660950000000,500.05
1660953600000,480.09
1660957200000,460.04
1660960800000,452.61
1660964400000,452.15
1660968000000,471.69
1660971600000,475.03
1660975200000,484.93
1660978800000,480.02
1660982400000,464.5
1660986000000,443.19
1660989600000,432.48
1660993200000,364.68
1660996800000,344.13
1661000400000,339.28
1661004000000,361.23
1661007600000,402.56
1661011200000,475.06
1661014800000,529.91
1661018400000,552.48
1661022000000,540.09
1661025600000,514.12
1661029200000,458.96
1661032800000,430.27
1661036400000,381.0
1661040000000,374.94
1661043600000,344.27
1661047200000,323.0
1661050800000,324.07
1661054400000,365.99
1661058000000,348.35
1661061600000,332.0
1661065200000,317.26
1661068800000,254.52
1661072400000,176.88
1661076000000,97.31
1661079600000,77.46
1661083200000,97.34
1661086800000,204.21
1661090400000,313.88
1661094000000,455.0
1661097600000,530.0
1661101200000,592.0
1661104800000,623.89
1661108400000,609.96
1661112000000,595.46
1661115600000,570.11
1661119200000,504.25
1661122800000,477.42
1661126400000,467.94
1661130000000,447.93
1661133600000,450.02
1661137200000,497.08
1661140800000,561.74
1661144400000,599.9
1661148000000,610.0
1661151600000,595.59
1661155200000,583.46
1661158800000,567.5
1661162400000,534.3
1661166000000,540.91
1661169600000,557.06
1661173200000,577.2
1661176800000,586.67
1661180400000,613.55
1661184000000,640.0
1661187600000,675.55
1661191200000,679.97
1661194800000,629.63
1661198400000,588.86
1661202000000,545.0
1661205600000,550.0
1661209200000,504.73
1661212800000,507.0
1661216400000,500.57
1661220000000,503.32
1661223600000,531.02
1661227200000,627.95
1661230800000,668.21
1661234400000,680.0
1661238000000,640.1
1661241600000,614.01
1661245200000,551.4
1661248800000,518.71
1661252400000,518.46
1661256000000,549.81
1661259600000,572.78
1661263200000,604.43
1661266800000,648.15
1661270400000,713.65
1661274000000,794.95
1661277600000,771.0
1661281200000,708.83
1661284800000,644.0
1661288400000,599.99
1661292000000,581.8
1661295600000,550.0
1661299200000,550.19
1661302800000,535.98
1661306400000,539.01
1661310000000,574.18
1661313600000,648.0
1661317200000,683.25
1661320800000,694.26
1661324400000,649.92
1661328000000,588.06
1661331600000,576.89
1661335200000,516.12
1661338800000,541.97
1661342400000,545.11
1661346000000,577.34
1661349600000,613.48
1661353200000,672.33
1661356800000,750.0
1661360400000,850.0
1661364000000,783.56
1661367600000,724.96
1661371200000,659.37
1661374800000,578.42
1661378400000,535.2
1661382000000,522.92
1661385600000,520.07
1661389200000,513.06
1661392800000,518.6
1661396400000,530.07
1661400000000,606.61
1661403600000,668.24
1661407200000,689.87
1661410800000,639.34
1661414400000,576.99
1661418000000,535.04
1661421600000,505.88
1661425200000,504.19
1661428800000,502.59
1661432400000,524.96
1661436000000,564.35
1661439600000,686.8
1661443200000,714.23
1661446800000,766.79
1661450400000,760.0
1661454000000,710.0
1661457600000,673.4
1661461200000,626.73
1661464800000,607.15
1661468400000,580.07
1661472000000,572.53
1661475600000,571.04
1661479200000,569.21
1661482800000,598.99
1661486400000,750.0
1661490000000,769.23
1661493600000,802.99
1661497200000,781.62
1661500800000,763.2
1661504400000,750.03
1661508000000,702.33
1661511600000,676.88
1661515200000,643.55
1661518800000,665.93
1661522400000,685.56
1661526000000,750.01
1661529600000,770.0
1661533200000,780.0
1661536800000,778.54
1661540400000,770.0
1661544000000,747.74
1661547600000,700.0
1661551200000,685.14
1661554800000,644.2
1661558400000,636.8
1661562000000,587.9
1661565600000,563.47
1661569200000,573.1
1661572800000,580.9
1661576400000,636.0
1661580000000,682.59
1661583600000,685.95
1661587200000,660.75
1661590800000,601.84
1661594400000,578.03
1661598000000,488.82
1661601600000,500.16
1661605200000,461.73
1661608800000,489.19
1661612400000,554.67
1661616000000,669.91
1661619600000,704.62
1661623200000,700.06
1661626800000,665.98
1661630400000,659.94
1661634000000,576.39
1661637600000,585.03
1661641200000,491.4
1661644800000,467.7
1661648400000,430.0
1661652000000,425.97
1661655600000,409.92
1661659200000,427.29
1661662800000,441.91
1661666400000,467.45
1661670000000,437.62
1661673600000,275.09
1661677200000,256.88
1661680800000,115.98
1661684400000,75.8
1661688000000,13.29
1661691600000,62.16
1661695200000,105.92
1661698800000,336.2
1661702400000,579.24
1661706000000,676.4
1661709600000,700.75
1661713200000,646.06
1661716800000,606.7
1661720400000,590.03
1661724000000,590.85
1661727600000,544.14
1661731200000,523.3
1661734800000,521.03
1661738400000,516.07
1661742000000,582.36
1661745600000,696.75
1661749200000,769.92
1661752800000,793.99
1661756400000,668.06
1661760000000,661.36
1661763600000,574.27
1661767200000,548.77
1661770800000,553.42
1661774400000,541.57
1661778000000,548.41
1661781600000,645.73
1661785200000,773.91
1661788800000,837.66
1661792400000,871.0
1661796000000,860.89
1661799600000,800.0
1661803200000,762.48
1661806800000,615.91
1661810400000,617.49
1661814000000,595.07
1661817600000,585.01
1661821200000,584.96
1661824800000,594.99
1661828400000,612.55
1661832000000,763.3
1661835600000,778.06
1661839200000,791.31
1661842800000,759.95
1661846400000,664.79
1661850000000,580.26
1661853600000,569.34
1661857200000,571.95
1661860800000,553.98
1661864400000,581.3
1661868000000,573.89
1661871600000,746.77
1661875200000,793.71
1661878800000,855.46
1661882400000,765.99
1661886000000,705.0
1661889600000,626.74
1661893200000,573.8
1661896800000,531.48
1661900400000,523.31
1661904000000,541.87
1661907600000,498.16
1661911200000,541.83
1661914800000,543.26
1661918400000,649.99
1661922000000,724.46
1661925600000,736.97
1661929200000,697.72
1661932800000,633.31
1661936400000,644.83
1661940000000,552.93
1661943600000,529.08
1661947200000,496.98
1661950800000,519.64
1661954400000,541.81
1661958000000,641.74
1661961600000,720.67
1661965200000,750.0
1661968800000,714.45
1661972400000,677.26
1661976000000,563.52
1661979600000,532.51
1661983200000,490.77
1661986800000,484.36
1661990400000,486.34
1661994000000,480.02
1661997600000,495.18
1662001200000,532.8
1662004800000,644.71
1662008400000,669.21
1662012000000,665.46
1662015600000,614.15
1662019200000,567.93
1662022800000,522.02
1662026400000,495.26
1662030000000,491.55
1662033600000,511.25
1662037200000,539.65
1662040800000,559.97
1662044400000,631.45
1662048000000,686.23
1662051600000,729.9
1662055200000,702.09
1662058800000,640.72
1662062400000,572.54
1662066000000,495.19
1662069600000,456.05
1662073200000,418.74
1662076800000,395.35
1662080400000,362.68
1662084000000,391.73
1662087600000,445.42
1662091200000,532.08
1662094800000,566.1
1662098400000,581.97
1662102000000,529.89
1662105600000,497.53
1662109200000,404.22
1662112800000,260.08
1662116400000,238.59
1662120000000,244.16
1662123600000,309.98
1662127200000,367.53
1662130800000,489.39
1662134400000,550.1
1662138000000,574.34
1662141600000,562.86
1662145200000,401.96
1662148800000,343.25
1662152400000,210.06
1662156000000,230.18
1662159600000,244.97
1662163200000,262.46
1662166800000,249.99
1662170400000,235.3
1662174000000,291.67
1662177600000,275.0
1662181200000,370.08
1662184800000,400.43
1662188400000,378.67
1662192000000,206.73
1662195600000,128.28
1662199200000,75.27
1662202800000,51.01
1662206400000,77.55
1662210000000,165.93
1662213600000,249.98
1662217200000,401.54
1662220800000,453.63
1662224400000,530.0
1662228000000,514.93
1662231600000,411.0
1662235200000,381.71
1662238800000,319.72
1662242400000,210.27
1662246000000,204.77
1662249600000,200.05
1662253200000,204.16
1662256800000,220.08
1662260400000,222.72
1662264000000,211.07
1662267600000,226.39
1662271200000,209.95
1662274800000,183.72
1662278400000,125.91
1662282000000,83.97
1662285600000,72.61
1662289200000,52.91
1662292800000,65.48
1662296400000,86.63
1662300000000,204.12
1662303600000,375.0
1662307200000,455.47
1662310800000,509.93
1662314400000,509.93
1662318000000,445.0
1662321600000,409.67
1662325200000,335.28
1662328800000,269.25
1662332400000,220.0
1662336000000,212.45
1662339600000,222.84
1662343200000,239.33
1662346800000,367.52
1662350400000,459.9
1662354000000,506.5
1662357600000,519.93
1662361200000,470.49
1662364800000,400.99
1662368400000,308.08
1662372000000,250.01
1662375600000,182.56
1662379200000,204.1
1662382800000,267.37
1662386400000,346.51
1662390000000,487.05
1662393600000,564.27
1662397200000,601.62
1662400800000,523.03
1662404400000,420.15
1662408000000,309.49
1662411600000,225.45
1662415200000,273.51
1662418800000,298.29
1662422400000,275.68
1662426000000,282.87
1662429600000,286.75
1662433200000,340.91
1662436800000,513.03
1662440400000,553.88
1662444000000,561.75
1662447600000,478.46
1662451200000,431.07
1662454800000,304.49
1662458400000,255.17
1662462000000,267.1
1662465600000,279.92
1662469200000,363.97
1662472800000,443.33
1662476400000,525.81
1662480000000,564.44
1662483600000,633.97
1662487200000,594.0
1662490800000,530.03
1662494400000,484.81
1662498000000,471.21
1662501600000,415.26
1662505200000,384.07
1662508800000,367.45
1662512400000,366.11
1662516000000,387.67
1662519600000,394.01
1662523200000,484.68
1662526800000,519.9
1662530400000,524.77
1662534000000,501.18
1662537600000,469.94
1662541200000,450.38
1662544800000,392.98
1662548400000,390.39
1662552000000,396.65
1662555600000,399.97
1662559200000,445.33
1662562800000,521.75
1662566400000,576.75
1662570000000,633.49
1662573600000,599.98
1662577200000,551.3
1662580800000,486.44
1662584400000,438.87
1662588000000,442.12
1662591600000,407.83
1662595200000,400.35
1662598800000,382.07
1662602400000,379.29
1662606000000,404.13
1662609600000,500.91
1662613200000,520.0
1662616800000,524.06
1662620400000,509.98
1662624000000,483.69
1662627600000,455.56
1662631200000,432.9
1662634800000,399.93
1662638400000,392.84
1662642000000,394.96
1662645600000,403.04
1662649200000,450.15
1662652800000,504.91
1662656400000,525.82
1662660000000,510.24
1662663600000,479.91
1662667200000,394.55
1662670800000,345.17
1662674400000,300.01
1662678000000,238.2
1662681600000,205.01
1662685200000,192.6
1662688800000,226.87
1662692400000,278.7
1662696000000,375.58
1662699600000,431.0
1662703200000,431.46
1662706800000,401.74
1662710400000,353.07
1662714000000,329.86
1662717600000,339.76
1662721200000,292.47
1662724800000,293.88
1662728400000,291.02
1662732000000,364.23
1662735600000,390.0
1662739200000,435.31
1662742800000,467.35
1662746400000,465.0
1662750000000,419.95
1662753600000,398.29
1662757200000,375.44
1662760800000,400.85
1662764400000,359.09
1662768000000,352.09
1662771600000,348.07
1662775200000,348.09
1662778800000,356.04
1662782400000,381.3
1662786000000,411.07
1662789600000,427.72
1662793200000,429.18
1662796800000,419.9
1662800400000,418.36
1662804000000,399.98
1662807600000,355.0
1662811200000,348.99
1662814800000,353.39
1662818400000,371.98
1662822000000,436.24
1662825600000,469.52
1662829200000,491.86
1662832800000,483.98
1662836400000,459.95
1662840000000,443.97
1662843600000,437.01
1662847200000,421.45
1662850800000,385.07
1662854400000,385.06
1662858000000,369.22
1662861600000,358.54
1662865200000,369.02
1662868800000,379.02
1662872400000,385.01
1662876000000,402.13
1662879600000,402.13
1662883200000,388.5
1662886800000,380.04
1662890400000,360.0
1662894000000,295.0
1662897600000,251.8
1662901200000,297.0
1662904800000,343.1
1662908400000,404.32
1662912000000,459.99
1662915600000,505.94
1662919200000,517.2
1662922800000,484.94
1662926400000,451.26
1662930000000,400.0
1662933600000,347.09
1662937200000,355.48
1662940800000,355.0
1662944400000,349.9
1662948000000,353.39
1662951600000,389.05
1662955200000,466.11
1662958800000,502.68
1662962400000,502.29
1662966000000,458.97
1662969600000,405.02
1662973200000,359.35
1662976800000,351.33
1662980400000,329.91
1662984000000,336.94
1662987600000,344.22
1662991200000,385.97
1662994800000,471.71
1662998400000,515.0
1663002000000,540.64
1663005600000,515.64
1663009200000,443.31
1663012800000,369.0
1663016400000,344.74
1663020000000,345.06
1663023600000,294.93
1663027200000,282.3
1663030800000,295.04
1663034400000,302.86
1663038000000,338.74
1663041600000,421.1
1663045200000,447.28
1663048800000,461.19
1663052400000,449.78
1663056000000,422.29
1663059600000,429.55
1663063200000,335.95
1663066800000,325.35
1663070400000,331.05
1663074000000,344.96
1663077600000,364.53
1663081200000,450.11
1663084800000,503.46
1663088400000,520.95
1663092000000,521.15
1663095600000,459.13
1663099200000,425.21
1663102800000,344.91
1663106400000,345.08
1663110000000,329.47
1663113600000,339.9
1663117200000,335.64
1663120800000,343.29
1663124400000,377.77
1663128000000,468.6
1663131600000,506.06
1663135200000,571.51
1663138800000,545.08
1663142400000,505.76
1663146000000,503.5
1663149600000,485.02
1663153200000,454.41
1663156800000,435.15
1663160400000,448.28
1663164000000,485.94
1663167600000,502.08
1663171200000,550.97
1663174800000,630.25
1663178400000,540.31
1663182000000,460.34
1663185600000,421.71
1663189200000,353.41
1663192800000,391.63
1663196400000,338.77
1663200000000,317.25
1663203600000,301.87
1663207200000,271.99
1663210800000,322.58
1663214400000,450.0
1663218000000,465.56
1663221600000,500.1
1663225200000,470.74
1663228800000,420.61
1663232400000,375.02
1663236000000,330.87
1663239600000,302.5
1663243200000,297.03
1663246800000,260.82
1663250400000,274.7
1663254000000,366.08
1663257600000,457.8
1663261200000,464.19
1663264800000,460.33
1663268400000,405.79
1663272000000,364.46
1663275600000,254.09
1663279200000,182.6
1663282800000,163.73
1663286400000,140.92
1663290000000,138.26
1663293600000,142.59
1663297200000,211.52
1663300800000,354.1
1663304400000,421.07
1663308000000,446.0
1663311600000,333.78
1663315200000,190.32
1663318800000,111.86
1663322400000,80.95
1663326000000,67.84
1663329600000,38.19
1663333200000,43.97
1663336800000,83.09
1663340400000,149.92
1663344000000,313.75
1663347600000,363.93
1663351200000,350.0
1663354800000,219.56
1663358400000,160.86
1663362000000,119.91
1663365600000,92.62
1663369200000,80.24
1663372800000,71.17
1663376400000,80.2
1663380000000,71.11
1663383600000,72.69
1663387200000,82.24
1663390800000,86.0
1663394400000,97.88
1663398000000,74.03
1663401600000,79.55
1663405200000,60.06
1663408800000,43.92
1663412400000,5.09
1663416000000,7.13
1663419600000,2.0
1663423200000,35.18
1663426800000,66.72
1663430400000,104.5
1663434000000,144.33
1663437600000,106.36
1663441200000,72.68
1663444800000,70.42
1663448400000,44.28
1663452000000,26.62
1663455600000,27.06
1663459200000,22.19
1663462800000,27.17
1663466400000,34.02
1663470000000,31.59
1663473600000,22.0
1663477200000,60.05
1663480800000,74.57
1663484400000,67.95
1663488000000,72.55
1663491600000,72.46
1663495200000,68.49
1663498800000,35.37
1663502400000,20.02
1663506000000,33.97
1663509600000,47.93
1663513200000,81.73
1663516800000,182.5
1663520400000,201.92
1663524000000,214.68
1663527600000,182.75
1663531200000,149.5
1663534800000,113.28
1663538400000,83.82
1663542000000,97.02
1663545600000,84.28
1663549200000,83.89
1663552800000,98.33
1663556400000,169.4
1663560000000,344.87
1663563600000,400.03
1663567200000,415.38
1663570800000,355.0
1663574400000,325.98
1663578000000,230.69
1663581600000,190.78
1663585200000,153.35
1663588800000,170.13
1663592400000,215.41
1663596000000,228.15
1663599600000,350.0
1663603200000,407.43
1663606800000,442.05
1663610400000,420.05
1663614000000,375.0
1663617600000,342.68
1663621200000,296.69
1663624800000,261.77
1663628400000,260.1
1663632000000,275.39
1663635600000,262.47
1663639200000,260.1
1663642800000,278.3
1663646400000,375.0
1663650000000,433.0
1663653600000,440.76
1663657200000,401.65
1663660800000,364.15
1663664400000,344.3
1663668000000,318.48
1663671600000,306.78
1663675200000,308.31
1663678800000,325.61
1663682400000,355.69
1663686000000,420.7
1663689600000,469.05
1663693200000,580.61
1663696800000,508.1
1663700400000,429.9
1663704000000,388.2
1663707600000,353.78
1663711200000,310.3
1663714800000,299.58
1663718400000,299.54
1663722000000,299.58
1663725600000,297.28
1663729200000,340.94
1663732800000,427.01
1663736400000,534.75
1663740000000,527.71
1663743600000,429.07
1663747200000,358.15
1663750800000,321.62
1663754400000,298.37
1663758000000,302.26
1663761600000,311.38
1663765200000,331.88
1663768800000,364.32
1663772400000,406.74
1663776000000,470.0
1663779600000,574.51
1663783200000,490.53
1663786800000,403.66
1663790400000,370.0
1663794000000,349.39
1663797600000,373.07
1663801200000,339.41
1663804800000,330.08
1663808400000,310.94
1663812000000,322.2
1663815600000,360.0
1663819200000,435.1
1663822800000,536.03
1663826400000,498.8
1663830000000,387.88
1663833600000,333.9
1663837200000,301.0
1663840800000,294.36
1663844400000,275.84
1663848000000,288.07
1663851600000,310.94
1663855200000,376.92
1663858800000,437.74
1663862400000,493.68
1663866000000,600.0
1663869600000,510.0
1663873200000,418.38
1663876800000,396.34
1663880400000,378.69
1663884000000,352.56
1663887600000,320.23
1663891200000,312.58
1663894800000,300.48
1663898400000,303.12
1663902000000,324.57
1663905600000,410.66
1663909200000,455.29
1663912800000,424.57
1663916400000,376.02
1663920000000,350.92
1663923600000,338.56
1663927200000,318.16
1663930800000,295.3
1663934400000,324.92
1663938000000,330.76
1663941600000,372.14
1663945200000,422.09
1663948800000,460.13
1663952400000,473.02
1663956000000,435.61
1663959600000,395.48
1663963200000,381.86
1663966800000,360.93
1663970400000,377.94
1663974000000,344.12
1663977600000,312.03
1663981200000,307.23
1663984800000,306.29
1663988400000,312.74
1663992000000,345.2
1663995600000,371.78
1663999200000,370.66
1664002800000,375.15
1664006400000,369.93
1664010000000,363.49
1664013600000,330.0
1664017200000,298.29
1664020800000,299.0
1664024400000,317.11
1664028000000,357.0
1664031600000,374.47
1664035200000,409.63
1664038800000,427.76
1664042400000,407.68
1664046000000,371.55
1664049600000,362.73
1664053200000,314.97
1664056800000,268.66
1664060400000,230.0
1664064000000,215.24
1664067600000,215.16
1664071200000,194.4
1664074800000,197.6
1664078400000,228.14
1664082000000,239.9
1664085600000,278.74
1664089200000,291.6
1664092800000,271.97
1664096400000,277.0
1664100000000,266.48
1664103600000,238.34
1664107200000,211.34
1664110800000,218.59
1664114400000,266.2
1664118000000,328.13
1664121600000,380.09
1664125200000,412.03
1664128800000,393.92
1664132400000,369.97
1664136000000,348.17
1664139600000,294.43
1664143200000,248.77
1664146800000,179.85
1664150400000,156.84
1664154000000,121.24
1664157600000,98.22
1664161200000,155.92
1664164800000,244.59
1664168400000,333.89
1664172000000,329.99
1664175600000,291.5
1664179200000,259.75
1664182800000,217.48
1664186400000,162.98
1664190000000,173.93
1664193600000,154.25
1664197200000,165.24
1664200800000,197.39
1664204400000,309.08
1664208000000,389.01
1664211600000,419.01
1664215200000,396.58
1664218800000,329.7
1664222400000,303.08
1664226000000,263.91
1664229600000,190.95
1664233200000,180.24
1664236800000,169.8
1664240400000,151.3
1664244000000,167.35
1664247600000,209.97
1664251200000,327.48
1664254800000,415.95
1664258400000,443.51
1664262000000,412.29
1664265600000,366.86
1664269200000,351.37
1664272800000,301.37
1664276400000,293.27
1664280000000,288.65
1664283600000,295.21
1664287200000,308.29
1664290800000,365.3
1664294400000,381.5
1664298000000,418.99
1664301600000,400.52
1664305200000,351.43
1664308800000,333.69
1664312400000,319.71
1664316000000,306.42
1664319600000,275.78
1664323200000,245.94
1664326800000,242.98
1664330400000,273.77
1664334000000,307.13
1664337600000,383.17
1664341200000,472.63
1664344800000,500.38
1664348400000,429.91
1664352000000,409.97
1664355600000,394.6
1664359200000,353.76
1664362800000,346.45
1664366400000,331.8
1664370000000,357.91
1664373600000,384.98
1664377200000,435.59
1664380800000,510.79
1664384400000,640.42
1664388000000,510.0
1664391600000,419.99
1664395200000,372.61
1664398800000,361.8
1664402400000,351.45
1664406000000,336.51
1664409600000,326.14
1664413200000,315.19
1664416800000,320.0
1664420400000,345.53
1664424000000,440.07
1664427600000,569.93
1664431200000,583.44
1664434800000,478.2
1664438400000,443.38
1664442000000,377.86
1664445600000,394.98
1664449200000,344.25
1664452800000,335.99
1664456400000,368.94
1664460000000,389.75
1664463600000,445.01
1664467200000,523.19
1664470800000,605.0
1664474400000,520.0
1664478000000,424.99
1664481600000,397.03
1664485200000,374.46
1664488800000,349.44
1664492400000,336.1
1664496000000,325.03
1664499600000,322.42
1664503200000,324.8
1664506800000,348.44
1664510400000,429.99
1664514000000,524.0
1664517600000,538.92
1664521200000,431.37
1664524800000,376.35
1664528400000,334.17
1664532000000,279.01
1664535600000,252.2
1664539200000,200.03
1664542800000,195.36
1664546400000,218.23
1664550000000,306.61
1664553600000,365.85
1664557200000,356.73
1664560800000,308.23
1664564400000,192.44
1664568000000,164.0
1664571600000,91.95
1664575200000,64.41
1664578800000,63.59
1664582400000,50.0
1664586000000,21.48
1664589600000,16.91
1664593200000,15.03
1664596800000,15.02
1664600400000,23.84
1664604000000,45.02
1664607600000,73.05
1664611200000,109.85
1664614800000,106.77
1664618400000,90.0
1664622000000,74.04
1664625600000,66.16
1664629200000,66.9
1664632800000,69.82
1664636400000,137.8
1664640000000,169.32
1664643600000,195.77
1664647200000,180.27
1664650800000,144.9
1664654400000,110.29
1664658000000,77.45
1664661600000,64.54
1664665200000,64.04
1664668800000,58.24
1664672400000,61.95
1664676000000,59.19
1664679600000,59.53
1664683200000,59.38
1664686800000,59.17
1664690400000,85.03
1664694000000,92.0
1664697600000,74.15
1664701200000,62.08
1664704800000,57.47
1664708400000,56.37
1664712000000,64.55
1664715600000,67.01
1664719200000,91.36
1664722800000,192.05
1664726400000,280.0
1664730000000,311.72
1664733600000,289.98
1664737200000,230.47
1664740800000,162.7
1664744400000,150.92
1664748000000,80.84
1664751600000,94.04
1664755200000,82.92
1664758800000,84.27
1664762400000,95.21
1664766000000,126.95
1664769600000,192.68
1664773200000,279.94
1664776800000,304.1
1664780400000,243.02
1664784000000,193.73
1664787600000,117.1
1664791200000,100.0
1664794800000,121.96
1664798400000,83.43
1664802000000,140.3
1664805600000,204.07
1664809200000,322.59
1664812800000,391.11
1664816400000,466.62
1664820000000,379.85
1664823600000,321.3
1664827200000,318.42
1664830800000,279.93
1664834400000,205.48
1664838000000,188.59
1664841600000,187.67
1664845200000,169.1
1664848800000,187.69
1664852400000,196.92
1664856000000,329.97
1664859600000,427.5
1664863200000,497.39
1664866800000,317.09
1664870400000,258.9
1664874000000,217.24
1664877600000,161.91
1664881200000,150.69
1664884800000,140.07
1664888400000,144.08
1664892000000,182.98
1664895600000,261.1
1664899200000,376.44
1664902800000,447.11
1664906400000,319.09
1664910000000,229.25
1664913600000,176.97
1664917200000,138.12
1664920800000,139.99
1664924400000,103.36
1664928000000,96.27
1664931600000,89.09
1664935200000,109.9
1664938800000,82.67
1664942400000,178.0
1664946000000,226.24
1664949600000,225.0
1664953200000,190.5
1664956800000,107.23
1664960400000,58.01
1664964000000,36.23
1664967600000,3.91
1664971200000,0.38
1664974800000,12.46
1664978400000,59.83
1664982000000,112.43
1664985600000,183.75
1664989200000,170.06
1664992800000,108.51
1664996400000,63.84
1665000000000,63.92
1665003600000,54.98
1665007200000,0.93
1665010800000,0.39
1665014400000,0.1
1665018000000,0.49
1665021600000,0.5
1665025200000,36.01
1665028800000,90.1
1665032400000,148.09
1665036000000,149.11
1665039600000,72.97
1665043200000,62.9
1665046800000,9.23
1665050400000,8.54
1665054000000,9.04
1665057600000,33.29
1665061200000,61.25
1665064800000,72.65
1665068400000,190.83
1665072000000,297.27
1665075600000,360.08
1665079200000,274.09
1665082800000,190.56
1665086400000,175.38
1665090000000,175.37
1665093600000,178.95
1665097200000,145.4
1665100800000,145.73
1665104400000,148.52
1665108000000,151.0
1665111600000,172.83
1665115200000,209.57
1665118800000,301.66
1665122400000,250.11
1665126000000,188.96
1665129600000,160.65
1665133200000,76.4
1665136800000,66.64
1665140400000,64.02
1665144000000,64.9
1665147600000,72.71
1665151200000,143.89
1665154800000,205.28
1665158400000,252.56
1665162000000,289.47
1665165600000,197.57
1665169200000,155.02
1665172800000,169.49
1665176400000,122.03
1665180000000,131.32
1665183600000,114.67
1665187200000,117.62
1665190800000,121.91
1665194400000,119.99
1665198000000,130.05
1665201600000,116.89
1665205200000,142.86
1665208800000,167.72
1665212400000,191.09
1665216000000,165.29
1665219600000,106.03
1665223200000,68.36
1665226800000,49.58
1665230400000,45.91
1665234000000,78.34
1665237600000,76.42
1665241200000,166.4
1665244800000,244.64
1665248400000,302.03
1665252000000,229.95
1665255600000,231.06
1665259200000,189.32
1665262800000,180.66
1665266400000,216.13
1665270000000,195.02
1665273600000,189.41
1665277200000,162.1
1665280800000,141.95
1665284400000,147.12
1665288000000,153.0
1665291600000,195.68
1665295200000,196.7
1665298800000,150.85
1665302400000,116.0
1665306000000,87.69
1665309600000,60.1
1665313200000,51.6
1665316800000,56.51
1665320400000,80.09
1665324000000,132.38
1665327600000,183.08
1665331200000,198.84
1665334800000,258.74
1665338400000,178.58
1665342000000,147.61
1665345600000,122.35
1665349200000,99.86
1665352800000,69.37
1665356400000,70.87
1665360000000,70.83
1665363600000,70.89
1665367200000,80.67
1665370800000,141.4
1665374400000,167.79
1665378000000,227.26
1665381600000,266.36
1665385200000,217.18
1665388800000,165.03
1665392400000,160.58
1665396000000,133.46
1665399600000,131.08
1665403200000,131.17
1665406800000,139.37
1665410400000,158.86
1665414000000,210.58
1665417600000,247.81
1665421200000,276.74
1665424800000,227.97
1665428400000,197.78
1665432000000,167.77
1665435600000,159.34
1665439200000,155.0
1665442800000,174.3
1665446400000,174.3
1665450000000,171.54
1665453600000,170.13
1665457200000,169.2
1665460800000,253.98
1665464400000,299.91
1665468000000,348.98
1665471600000,300.72
1665475200000,258.72
1665478800000,239.35
1665482400000,206.75
1665486000000,203.35
1665489600000,207.92
1665493200000,225.26
1665496800000,258.95
1665500400000,323.9
1665504000000,442.72
1665507600000,484.75
1665511200000,351.65
1665514800000,295.02
1665518400000,262.03
1665522000000,258.54
1665525600000,236.57
1665529200000,222.21
1665532800000,207.56
1665536400000,198.99
1665540000000,219.9
1665543600000,240.68
1665547200000,307.75
1665550800000,480.12
1665554400000,479.3
1665558000000,334.03
1665561600000,283.73
1665565200000,232.08
1665568800000,213.64
1665572400000,217.9
1665576000000,217.58
1665579600000,224.31
1665583200000,241.53
1665586800000,295.09
1665590400000,378.4
1665594000000,479.97
1665597600000,324.38
1665601200000,273.02
1665604800000,243.55
1665608400000,228.57
1665612000000,218.66
1665615600000,210.0
1665619200000,193.8
1665622800000,182.96
1665626400000,195.02
1665630000000,218.46
1665633600000,257.47
1665637200000,285.81
1665640800000,332.53
1665644400000,301.56
1665648000000,280.05
1665651600000,277.7
1665655200000,262.7
1665658800000,254.99
1665662400000,255.0
1665666000000,263.58
1665669600000,267.05
1665673200000,292.35
1665676800000,319.66
1665680400000,343.7
1665684000000,290.1
1665687600000,248.54
1665691200000,225.19
1665694800000,202.06
1665698400000,231.32
1665702000000,219.6
1665705600000,212.12
1665709200000,211.62
1665712800000,218.92
1665716400000,229.49
1665720000000,278.37
1665723600000,350.0
1665727200000,412.65
1665730800000,327.39
1665734400000,297.26
1665738000000,282.41
1665741600000,262.01
1665745200000,238.37
1665748800000,221.42
1665752400000,242.69
1665756000000,258.6
1665759600000,274.0
1665763200000,290.0
1665766800000,299.3
1665770400000,266.99
1665774000000,217.94
1665777600000,220.03
1665781200000,193.0
1665784800000,191.76
1665788400000,174.0
1665792000000,163.8
1665795600000,144.74
1665799200000,139.9
1665802800000,133.36
1665806400000,147.49
1665810000000,159.44
1665813600000,186.62
1665817200000,199.33
1665820800000,185.09
1665824400000,160.0
1665828000000,144.91
1665831600000,136.57
1665835200000,118.78
1665838800000,120.0
1665842400000,133.21
1665846000000,169.45
1665849600000,184.83
1665853200000,195.73
1665856800000,158.04
1665860400000,143.39
1665864000000,140.08
1665867600000,128.71
1665871200000,76.54
1665874800000,67.9
1665878400000,65.99
1665882000000,69.44
1665885600000,79.12
1665889200000,75.55
1665892800000,71.4
1665896400000,75.95
1665900000000,87.58
1665903600000,84.83
1665907200000,75.32
1665910800000,67.51
1665914400000,51.01
1665918000000,12.49
1665921600000,16.74
1665925200000,64.99
1665928800000,75.44
1665932400000,168.01
1665936000000,195.27
1665939600000,222.87
1665943200000,177.16
1665946800000,144.96
1665950400000,140.04
1665954000000,134.55
1665957600000,128.31
1665961200000,114.41
1665964800000,105.65
1665968400000,89.64
1665972000000,86.14
1665975600000,108.44
1665979200000,129.28
1665982800000,158.64
1665986400000,182.42
1665990000000,161.1
1665993600000,128.32
1665997200000,128.92
1666000800000,117.49
1666004400000,117.64
1666008000000,123.27
1666011600000,139.38
1666015200000,169.71
1666018800000,222.32
1666022400000,266.23
1666026000000,272.22
1666029600000,229.93
1666033200000,175.42
1666036800000,162.65
1666040400000,145.02
1666044000000,141.64
1666047600000,135.71
1666051200000,140.35
1666054800000,139.95
1666058400000,150.3
1666062000000,149.51
1666065600000,198.47
1666069200000,258.73
1666072800000,277.3
1666076400000,242.16
1666080000000,201.96
1666083600000,180.01
1666087200000,167.15
1666090800000,152.92
1666094400000,145.93
1666098000000,153.57
1666101600000,158.83
1666105200000,219.78
1666108800000,245.16
1666112400000,251.43
1666116000000,201.05
1666119600000,167.09
1666123200000,163.29
1666126800000,153.92
1666130400000,131.62
1666134000000,125.18
1666137600000,121.42
1666141200000,125.12
1666144800000,133.18
1666148400000,148.6
1666152000000,169.43
1666155600000,240.65
1666159200000,247.74
1666162800000,216.69
1666166400000,187.31
1666170000000,174.76
1666173600000,152.62
1666177200000,148.19
1666180800000,142.48
1666184400000,151.26
1666188000000,168.93
1666191600000,197.84
1666195200000,240.16
1666198800000,226.92
1666202400000,166.5
1666206000000,146.57
1666209600000,148.15
1666213200000,131.57
1666216800000,127.53
1666220400000,114.89
1666224000000,77.39
1666227600000,76.02
1666231200000,71.97
1666234800000,112.34
1666238400000,149.52
1666242000000,172.71
1666245600000,195.81
1666249200000,167.65
1666252800000,167.41
1666256400000,155.51
1666260000000,132.2
1666263600000,129.66
1666267200000,130.3
1666270800000,138.61
1666274400000,149.14
1666278000000,169.34
1666281600000,177.68
1666285200000,184.05
1666288800000,167.18
1666292400000,141.48
1666296000000,132.73
1666299600000,124.11
1666303200000,131.73
1666306800000,118.62
1666310400000,113.36
1666314000000,111.01
1666317600000,115.97
1666321200000,136.36
1666324800000,155.77
1666328400000,180.85
1666332000000,194.58
1666335600000,194.62
1666339200000,181.74
1666342800000,177.96
1666346400000,174.07
1666350000000,166.5
1666353600000,168.96
1666357200000,171.07
1666360800000,178.83
1666364400000,197.18
1666368000000,201.49
1666371600000,209.94
1666375200000,179.04
1666378800000,164.6
1666382400000,155.34
1666386000000,143.21
1666389600000,143.22
1666393200000,132.71
1666396800000,129.03
1666400400000,132.49
1666404000000,132.74
1666407600000,134.9
1666411200000,133.8
1666414800000,141.2
1666418400000,145.49
1666422000000,145.6
1666425600000,140.45
1666429200000,132.35
1666432800000,129.14
1666436400000,121.17
1666440000000,114.85
1666443600000,116.8
1666447200000,132.8
1666450800000,159.12
1666454400000,179.13
1666458000000,183.23
1666461600000,164.16
1666465200000,143.0
1666468800000,137.01
1666472400000,132.42
1666476000000,110.66
1666479600000,99.15
1666483200000,93.54
1666486800000,90.0
1666490400000,92.21
1666494000000,88.55
1666497600000,104.8
1666501200000,110.0
1666504800000,121.46
1666508400000,114.86
1666512000000,96.0
1666515600000,93.23
1666519200000,83.47
1666522800000,76.17
1666526400000,78.31
1666530000000,80.02
1666533600000,89.23
1666537200000,103.87
1666540800000,112.44
1666544400000,115.49
1666548000000,102.98
1666551600000,87.33
1666555200000,80.71
1666558800000,73.53
1666562400000,52.81
1666566000000,49.82
1666569600000,38.08
1666573200000,25.08
1666576800000,38.07
1666580400000,52.33
1666584000000,68.29
1666587600000,103.69
1666591200000,122.1
1666594800000,108.91
1666598400000,104.75
1666602000000,81.49
1666605600000,68.1
1666609200000,67.82
1666612800000,68.19
1666616400000,76.16
1666620000000,82.5
1666623600000,109.98
1666627200000,122.27
1666630800000,134.3
1666634400000,109.23
1666638000000,86.73
1666641600000,85.67
1666645200000,78.4
1666648800000,56.93
1666652400000,50.59
1666656000000,56.49
1666659600000,56.19
1666663200000,67.4
1666666800000,70.67
1666670400000,86.88
1666674000000,118.65
1666677600000,139.43
1666681200000,126.17
1666684800000,102.21
1666688400000,100.1
1666692000000,93.81
1666695600000,78.72
1666699200000,79.98
1666702800000,92.11
1666706400000,115.6
1666710000000,154.83
1666713600000,180.31
1666717200000,186.33
1666720800000,152.7
1666724400000,130.43
1666728000000,120.67
1666731600000,112.33
1666735200000,97.6
1666738800000,91.39
1666742400000,88.23
1666746000000,88.69
1666749600000,96.53
1666753200000,107.51
1666756800000,128.04
1666760400000,154.98
1666764000000,162.1
1666767600000,150.06
1666771200000,133.31
1666774800000,118.58
1666778400000,112.49
1666782000000,115.93
1666785600000,118.53
1666789200000,124.91
1666792800000,146.98
1666796400000,144.72
1666800000000,154.9
1666803600000,151.81
1666807200000,127.65
1666810800000,109.99
1666814400000,98.47
1666818000000,90.1
1666821600000,91.91
1666825200000,96.11
1666828800000,98.14
1666832400000,96.01
1666836000000,98.34
1666839600000,114.44
1666843200000,136.72
1666846800000,176.79
1666850400000,177.25
1666854000000,145.1
1666857600000,130.36
1666861200000,118.81
1666864800000,107.59
1666868400000,100.86
1666872000000,105.72
1666875600000,120.06
1666879200000,140.69
1666882800000,159.56
1666886400000,154.95
1666890000000,143.61
1666893600000,131.82
1666897200000,128.0
1666900800000,121.34
1666904400000,98.29
1666908000000,88.18
1666911600000,87.55
1666915200000,88.18
1666918800000,88.04
1666922400000,89.21
1666926000000,92.85
1666929600000,114.91
1666933200000,127.59
1666936800000,133.94
1666940400000,123.58
1666944000000,119.6
1666947600000,104.99
1666951200000,99.95
1666954800000,88.9
1666958400000,92.18
1666962000000,96.17
1666965600000,105.92
1666969200000,125.18
1666972800000,129.08
1666976400000,127.67
1666980000000,112.9
1666983600000,102.21
1666987200000,101.61
1666990800000,92.03
1666994400000,93.31
1666998000000,92.77
1667001600000,90.41
1667005200000,87.98
1667008800000,87.0
1667012400000,86.67
1667016000000,91.39
1667019600000,101.32
1667023200000,115.04
1667026800000,109.0
1667030400000,95.48
1667034000000,87.0
1667037600000,84.85
1667041200000,81.46
1667044800000,84.51
1667048400000,89.96
1667052000000,112.92
1667055600000,123.01
1667059200000,139.91
1667062800000,138.24
1667066400000,121.85
1667070000000,109.9
1667073600000,104.04
1667077200000,97.49
1667080800000,103.01
1667084400000,100.49
1667088000000,100.2
1667091600000,99.92
1667095200000,98.31
1667098800000,98.46
1667102400000,98.98
1667106000000,100.55
1667109600000,110.04
1667113200000,113.33
1667116800000,104.18
1667120400000,97.81
1667124000000,100.03
1667127600000,100.0
1667131200000,100.0
1667134800000,109.43
1667138400000,124.61
1667142000000,140.15
1667145600000,156.0
1667149200000,170.38
1667152800000,165.0
1667156400000,147.52
1667160000000,138.96
1667163600000,127.0
1667167200000,109.26
1667170800000,129.38
1667174400000,119.09
1667178000000,116.32
1667181600000,114.6
1667185200000,115.07
1667188800000,123.45
1667192400000,145.62
1667196000000,166.39
1667199600000,168.0
1667203200000,153.3
1667206800000,143.35
1667210400000,141.95
1667214000000,141.96
1667217600000,145.96
1667221200000,155.0
1667224800000,169.15
1667228400000,179.48
1667232000000,201.51
1667235600000,182.84
1667239200000,167.81
1667242800000,147.09
1667246400000,136.78
1667250000000,120.51
1667253600000,100.73
1667257200000,80.65
1667260800000,76.68
1667264400000,55.26
1667268000000,37.0
1667271600000,38.76
1667275200000,54.63
1667278800000,59.95
1667282400000,77.99
1667286000000,84.4
1667289600000,67.65
1667293200000,57.18
1667296800000,48.91
1667300400000,38.59
1667304000000,41.24
1667307600000,68.89
1667311200000,80.0
1667314800000,89.39
1667318400000,114.5
1667322000000,125.63
1667325600000,102.08
1667329200000,84.19
1667332800000,71.67
1667336400000,69.57
1667340000000,27.71
1667343600000,54.92
1667347200000,24.34
1667350800000,17.38
1667354400000,15.28
1667358000000,20.2
1667361600000,30.01
1667365200000,69.71
1667368800000,97.19
1667372400000,97.12
1667376000000,73.03
1667379600000,47.08
1667383200000,42.58
1667386800000,39.94
1667390400000,52.66
1667394000000,72.17
1667397600000,91.3
1667401200000,105.36
1667404800000,146.89
1667408400000,148.93
1667412000000,130.0
1667415600000,97.19
1667419200000,83.72
1667422800000,88.66
1667426400000,81.66
1667430000000,75.73
1667433600000,71.79
1667437200000,46.42
1667440800000,45.09
1667444400000,43.83
1667448000000,71.58
1667451600000,87.67
1667455200000,99.77
1667458800000,112.99
1667462400000,106.7
1667466000000,94.15
1667469600000,108.25
1667473200000,110.43
1667476800000,128.94
1667480400000,125.26
1667484000000,136.3
1667487600000,133.62
1667491200000,137.46
1667494800000,128.71
1667498400000,132.21
1667502000000,128.28
1667505600000,109.08
1667509200000,124.39
1667512800000,113.5
1667516400000,88.11
1667520000000,93.04
1667523600000,89.06
1667527200000,94.22
1667530800000,114.49
1667534400000,129.47
1667538000000,174.79
1667541600000,206.05
1667545200000,215.15
1667548800000,209.9
1667552400000,204.96
1667556000000,202.78
1667559600000,203.05
1667563200000,189.01
1667566800000,207.56
1667570400000,212.96
1667574000000,217.42
1667577600000,239.99
1667581200000,240.55
1667584800000,217.74
1667588400000,195.58
1667592000000,187.0
1667595600000,179.8
1667599200000,172.21
1667602800000,150.59
1667606400000,136.89
1667610000000,132.54
1667613600000,130.65
1667617200000,130.65
1667620800000,135.0
1667624400000,135.99
1667628000000,142.2
1667631600000,142.82
1667635200000,144.35
1667638800000,137.12
1667642400000,128.4
1667646000000,125.56
1667649600000,115.03
1667653200000,126.63
1667656800000,138.03
1667660400000,151.05
1667664000000,166.93
1667667600000,170.0
1667671200000,163.29
1667674800000,112.98
1667678400000,94.06
1667682000000,91.28
1667685600000,72.85
1667689200000,57.85
1667692800000,23.7
1667696400000,35.03
1667700000000,21.66
1667703600000,64.53
1667707200000,27.14
1667710800000,53.5
1667714400000,31.3
1667718000000,37.44
1667721600000,44.91
1667725200000,59.51
1667728800000,50.47
1667732400000,64.05
1667736000000,39.46
1667739600000,82.07
1667743200000,84.97
1667746800000,85.05
1667750400000,100.81
1667754000000,77.54
1667757600000,73.7
1667761200000,36.97
1667764800000,27.15
1667768400000,27.59
1667772000000,19.85
1667775600000,0.09
1667779200000,0.09
1667782800000,0.09
1667786400000,0.3
1667790000000,5.0
1667793600000,9.07
1667797200000,54.32
1667800800000,99.52
1667804400000,105.04
1667808000000,84.4
1667811600000,67.14
1667815200000,68.86
1667818800000,70.46
1667822400000,84.35
1667826000000,98.87
1667829600000,151.61
1667833200000,149.05
1667836800000,155.57
1667840400000,156.49
1667844000000,140.15
1667847600000,110.07
1667851200000,84.33
1667854800000,77.06
1667858400000,54.36
1667862000000,77.58
1667865600000,79.51
1667869200000,73.45
1667872800000,71.22
1667876400000,62.99
1667880000000,76.77
1667883600000,85.41
1667887200000,129.24
1667890800000,135.49
1667894400000,91.3
1667898000000,71.38
1667901600000,75.62
1667905200000,72.86
1667908800000,91.23
1667912400000,93.46
1667916000000,121.03
1667919600000,123.3
1667923200000,135.27
1667926800000,142.1
1667930400000,119.78
1667934000000,98.6
1667937600000,84.98
1667941200000,99.77
1667944800000,71.37
1667948400000,74.42
1667952000000,74.41
1667955600000,64.97
1667959200000,68.06
1667962800000,68.38
1667966400000,87.3
1667970000000,117.05
1667973600000,148.63
1667977200000,160.58
1667980800000,147.2
1667984400000,129.13
1667988000000,117.83
1667991600000,114.07
1667995200000,119.49
1667998800000,144.36
1668002400000,149.07
1668006000000,159.06
1668009600000,192.11
1668013200000,199.96
1668016800000,168.84
1668020400000,149.1
1668024000000,140.69
1668027600000,127.73
1668031200000,118.81
1668034800000,114.54
1668038400000,110.0
1668042000000,99.8
1668045600000,102.14
1668049200000,99.77
1668052800000,112.55
1668056400000,153.19
1668060000000,182.06
1668063600000,199.12
1668067200000,167.52
1668070800000,124.34
1668074400000,123.34
1668078000000,89.52
1668081600000,101.24
1668085200000,126.98
1668088800000,153.24
1668092400000,184.65
1668096000000,197.44
1668099600000,198.24
1668103200000,181.95
1668106800000,145.07
1668110400000,125.35
1668114000000,121.98
1668117600000,79.99
1668121200000,70.25
1668124800000,67.97
1668128400000,67.97
1668132000000,68.19
1668135600000,75.77
1668139200000,81.26
1668142800000,109.0
1668146400000,134.81
1668150000000,149.07
1668153600000,125.52
1668157200000,111.32
1668160800000,109.45
1668164400000,104.49
1668168000000,114.22
1668171600000,134.74
1668175200000,174.1
1668178800000,179.61
1668182400000,208.51
1668186000000,206.79
1668189600000,177.37
1668193200000,156.21
1668196800000,133.13
1668200400000,128.23
1668204000000,121.04
1668207600000,137.41
1668211200000,134.21
1668214800000,130.01
1668218400000,126.8
1668222000000,129.44
1668225600000,129.68
1668229200000,158.0
1668232800000,172.29
1668236400000,171.72
1668240000000,166.93
1668243600000,141.85
1668247200000,130.89
1668250800000,134.16
1668254400000,138.03
1668258000000,148.94
1668261600000,206.97
1668265200000,194.53
1668268800000,240.7
1668272400000,238.0
1668276000000,199.71
1668279600000,177.44
1668283200000,166.84
1668286800000,160.86
1668290400000,158.69
1668294000000,168.8
1668297600000,152.21
1668301200000,143.0
1668304800000,127.0
1668308400000,134.07
1668312000000,135.29
1668315600000,135.29
1668319200000,150.75
1668322800000,155.96
1668326400000,131.57
1668330000000,120.31
1668333600000,133.0
1668337200000,130.13
1668340800000,125.0
1668344400000,137.4
1668348000000,141.87
1668351600000,150.38
1668355200000,187.61
1668358800000,197.86
1668362400000,165.12
1668366000000,150.04
1668369600000,141.04
1668373200000,141.39
1668376800000,122.11
1668380400000,100.01
1668384000000,101.43
1668387600000,93.88
1668391200000,107.13
1668394800000,108.75
1668398400000,121.88
1668402000000,167.38
1668405600000,205.1
1668409200000,208.9
1668412800000,166.45
1668416400000,142.4
1668420000000,129.9
1668423600000,143.33
1668427200000,165.69
1668430800000,207.32
1668434400000,212.28
1668438000000,212.44
1668441600000,254.18
1668445200000,217.88
1668448800000,187.44
1668452400000,160.49
1668456000000,139.71
1668459600000,157.58
1668463200000,147.57
1668466800000,136.2
1668470400000,129.31
1668474000000,128.85
1668477600000,110.15
1668481200000,111.17
1668484800000,129.92
1668488400000,163.62
1668492000000,211.53
1668495600000,222.74
1668499200000,210.0
1668502800000,199.92
1668506400000,198.81
1668510000000,189.84
1668513600000,205.65
1668517200000,222.18
1668520800000,224.08
1668524400000,217.35
1668528000000,220.0
1668531600000,214.24
1668535200000,220.69
1668538800000,174.98
1668542400000,153.52
1668546000000,137.91
1668549600000,122.27
1668553200000,79.17
1668556800000,79.18
1668560400000,79.15
1668564000000,70.49
1668567600000,70.49
1668571200000,79.18
1668574800000,120.01
1668578400000,151.33
1668582000000,168.15
1668585600000,176.09
1668589200000,174.42
1668592800000,163.78
1668596400000,180.48
1668600000000,184.01
1668603600000,201.07
1668607200000,220.58
1668610800000,236.1
1668614400000,241.41
1668618000000,202.94
1668621600000,163.72
1668625200000,146.08
1668628800000,114.1
1668632400000,83.32
1668636000000,64.91
1668639600000,47.95
1668643200000,23.92
1668646800000,16.45
1668650400000,10.39
1668654000000,5.88
1668657600000,11.06
1668661200000,66.55
1668664800000,84.84
1668668400000,96.08
1668672000000,89.9
1668675600000,83.65
1668679200000,86.78
1668682800000,112.44
1668686400000,119.83
1668690000000,143.17
1668693600000,153.4
1668697200000,152.65
1668700800000,194.93
1668704400000,181.8
1668708000000,153.63
1668711600000,136.68
1668715200000,146.84
1668718800000,149.8
1668722400000,128.91
1668726000000,113.02
1668729600000,119.67
1668733200000,126.83
1668736800000,115.82
1668740400000,120.05
1668744000000,129.97
1668747600000,150.05
1668751200000,227.79
1668754800000,227.23
1668758400000,228.56
1668762000000,228.56
1668765600000,226.43
1668769200000,197.37
1668772800000,194.91
1668776400000,206.91
1668780000000,214.98
1668783600000,202.98
1668787200000,211.8
1668790800000,172.76
1668794400000,158.17
1668798000000,135.61
1668801600000,118.35
1668805200000,153.33
1668808800000,123.65
1668812400000,144.47
1668816000000,146.48
1668819600000,148.4
1668823200000,140.67
1668826800000,143.98
1668830400000,150.0
1668834000000,138.98
1668837600000,159.93
1668841200000,205.7
1668844800000,215.07
1668848400000,180.78
1668852000000,203.91
1668855600000,186.74
1668859200000,192.02
1668862800000,213.34
1668866400000,227.11
1668870000000,243.39
1668873600000,281.98
1668877200000,287.29
1668880800000,260.7
1668884400000,240.0
1668888000000,232.09
1668891600000,219.05
1668895200000,204.82
1668898800000,200.74
1668902400000,183.92
1668906000000,187.42
1668909600000,180.0
1668913200000,170.59
1668916800000,175.88
1668920400000,180.08
1668924000000,194.19
1668927600000,200.03
1668931200000,215.03
1668934800000,212.03
1668938400000,217.99
1668942000000,210.05
1668945600000,198.85
1668949200000,205.15
1668952800000,224.6
1668956400000,241.95
1668960000000,267.37
1668963600000,273.0
1668967200000,266.44
1668970800000,244.9
1668974400000,215.1
1668978000000,212.03
1668981600000,169.45
1668985200000,139.35
1668988800000,140.38
1668992400000,149.49
1668996000000,144.98
1668999600000,154.8
1669003200000,167.52
1669006800000,270.4
1669010400000,316.94
1669014000000,324.05
1669017600000,308.15
1669021200000,296.18
1669024800000,307.53
1669028400000,299.82
1669032000000,302.32
1669035600000,332.02
1669039200000,333.69
1669042800000,334.68
1669046400000,335.39
1669050000000,315.41
1669053600000,291.43
1669057200000,252.17
1669060800000,220.0
1669064400000,199.93
1669068000000,155.03
1669071600000,113.67
1669075200000,112.45
1669078800000,99.97
1669082400000,82.15
1669086000000,87.9
1669089600000,103.72
1669093200000,152.18
1669096800000,229.91
1669100400000,248.97
1669104000000,236.51
1669107600000,242.2
1669111200000,244.41
1669114800000,245.18
1669118400000,251.76
1669122000000,258.96
1669125600000,259.97
1669129200000,255.54
1669132800000,284.96
1669136400000,294.9
1669140000000,272.49
1669143600000,248.95
1669147200000,199.13
1669150800000,199.53
1669154400000,167.68
1669158000000,152.89
1669161600000,137.44
1669165200000,123.98
1669168800000,119.94
1669172400000,123.91
1669176000000,149.78
1669179600000,209.19
1669183200000,258.46
1669186800000,268.55
1669190400000,229.95
1669194000000,197.41
1669197600000,172.42
1669201200000,166.64
1669204800000,165.11
1669208400000,180.08
1669212000000,186.68
1669215600000,206.22
1669219200000,223.49
1669222800000,219.51
1669226400000,209.92
1669230000000,153.73
1669233600000,149.77
1669237200000,142.24
1669240800000,124.22
1669244400000,141.63
1669248000000,127.37
1669251600000,122.17
1669255200000,117.73
1669258800000,126.18
1669262400000,153.56
1669266000000,207.39
1669269600000,293.16
1669273200000,309.09
1669276800000,294.94
1669280400000,295.02
1669284000000,289.9
1669287600000,272.93
1669291200000,269.92
1669294800000,272.24
1669298400000,300.36
1669302000000,315.05
1669305600000,322.72
1669309200000,299.59
1669312800000,285.91
1669316400000,261.56
1669320000000,229.94
1669323600000,217.1
1669327200000,173.64
1669330800000,187.29
1669334400000,175.19
1669338000000,163.07
1669341600000,151.82
1669345200000,159.15
1669348800000,181.64
1669352400000,230.6
1669356000000,297.07
1669359600000,307.65
1669363200000,289.85
1669366800000,280.45
1669370400000,263.47
1669374000000,256.03
1669377600000,272.43
1669381200000,290.17
1669384800000,318.36
1669388400000,327.36
1669392000000,349.9
1669395600000,337.95
1669399200000,314.37
1669402800000,274.15
1669406400000,266.32
1669410000000,269.92
1669413600000,226.03
1669417200000,212.77
1669420800000,210.7
1669424400000,199.13
1669428000000,200.0
1669431600000,197.99
1669435200000,211.94
1669438800000,214.94
1669442400000,228.07
1669446000000,264.96
1669449600000,279.9
1669453200000,257.83
1669456800000,253.32
1669460400000,249.99
1669464000000,237.41
1669467600000,257.61
1669471200000,264.02
1669474800000,288.2
1669478400000,315.92
1669482000000,306.1
1669485600000,270.08
1669489200000,232.22
1669492800000,213.37
1669496400000,200.0
1669500000000,173.69
1669503600000,144.88
1669507200000,135.0
1669510800000,122.01
1669514400000,99.4
1669518000000,99.4
1669521600000,105.64
1669525200000,129.0
1669528800000,136.76
1669532400000,141.34
1669536000000,151.77
1669539600000,153.5
1669543200000,163.53
1669546800000,159.62
1669550400000,151.84
1669554000000,157.13
1669557600000,158.0
1669561200000,170.89
1669564800000,180.1
1669568400000,180.4
1669572000000,181.88
1669575600000,157.28
1669579200000,135.1
1669582800000,155.04
1669586400000,150.07
1669590000000,129.22
1669593600000,130.46
1669597200000,127.7
1669600800000,119.58
1669604400000,120.07
1669608000000,129.5
1669611600000,193.09
1669615200000,304.17
1669618800000,354.63
1669622400000,367.7
1669626000000,370.0
1669629600000,365.91
1669633200000,360.1
1669636800000,367.2
1669640400000,383.91
1669644000000,397.91
1669647600000,392.6
1669651200000,415.58
1669654800000,398.97
1669658400000,374.7
1669662000000,329.04
1669665600000,312.0
1669669200000,294.98
1669672800000,260.26
1669676400000,271.88
1669680000000,250.09
1669683600000,228.17
1669687200000,226.24
1669690800000,235.17
1669694400000,271.89
1669698000000,303.99
1669701600000,396.22
1669705200000,444.92
1669708800000,445.32
1669712400000,445.91
1669716000000,435.6
1669719600000,418.05
1669723200000,424.26
1669726800000,446.38
1669730400000,450.7
1669734000000,460.04
1669737600000,501.1
1669741200000,486.86
1669744800000,463.82
1669748400000,400.0
1669752000000,334.9
1669755600000,297.66
1669759200000,280.25
1669762800000,288.45
1669766400000,279.18
1669770000000,264.27
1669773600000,260.79
1669777200000,267.63
1669780800000,290.0
1669784400000,332.28
1669788000000,434.43
1669791600000,478.1
1669795200000,478.6
1669798800000,474.71
1669802400000,482.52
1669806000000,449.99
1669809600000,450.47
1669813200000,464.24
1669816800000,458.76
1669820400000,478.4
1669824000000,503.55
1669827600000,495.2
1669831200000,465.14
1669834800000,413.9
1669838400000,344.2
1669842000000,316.86
1669845600000,277.18
1669849200000,292.06
1669852800000,291.43
1669856400000,284.76
1669860000000,274.8
1669863600000,271.91
1669867200000,283.49
1669870800000,353.18
1669874400000,450.84
1669878000000,463.55
1669881600000,462.15
1669885200000,453.07
1669888800000,446.43
1669892400000,437.88
1669896000000,446.54
1669899600000,464.07
1669903200000,463.1
1669906800000,458.04
1669910400000,484.07
1669914000000,469.79
1669917600000,457.89
1669921200000,430.8
1669924800000,379.49
1669928400000,340.63
1669932000000,304.55
1669935600000,306.33
1669939200000,294.19
1669942800000,299.1
1669946400000,298.97
1669950000000,300.72
1669953600000,313.82
1669957200000,361.55
1669960800000,413.6
1669964400000,442.66
1669968000000,433.19
1669971600000,427.34
1669975200000,409.66
1669978800000,403.96
1669982400000,384.3
1669986000000,307.58
1669989600000,288.0
1669993200000,281.82
1669996800000,379.14
1670000400000,334.02
1670004000000,340.04
1670007600000,252.46
1670011200000,333.53
1670014800000,278.62
1670018400000,256.24
1670022000000,238.15
1670025600000,235.6
1670029200000,231.77
1670032800000,223.94
1670036400000,230.64
1670040000000,245.0
1670043600000,252.06
1670047200000,253.05
1670050800000,256.93
1670054400000,281.67
1670058000000,311.3
1670061600000,316.09
1670065200000,307.44
1670068800000,302.5
1670072400000,315.91
1670076000000,315.91
1670079600000,330.92
1670083200000,358.73
1670086800000,343.1
1670090400000,311.74
1670094000000,290.55
1670097600000,289.9
1670101200000,278.7
1670104800000,244.49
1670108400000,230.7
1670112000000,219.92
1670115600000,231.19
1670119200000,208.81
1670122800000,208.52
1670126400000,213.08
1670130000000,211.84
1670133600000,218.86
1670137200000,255.3
1670140800000,288.83
1670144400000,300.73
1670148000000,306.57
1670151600000,304.85
1670155200000,301.53
1670158800000,306.07
1670162400000,308.24
1670166000000,324.9
1670169600000,347.42
1670173200000,304.86
1670176800000,302.0
1670180400000,261.63
1670184000000,279.2
1670187600000,265.9
1670191200000,243.17
1670194800000,205.16
1670198400000,195.89
1670202000000,183.22
1670205600000,181.68
1670209200000,163.66
1670212800000,250.61
1670216400000,292.0
1670220000000,368.99
1670223600000,406.33
1670227200000,400.49
1670230800000,399.65
1670234400000,421.93
1670238000000,404.91
1670241600000,392.96
1670245200000,413.46
1670248800000,429.91
1670252400000,430.73
1670256000000,444.98
1670259600000,433.15
1670263200000,427.92
1670266800000,392.3
1670270400000,333.11
1670274000000,324.56
1670277600000,292.62
1670281200000,298.1
1670284800000,277.91
1670288400000,275.9
1670292000000,277.69
1670295600000,287.38
1670299200000,309.23
1670302800000,370.99
1670306400000,454.93
1670310000000,455.68
1670313600000,459.95
1670317200000,453.2
1670320800000,460.17
1670324400000,453.97
1670328000000,446.1
1670331600000,459.29
1670335200000,453.84
1670338800000,461.53
1670342400000,479.4
1670346000000,453.93
1670349600000,418.26
1670353200000,368.95
1670356800000,319.0
1670360400000,304.98
1670364000000,274.28
1670367600000,264.59
1670371200000,235.72
1670374800000,203.91
1670378400000,199.96
1670382000000,230.18
1670385600000,259.4
1670389200000,254.05
1670392800000,345.01
1670396400000,383.29
1670400000000,345.7
1670403600000,325.23
1670407200000,305.01
1670410800000,296.85
1670414400000,323.15
1670418000000,408.06
1670421600000,436.74
1670425200000,454.07
1670428800000,419.26
1670432400000,400.0
1670436000000,388.38
1670439600000,408.82
1670443200000,327.15
1670446800000,300.72
1670450400000,280.56
1670454000000,286.56
1670457600000,280.78
1670461200000,269.67
1670464800000,269.91
1670468400000,275.49
1670472000000,299.79
1670475600000,326.0
1670479200000,400.09
1670482800000,447.43
1670486400000,454.09
1670490000000,447.85
1670493600000,446.22
1670497200000,448.47
1670500800000,448.26
1670504400000,454.05
1670508000000,456.99
1670511600000,462.92
1670515200000,498.21
1670518800000,459.27
1670522400000,454.02
1670526000000,433.91
1670529600000,353.13
1670533200000,328.31
1670536800000,299.24
1670540400000,334.01
1670544000000,306.42
1670547600000,302.38
1670551200000,298.49
1670554800000,304.04
1670558400000,317.66
1670562000000,358.77
1670565600000,455.38
1670569200000,474.29
1670572800000,474.7
1670576400000,471.33
1670580000000,484.16
1670583600000,481.1
1670587200000,470.0
1670590800000,476.44
1670594400000,473.91
1670598000000,474.88
1670601600000,507.91
1670605200000,477.37
1670608800000,451.51
1670612400000,440.0
1670616000000,376.0
1670619600000,338.04
1670623200000,316.22
1670626800000,312.48
1670630400000,306.0
1670634000000,290.79
1670637600000,287.26
1670641200000,284.9
1670644800000,287.15
1670648400000,295.35
1670652000000,313.58
1670655600000,346.14
1670659200000,396.61
1670662800000,419.33
1670666400000,412.38
1670670000000,398.1
1670673600000,375.9
1670677200000,377.07
1670680800000,393.5
1670684400000,420.59
1670688000000,449.92
1670691600000,442.7
1670695200000,420.72
1670698800000,361.15
1670702400000,323.88
1670706000000,307.65
1670709600000,288.27
1670713200000,300.65
1670716800000,292.8
1670720400000,288.08
1670724000000,272.52
1670727600000,268.42
1670731200000,269.24
1670734800000,280.98
1670738400000,279.73
1670742000000,293.09
1670745600000,320.09
1670749200000,326.55
1670752800000,345.19
1670756400000,347.71
1670760000000,324.74
1670763600000,328.31
1670767200000,336.51
1670770800000,361.6
1670774400000,413.94
1670778000000,430.05
1670781600000,412.74
1670785200000,383.98
1670788800000,335.35
1670792400000,323.85
1670796000000,306.25
1670799600000,280.18
1670803200000,277.68
1670806800000,274.31
1670810400000,269.79
1670814000000,267.92
1670817600000,283.71
1670821200000,392.24
1670824800000,505.0
1670828400000,545.22
1670832000000,513.99
1670835600000,505.47
1670839200000,497.62
1670842800000,489.95
1670846400000,482.8
1670850000000,506.04
1670853600000,535.73
1670857200000,558.54
1670860800000,588.09
1670864400000,558.66
1670868000000,508.04
1670871600000,490.0
1670875200000,408.9
1670878800000,361.32
1670882400000,313.2
1670886000000,306.14
1670889600000,288.11
1670893200000,285.28
1670896800000,276.98
1670900400000,282.3
1670904000000,316.07
1670907600000,368.9
1670911200000,499.7
1670914800000,571.76
1670918400000,553.29
1670922000000,518.08
1670925600000,505.16
1670929200000,482.78
1670932800000,506.03
1670936400000,552.71
1670940000000,570.25
1670943600000,590.0
1670947200000,665.01
1670950800000,595.94
1670954400000,522.58
1670958000000,452.47
1670961600000,353.79
1670965200000,321.03
1670968800000,283.08
1670972400000,274.82
1670976000000,270.47
1670979600000,268.69
1670983200000,278.2
1670986800000,280.21
1670990400000,311.11
1670994000000,368.82
1670997600000,494.97
1671001200000,539.99
1671004800000,569.72
1671008400000,565.18
1671012000000,568.01
1671015600000,526.07
1671019200000,515.48
1671022800000,514.95
1671026400000,528.53
1671030000000,545.0
1671033600000,590.0
1671037200000,557.0
1671040800000,520.57
1671044400000,487.9
1671048000000,396.67
1671051600000,351.72
1671055200000,328.94
1671058800000,300.0
1671062400000,290.74
1671066000000,279.46
1671069600000,270.19
1671073200000,274.14
1671076800000,289.63
1671080400000,336.73
1671084000000,432.74
1671087600000,490.03
1671091200000,489.66
1671094800000,474.55
1671098400000,450.72
1671102000000,406.56
1671105600000,396.53
1671109200000,455.05
1671112800000,469.93
1671116400000,485.03
1671120000000,500.0
1671123600000,499.91
1671127200000,485.53
1671130800000,439.9
1671134400000,367.72
1671138000000,336.29
1671141600000,306.06
1671145200000,296.3
1671148800000,288.12
1671152400000,280.19
1671156000000,270.33
1671159600000,282.55
1671163200000,296.35
1671166800000,344.51
1671170400000,458.94
1671174000000,543.49
1671177600000,561.72
1671181200000,543.49
1671184800000,540.83
1671188400000,492.26
1671192000000,469.12
1671195600000,465.8
1671199200000,465.14
1671202800000,478.55
1671206400000,505.0
1671210000000,490.17
1671213600000,467.8
1671217200000,401.93
1671220800000,335.11
1671224400000,308.56
1671228000000,285.27
1671231600000,283.9
1671235200000,271.08
1671238800000,259.95
1671242400000,246.13
1671246000000,238.73
1671249600000,237.36
1671253200000,237.51
1671256800000,248.77
1671260400000,291.05
1671264000000,299.81
1671267600000,302.13
1671271200000,281.16
1671274800000,270.07
1671278400000,254.75
1671282000000,266.87
1671285600000,283.5
1671289200000,305.13
1671292800000,335.42
1671296400000,324.01
1671300000000,291.99
1671303600000,264.07
1671307200000,245.93
1671310800000,216.08
1671314400000,199.86
1671318000000,176.27
1671321600000,168.67
1671325200000,170.28
1671328800000,172.11
1671332400000,172.43
1671336000000,169.49
1671339600000,168.3
1671343200000,177.22
1671346800000,209.72
1671350400000,209.65
1671354000000,218.09
1671357600000,216.12
1671361200000,185.8
1671364800000,224.43
1671368400000,229.5
1671372000000,239.86
1671375600000,233.57
1671379200000,229.47
1671382800000,220.65
1671386400000,208.29
1671390000000,130.02
1671393600000,163.08
1671397200000,145.93
1671400800000,115.28
1671404400000,120.1
1671408000000,105.84
1671411600000,92.36
1671415200000,76.1
1671418800000,77.72
1671422400000,109.11
1671426000000,175.36
1671429600000,240.03
1671433200000,249.57
1671436800000,248.85
1671440400000,248.85
1671444000000,247.05
1671447600000,248.7
1671451200000,245.8
1671454800000,249.43
1671458400000,248.81
1671462000000,249.02
1671465600000,248.85
1671469200000,248.85
1671472800000,227.11
1671476400000,187.71
1671480000000,174.65
1671483600000,166.33
1671487200000,120.06
1671490800000,108.19
1671494400000,92.41
1671498000000,92.45
1671501600000,76.35
1671505200000,81.94
1671508800000,99.21
1671512400000,149.99
1671516000000,199.68
1671519600000,223.4
1671523200000,225.14
1671526800000,220.37
1671530400000,227.34
1671534000000,219.23
1671537600000,216.22
1671541200000,228.18
1671544800000,225.01
1671548400000,227.65
1671552000000,228.99
1671555600000,234.43
1671559200000,230.0
1671562800000,228.24
1671566400000,229.49
1671570000000,211.16
1671573600000,184.65
1671577200000,182.11
1671580800000,174.76
1671584400000,178.93
1671588000000,167.93
1671591600000,168.96
1671595200000,180.0
1671598800000,218.57
1671602400000,253.16
1671606000000,273.0
1671609600000,269.84
1671613200000,251.71
1671616800000,248.24
1671620400000,238.96
1671624000000,232.89
1671627600000,241.02
1671631200000,228.96
1671634800000,224.79
1671638400000,246.01
1671642000000,234.99
1671645600000,225.81
1671649200000,211.19
1671652800000,187.91
1671656400000,170.58
1671660000000,140.09
1671663600000,158.9
1671667200000,145.6
1671670800000,140.19
1671674400000,132.41
1671678000000,128.22
1671681600000,155.92
1671685200000,183.86
1671688800000,224.72
1671692400000,224.4
1671696000000,223.72
1671699600000,225.4
1671703200000,224.4
1671706800000,224.04
1671710400000,216.82
1671714000000,213.29
1671717600000,210.39
1671721200000,213.19
1671724800000,214.19
1671728400000,224.4
1671732000000,221.82
1671735600000,201.07
1671739200000,183.71
1671742800000,170.96
1671746400000,161.67
1671750000000,148.72
1671753600000,148.72
1671757200000,146.39
1671760800000,137.87
1671764400000,141.0
1671768000000,148.55
1671771600000,169.45
1671775200000,189.19
1671778800000,217.0
1671782400000,222.2
1671786000000,225.09
1671789600000,221.93
1671793200000,223.91
1671796800000,228.91
1671800400000,225.92
1671804000000,220.05
1671807600000,222.06
1671811200000,214.02
1671814800000,209.93
1671818400000,198.44
1671822000000,181.34
1671825600000,152.0
1671829200000,148.74
1671832800000,119.9
1671836400000,81.2
1671840000000,50.4
1671843600000,50.0
1671847200000,32.52
1671850800000,36.0
1671854400000,48.48
1671858000000,57.53
1671861600000,98.2
1671865200000,122.2
1671868800000,145.87
1671872400000,138.67
1671876000000,140.04
1671879600000,137.78
1671883200000,139.96
1671886800000,150.99
1671890400000,159.89
1671894000000,163.05
1671897600000,166.34
1671901200000,149.74
1671904800000,138.79
1671908400000,129.67
1671912000000,120.0
1671915600000,116.7
1671919200000,110.78
1671922800000,120.28
1671926400000,112.11
1671930000000,106.65
1671933600000,90.84
1671937200000,85.7
1671940800000,85.65
1671944400000,85.64
1671948000000,92.7
1671951600000,110.1
1671955200000,113.28
1671958800000,119.6
1671962400000,121.36
1671966000000,101.01
1671969600000,95.6
1671973200000,92.89
1671976800000,110.08
1671980400000,112.91
1671984000000,130.42
1671987600000,120.38
1671991200000,110.09
1671994800000,118.21
1671998400000,106.52
1672002000000,102.25
1672005600000,100.0
1672009200000,50.3
1672012800000,36.98
1672016400000,27.02
1672020000000,21.3
1672023600000,17.9
1672027200000,16.33
1672030800000,18.11
1672034400000,23.29
1672038000000,38.68
1672041600000,53.57
1672045200000,59.3
1672048800000,59.0
1672052400000,54.9
1672056000000,29.99
1672059600000,32.64
1672063200000,33.99
1672066800000,47.63
1672070400000,54.98
1672074000000,52.2
1672077600000,59.17
1672081200000,58.43
1672084800000,59.04
1672088400000,48.55
1672092000000,19.48
1672095600000,23.36
1672099200000,9.98
1672102800000,5.69
1672106400000,5.0
1672110000000,11.46
1672113600000,19.59
1672117200000,30.42
1672120800000,80.96
1672124400000,95.9
1672128000000,100.08
1672131600000,95.93
1672135200000,108.42
1672138800000,110.38
1672142400000,124.36
1672146000000,139.08
1672149600000,143.32
1672153200000,147.56
1672156800000,158.69
1672160400000,164.69
1672164000000,156.93
1672167600000,147.56
1672171200000,128.8
1672174800000,107.84
1672178400000,85.62
1672182000000,40.28
1672185600000,33.13
1672189200000,10.31
1672192800000,0.05
1672196400000,0.03
1672200000000,0.1
1672203600000,16.97
1672207200000,31.41
1672210800000,43.24
1672214400000,63.63
1672218000000,68.38
1672221600000,59.95
1672225200000,52.08
1672228800000,47.09
1672232400000,71.1
1672236000000,71.08
1672239600000,85.77
1672243200000,89.71
1672246800000,87.43
1672250400000,71.77
1672254000000,55.1
1672257600000,46.42
1672261200000,35.45
1672264800000,21.05
1672268400000,-1.01
1672272000000,-1.05
1672275600000,-1.1
1672279200000,-2.18
1672282800000,-2.05
1672286400000,-0.98
1672290000000,-0.05
1672293600000,0.09
1672297200000,8.98
1672300800000,5.97
1672304400000,5.28
1672308000000,4.01
1672311600000,1.99
1672315200000,3.4
1672318800000,19.95
1672322400000,24.54
1672326000000,27.2
1672329600000,34.54
1672333200000,51.41
1672336800000,47.94
1672340400000,26.62
1672344000000,25.01
1672347600000,26.31
1672351200000,21.07
1672354800000,11.17
1672358400000,5.09
1672362000000,3.09
1672365600000,0.65
1672369200000,0.57
1672372800000,4.88
1672376400000,10.93
1672380000000,24.13
1672383600000,27.69
1672387200000,29.08
1672390800000,26.09
1672394400000,24.72
1672398000000,17.74
1672401600000,19.87
1672405200000,25.64
1672408800000,27.97
1672412400000,21.01
1672416000000,30.78
1672419600000,22.4
1672423200000,13.79
1672426800000,2.63
1672430400000,0.69
1672434000000,0.4
1672437600000,0.0
1672441200000,-0.03
1672444800000,-0.07
1672448400000,-0.03
1672452000000,-0.04
1672455600000,-0.03
1672459200000,-0.02
1672462800000,-0.01
1672466400000,-0.05
1672470000000,0.63
1672473600000,-0.03
1672477200000,-0.3
1672480800000,-1.66
1672484400000,-3.78
1672488000000,-3.44
1672491600000,-2.07
1672495200000,-1.98
1672498800000,-0.9
1672502400000,0.0
1672506000000,-0.01
1672509600000,-1.01
1672513200000,-1.39
1672516800000,-1.04
1672520400000,-1.07
1672524000000,-0.68
1672527600000,-5.17
1672531200000,-1.07
1672534800000,-1.47
1672538400000,-5.08
1672542000000,-4.49
1672545600000,-5.4
1672549200000,-5.02
1672552800000,-1.3
1672556400000,-1.44
1672560000000,-1.09
1672563600000,-1.07
1672567200000,-1.07
1672570800000,-0.79
1672574400000,-0.27
1672578000000,0.85
1672581600000,23.53
1672585200000,36.54
1672588800000,46.03
1672592400000,55.57
1672596000000,54.95
1672599600000,49.23
1672603200000,44.99
1672606800000,45.96
1672610400000,35.0
1672614000000,57.91
1672617600000,51.67
1672621200000,52.93
1672624800000,44.09
1672628400000,50.08
1672632000000,69.72
1672635600000,105.08
1672639200000,140.64
1672642800000,145.98
1672646400000,147.05
1672650000000,145.61
1672653600000,143.35
1672657200000,144.38
1672660800000,143.76
1672664400000,148.2
1672668000000,155.34
1672671600000,162.89
1672675200000,170.0
1672678800000,174.74
1672682400000,164.46
1672686000000,153.0
1672689600000,141.67
1672693200000,134.91
1672696800000,124.22
1672700400000,130.01
1672704000000,120.0
1672707600000,118.76
1672711200000,115.0
1672714800000,113.63
1672718400000,116.27
1672722000000,138.92
1672725600000,159.92
1672729200000,169.17
1672732800000,171.18
1672736400000,168.57
1672740000000,169.49
1672743600000,164.5
1672747200000,160.91
1672750800000,163.06
1672754400000,167.73
1672758000000,166.61
1672761600000,170.72
1672765200000,168.93
1672768800000,160.99
1672772400000,149.62
1672776000000,130.99
1672779600000,114.27
1672783200000,93.66
1672786800000,80.89
1672790400000,70.67
1672794000000,40.0
1672797600000,8.68
1672801200000,0.85
1672804800000,11.02
1672808400000,61.02
1672812000000,79.2
1672815600000,84.2
1672819200000,83.32
1672822800000,70.07
1672826400000,79.74
1672830000000,80.89
1672833600000,79.72
1672837200000,80.22
1672840800000,79.74
1672844400000,80.82
1672848000000,86.16
1672851600000,72.28
1672855200000,66.61
1672858800000,43.2
1672862400000,31.25
1672866000000,34.96
1672869600000,9.09
1672873200000,0.05
1672876800000,0.07
1672880400000,0.07
1672884000000,0.12
1672887600000,2.23
1672891200000,10.07
1672894800000,61.04
1672898400000,87.19
1672902000000,95.84
1672905600000,125.55
1672909200000,131.92
1672912800000,143.07
1672916400000,140.91
1672920000000,142.58
1672923600000,151.03
1672927200000,159.48
1672930800000,172.73
1672934400000,194.7
1672938000000,194.67
1672941600000,177.98
1672945200000,163.99
1672948800000,152.0
1672952400000,144.64
1672956000000,127.0
1672959600000,107.21
1672963200000,101.1
1672966800000,96.73
1672970400000,82.34
1672974000000,81.93
1672977600000,84.03
1672981200000,97.25
1672984800000,106.51
1672988400000,120.7
1672992000000,116.86
1672995600000,112.85
1672999200000,113.37
1673002800000,115.0
1673006400000,109.78
1673010000000,119.71
1673013600000,125.83
1673017200000,139.57
1673020800000,155.93
1673024400000,163.5
1673028000000,146.74
1673031600000,139.38
1673035200000,131.8
1673038800000,129.94
1673042400000,121.3
1673046000000,97.15
1673049600000,98.43
1673053200000,96.05
1673056800000,87.97
1673060400000,82.99
1673064000000,83.59
1673067600000,90.76
1673071200000,103.21
1673074800000,111.86
1673078400000,112.0
1673082000000,100.0
1673085600000,88.32
1673089200000,87.9
1673092800000,94.05
1673096400000,88.98
1673100000000,85.56
1673103600000,94.1
1673107200000,96.81
1673110800000,99.52
1673114400000,94.58
1673118000000,87.86
1673121600000,61.47
1673125200000,50.0
1673128800000,38.25
1673132400000,10.93
1673136000000,9.07
1673139600000,9.1
1673143200000,4.16
1673146800000,5.58
1673150400000,9.92
1673154000000,9.02
1673157600000,16.47
1673161200000,49.42
1673164800000,82.8
1673168400000,93.7
1673172000000,103.87
1673175600000,101.69
1673179200000,99.0
1673182800000,104.29
1673186400000,103.64
1673190000000,109.11
1673193600000,118.04
1673197200000,122.61
1673200800000,109.11
1673204400000,103.93
1673208000000,98.43
1673211600000,99.37
1673215200000,81.34
1673218800000,75.13
1673222400000,64.38
1673226000000,60.28
1673229600000,39.41
1673233200000,47.25
1673236800000,69.07
1673240400000,107.13
1673244000000,160.0
1673247600000,180.0
1673251200000,177.14
1673254800000,159.07
1673258400000,160.57
1673262000000,140.56
1673265600000,137.67
1673269200000,143.57
1673272800000,151.02
1673276400000,161.96
1673280000000,176.07
1673283600000,182.18
1673287200000,170.79
1673290800000,160.51
1673294400000,138.93
1673298000000,132.0
1673301600000,108.31
1673305200000,106.02
1673308800000,96.71
1673312400000,95.14
1673316000000,90.36
1673319600000,95.61
1673323200000,108.6
1673326800000,138.13
1673330400000,154.73
1673334000000,165.33
1673337600000,160.42
1673341200000,154.73
1673344800000,146.45
1673348400000,141.22
1673352000000,141.68
1673355600000,145.41
1673359200000,145.92
1673362800000,140.5
1673366400000,146.34
1673370000000,140.45
1673373600000,124.44
1673377200000,106.15
1673380800000,86.53
1673384400000,81.3
1673388000000,42.96
1673391600000,5.0
1673395200000,0.16
1673398800000,0.08
1673402400000,0.01
1673406000000,0.04
1673409600000,2.75
1673413200000,57.88
1673416800000,91.11
1673420400000,127.44
1673424000000,129.74
1673427600000,131.71
1673431200000,130.02
1673434800000,117.47
1673438400000,110.54
1673442000000,115.74
1673445600000,117.7
1673449200000,119.2
1673452800000,132.39
1673456400000,132.88
1673460000000,127.8
1673463600000,114.56
1673467200000,93.47
1673470800000,91.71
1673474400000,68.54
1673478000000,19.88
1673481600000,5.55
1673485200000,4.69
1673488800000,0.1
1673492400000,2.03
1673496000000,24.94
1673499600000,85.72
1673503200000,111.55
1673506800000,106.83
1673510400000,97.83
1673514000000,84.74
1673517600000,87.38
1673521200000,75.88
1673524800000,81.84
1673528400000,88.2
1673532000000,95.18
1673535600000,99.08
1673539200000,112.01
1673542800000,119.49
1673546400000,100.79
1673550000000,99.35
1673553600000,84.77
1673557200000,70.43
1673560800000,39.57
1673564400000,32.64
1673568000000,16.99
1673571600000,9.0
1673575200000,2.02
1673578800000,2.61
1673582400000,25.26
1673586000000,54.74
1673589600000,87.88
1673593200000,105.95
1673596800000,100.64
1673600400000,94.85
1673604000000,84.93
1673607600000,76.53
1673611200000,70.24
1673614800000,73.55
1673618400000,79.85
1673622000000,85.31
1673625600000,96.9
1673629200000,96.97
1673632800000,95.91
1673636400000,84.94
1673640000000,76.89
1673643600000,76.51
1673647200000,68.3
1673650800000,25.68
1673654400000,34.62
1673658000000,44.7
1673661600000,41.23
1673665200000,40.7
1673668800000,40.68
1673672400000,45.1
1673676000000,53.14
1673679600000,52.34
1673683200000,54.16
1673686800000,50.47
1673690400000,55.01
1673694000000,48.91
1673697600000,25.25
1673701200000,13.42
1673704800000,9.05
1673708400000,9.04
1673712000000,11.04
1673715600000,13.69
1673719200000,6.84
1673722800000,9.03
1673726400000,9.07
1673730000000,5.9
1673733600000,5.19
1673737200000,3.94
1673740800000,1.71
1673744400000,4.1
1673748000000,2.65
1673751600000,2.87
1673755200000,4.01
1673758800000,1.58
1673762400000,1.74
1673766000000,9.08
1673769600000,10.31
1673773200000,9.01
1673776800000,8.03
1673780400000,6.76
1673784000000,0.42
1673787600000,0.29
1673791200000,0.32
1673794800000,0.46
1673798400000,1.25
1673802000000,26.95
1673805600000,25.27
1673809200000,12.17
1673812800000,19.69
1673816400000,32.14
1673820000000,37.47
1673823600000,60.01
1673827200000,60.01
1673830800000,62.72
1673834400000,56.1
1673838000000,63.3
1673841600000,87.0
1673845200000,154.63
1673848800000,175.11
1673852400000,185.99
1673856000000,170.0
1673859600000,150.2
1673863200000,150.89
1673866800000,147.04
1673870400000,140.87
1673874000000,141.24
1673877600000,145.69
1673881200000,150.81
1673884800000,166.79
1673888400000,173.72
1673892000000,150.5
1673895600000,136.97
1673899200000,127.74
1673902800000,123.24
1673906400000,109.4
1673910000000,98.24
1673913600000,94.61
1673917200000,91.91
1673920800000,89.51
1673924400000,91.77
1673928000000,100.0
1673931600000,116.96
1673935200000,140.8
1673938800000,151.96
1673942400000,136.1
1673946000000,126.17
1673949600000,122.75
1673953200000,116.07
1673956800000,129.56
1673960400000,146.05
1673964000000,163.85
1673967600000,180.05
1673971200000,188.83
1673974800000,176.9
1673978400000,175.56
1673982000000,154.02
1673985600000,146.26
1673989200000,139.94
1673992800000,127.73
1673996400000,122.85
1674000000000,124.68
1674003600000,124.64
1674007200000,122.87
1674010800000,119.91
1674014400000,126.6
1674018000000,152.72
1674021600000,171.69
1674025200000,188.67
1674028800000,183.11
1674032400000,161.25
1674036000000,152.45
1674039600000,140.87
1674043200000,141.24
1674046800000,142.33
1674050400000,152.69
1674054000000,153.81
1674057600000,164.64
1674061200000,158.96
1674064800000,133.55
1674068400000,137.48
1674072000000,131.47
1674075600000,128.99
1674079200000,112.68
1674082800000,111.53
1674086400000,106.98
1674090000000,104.97
1674093600000,101.72
1674097200000,99.14
1674100800000,110.95
1674104400000,118.22
1674108000000,149.62
1674111600000,159.93
1674115200000,155.88
1674118800000,154.81
1674122400000,138.63
1674126000000,150.07
1674129600000,154.87
1674133200000,160.49
1674136800000,179.1
1674140400000,186.29
1674144000000,198.73
1674147600000,197.57
1674151200000,186.29
1674154800000,169.93
1674158400000,159.77
1674162000000,162.14
1674165600000,139.5
1674169200000,146.89
1674172800000,144.5
1674176400000,142.44
1674180000000,142.8
1674183600000,144.98
1674187200000,150.5
1674190800000,176.01
1674194400000,208.07
1674198000000,235.06
1674201600000,221.7
1674205200000,209.77
1674208800000,201.52
1674212400000,189.26
1674216000000,181.63
1674219600000,182.36
1674223200000,192.0
1674226800000,200.0
1674230400000,208.22
1674234000000,208.4
1674237600000,197.0
1674241200000,175.7
1674244800000,166.37
1674248400000,163.1
1674252000000,147.55
1674255600000,144.13
1674259200000,140.06
1674262800000,140.19
1674266400000,133.74
1674270000000,131.24
1674273600000,132.06
1674277200000,130.47
1674280800000,140.25
1674284400000,152.48
1674288000000,171.66
1674291600000,170.01
1674295200000,156.94
1674298800000,147.91
1674302400000,137.02
1674306000000,136.58
1674309600000,135.9
1674313200000,144.22
1674316800000,173.92
1674320400000,178.89
1674324000000,143.52
1674327600000,138.53
1674331200000,136.04
1674334800000,131.88
1674338400000,117.76
1674342000000,127.6
1674345600000,119.01
1674349200000,116.77
1674352800000,118.35
1674356400000,122.12
1674360000000,117.79
1674363600000,127.6
1674367200000,127.6
1674370800000,137.51
1674374400000,145.82
1674378000000,151.28
1674381600000,161.75
1674385200000,161.55
1674388800000,150.0
1674392400000,154.9
1674396000000,157.49
1674399600000,171.03
1674403200000,191.99
1674406800000,202.07
1674410400000,199.19
1674414000000,179.01
1674417600000,170.77
1674421200000,162.86
1674424800000,153.56
1674428400000,148.96
1674432000000,149.0
1674435600000,148.4
1674439200000,147.59
1674442800000,149.88
1674446400000,150.32
1674450000000,189.96
1674453600000,226.54
1674457200000,257.92
1674460800000,270.22
1674464400000,249.94
1674468000000,230.23
1674471600000,220.95
1674475200000,219.18
1674478800000,219.69
1674482400000,218.99
1674486000000,224.58
1674489600000,248.9
1674493200000,248.07
1674496800000,223.19
1674500400000,203.53
1674504000000,184.01
1674507600000,172.09
1674511200000,163.48
1674514800000,164.85
1674518400000,160.07
1674522000000,154.79
1674525600000,149.05
1674529200000,153.65
1674532800000,163.34
1674536400000,183.61
1674540000000,210.08
1674543600000,251.1
1674547200000,256.43
1674550800000,238.66
1674554400000,229.98
1674558000000,217.92
1674561600000,206.05
1674565200000,215.28
1674568800000,217.98
1674572400000,224.58
1674576000000,250.0
1674579600000,250.0
1674583200000,231.15
1674586800000,214.02
1674590400000,187.37
1674594000000,172.43
1674597600000,162.24
1674601200000,149.17
1674604800000,150.83
1674608400000,150.71
1674612000000,147.57
1674615600000,146.7
1674619200000,150.85
1674622800000,170.6
1674626400000,200.09
1674630000000,225.04
1674633600000,225.0
1674637200000,212.42
1674640800000,200.98
1674644400000,193.2
1674648000000,185.2
1674651600000,191.7
1674655200000,197.3
1674658800000,199.19
1674662400000,206.35
1674666000000,208.62
1674669600000,193.21
1674673200000,174.29
1674676800000,165.95
1674680400000,163.61
1674684000000,153.23
1674687600000,150.0
1674691200000,140.33
1674694800000,137.13
1674698400000,134.63
1674702000000,136.01
1674705600000,143.85
1674709200000,165.68
1674712800000,186.98
1674716400000,198.95
1674720000000,202.91
1674723600000,197.11
1674727200000,194.23
1674730800000,187.19
1674734400000,184.72
1674738000000,181.28
1674741600000,175.62
1674745200000,168.86
1674748800000,186.2
1674752400000,180.73
1674756000000,170.55
1674759600000,158.99
1674763200000,154.44
1674766800000,149.75
1674770400000,137.91
1674774000000,135.0
1674777600000,132.23
1674781200000,130.32
1674784800000,125.11
1674788400000,128.31
1674792000000,134.12
1674795600000,151.01
1674799200000,176.1
1674802800000,195.0
1674806400000,199.19
1674810000000,195.0
1674813600000,190.0
1674817200000,183.06
1674820800000,180.0
1674824400000,181.5
1674828000000,185.0
1674831600000,188.0
1674835200000,198.05
1674838800000,200.7
1674842400000,193.7
1674846000000,181.5
1674849600000,166.25
1674853200000,155.12
1674856800000,146.0
1674860400000,139.9
1674864000000,135.06
1674867600000,133.38
1674871200000,129.59
1674874800000,125.28
1674878400000,122.83
1674882000000,128.85
1674885600000,136.32
1674889200000,145.43
1674892800000,160.16
1674896400000,161.57
1674900000000,157.3
1674903600000,141.56
1674907200000,135.32
1674910800000,138.16
1674914400000,147.14
1674918000000,154.27
1674921600000,164.93
1674925200000,174.06
1674928800000,163.56
1674932400000,149.96
1674936000000,146.13
1674939600000,142.23
1674943200000,139.78
1674946800000,154.85
1674950400000,129.66
1674954000000,126.23
1674957600000,123.63
1674961200000,123.87
1674964800000,123.13
1674968400000,127.74
1674972000000,133.26
1674975600000,148.07
1674979200000,155.77
1674982800000,124.76
1674986400000,121.06
1674990000000,115.31
1674993600000,114.97
1674997200000,121.03
1675000800000,125.5
1675004400000,130.09
1675008000000,156.14
1675011600000,153.36
1675015200000,128.65
1675018800000,99.84
1675022400000,85.0
1675026000000,79.83
1675029600000,64.36
1675033200000,45.0
1675036800000,5.9
1675040400000,5.07
1675044000000,2.03
1675047600000,9.03
1675051200000,37.47
1675054800000,88.1
1675058400000,102.18
1675062000000,115.5
1675065600000,100.8
1675069200000,96.81
1675072800000,88.23
1675076400000,86.1
1675080000000,83.38
1675083600000,88.36
1675087200000,86.12
1675090800000,89.69
1675094400000,98.62
1675098000000,96.29
1675101600000,100.7
1675105200000,89.95
1675108800000,86.85
1675112400000,88.15
1675116000000,90.8
1675119600000,94.01
1675123200000,98.15
1675126800000,98.15
1675130400000,100.91
1675134000000,105.29
1675137600000,109.53
1675141200000,144.34
1675144800000,171.4
1675148400000,182.98
1675152000000,169.94
1675155600000,167.11
1675159200000,146.33
1675162800000,138.23
1675166400000,123.71
1675170000000,106.62
1675173600000,108.1
1675177200000,101.73
1675180800000,103.18
1675184400000,108.96
1675188000000,100.28
1675191600000,94.92
1675195200000,86.19
1675198800000,86.1
1675202400000,69.56
1675206000000,79.94
1675209600000,67.55
1675213200000,65.69
1675216800000,66.82
1675220400000,57.59
1675224000000,74.96
1675227600000,95.98
1675231200000,112.75
1675234800000,120.74
1675238400000,111.29
1675242000000,105.03
1675245600000,101.45
1675249200000,99.34
1675252800000,98.53
1675256400000,95.97
1675260000000,98.56
1675263600000,102.69
1675267200000,109.12
1675270800000,111.58
1675274400000,100.88
1675278000000,97.65
1675281600000,94.75
1675285200000,86.42
1675288800000,78.59
1675292400000,74.3
1675296000000,67.77
1675299600000,71.35
1675303200000,76.75
1675306800000,88.55
1675310400000,93.11
1675314000000,116.21
1675317600000,139.22
1675321200000,169.87
1675324800000,178.2
1675328400000,170.09
1675332000000,167.21
1675335600000,156.86
1675339200000,152.74
1675342800000,161.44
1675346400000,163.39
1675350000000,167.28
1675353600000,178.17
1675357200000,183.12
1675360800000,172.18
1675364400000,142.09
1675368000000,143.54
1675371600000,130.15
1675375200000,103.93
1675378800000,108.3
1675382400000,100.27
1675386000000,93.82
1675389600000,87.83
1675393200000,84.03
1675396800000,89.02
1675400400000,100.27
1675404000000,107.73
1675407600000,110.39
1675411200000,110.01
1675414800000,97.73
1675418400000,102.81
1675422000000,102.0
1675425600000,99.19
1675429200000,97.91
1675432800000,102.0
1675436400000,107.72
1675440000000,112.4
1675443600000,113.52
1675447200000,108.07
1675450800000,103.7
1675454400000,102.95
1675458000000,113.19
1675461600000,107.8
1675465200000,99.36
1675468800000,106.25
1675472400000,113.15
1675476000000,121.77
1675479600000,125.38
1675483200000,127.44
1675486800000,137.34
1675490400000,156.31
1675494000000,164.19
1675497600000,169.83
1675501200000,164.11
1675504800000,156.39
1675508400000,148.84
1675512000000,133.37
1675515600000,134.09
1675519200000,141.61
1675522800000,155.36
1675526400000,170.29
1675530000000,184.16
1675533600000,179.96
1675537200000,167.89
1675540800000,158.13
1675544400000,152.38
1675548000000,136.67
1675551600000,135.51
1675555200000,136.97
1675558800000,129.03
1675562400000,130.68
1675566000000,116.2
1675569600000,113.27
1675573200000,114.21
1675576800000,115.6
1675580400000,120.48
1675584000000,117.68
1675587600000,117.3
1675591200000,122.09
1675594800000,116.09
1675598400000,107.01
1675602000000,109.75
1675605600000,116.32
1675609200000,125.16
1675612800000,147.57
1675616400000,171.44
1675620000000,170.92
1675623600000,165.9
1675627200000,153.67
1675630800000,155.77
1675634400000,144.18
1675638000000,145.0
1675641600000,143.73
1675645200000,145.41
1675648800000,142.09
1675652400000,140.1
1675656000000,148.93
1675659600000,175.67
1675663200000,200.65
1675666800000,213.39
1675670400000,200.65
1675674000000,185.08
1675677600000,179.84
1675681200000,168.72
1675684800000,161.16
1675688400000,163.9
1675692000000,170.67
1675695600000,181.8
1675699200000,198.94
1675702800000,213.5
1675706400000,205.38
1675710000000,186.21
1675713600000,166.48
1675717200000,159.82
1675720800000,154.0
1675724400000,145.78
1675728000000,142.21
1675731600000,140.42
1675735200000,139.44
1675738800000,141.6
1675742400000,145.87
1675746000000,170.54
1675749600000,198.04
1675753200000,214.16
1675756800000,191.85
1675760400000,172.52
1675764000000,141.83
1675767600000,140.33
1675771200000,134.86
1675774800000,148.34
1675778400000,171.86
1675782000000,189.98
1675785600000,222.26
1675789200000,245.6
1675792800000,229.0
1675796400000,199.03
1675800000000,188.18
1675803600000,173.36
1675807200000,163.08
1675810800000,160.05
1675814400000,155.16
1675818000000,150.0
1675821600000,147.97
1675825200000,145.97
1675828800000,149.18
1675832400000,175.69
1675836000000,196.64
1675839600000,216.19
1675843200000,177.75
1675846800000,128.0
1675850400000,126.33
1675854000000,124.95
1675857600000,124.96
1675861200000,124.95
1675864800000,134.49
1675868400000,156.86
1675872000000,183.99
1675875600000,192.45
1675879200000,153.0
1675882800000,145.45
1675886400000,133.81
1675890000000,127.73
1675893600000,118.94
1675897200000,109.56
1675900800000,118.36
1675904400000,115.12
1675908000000,115.46
1675911600000,120.47
1675915200000,132.57
1675918800000,155.24
1675922400000,174.46
1675926000000,173.02
1675929600000,111.36
1675933200000,114.01
1675936800000,111.77
1675940400000,111.18
1675944000000,110.19
1675947600000,121.46
1675951200000,157.91
1675954800000,165.04
1675958400000,173.25
1675962000000,166.33
1675965600000,134.89
1675969200000,115.77
1675972800000,135.77
1675976400000,119.93
1675980000000,117.95
1675983600000,122.69
1675987200000,123.09
1675990800000,116.32
1675994400000,116.7
1675998000000,118.51
1676001600000,125.47
1676005200000,153.99
1676008800000,185.91
1676012400000,196.23
1676016000000,158.72
1676019600000,140.35
1676023200000,131.68
1676026800000,118.84
1676030400000,117.94
1676034000000,110.12
1676037600000,127.95
1676041200000,123.76
1676044800000,158.93
1676048400000,129.55
1676052000000,108.29
1676055600000,108.26
1676059200000,94.66
1676062800000,89.19
1676066400000,45.0
1676070000000,89.89
1676073600000,85.38
1676077200000,85.03
1676080800000,81.87
1676084400000,82.31
1676088000000,80.88
1676091600000,82.95
1676095200000,86.59
1676098800000,93.13
1676102400000,93.95
1676106000000,93.01
1676109600000,89.93
1676113200000,93.23
1676116800000,90.92
1676120400000,93.89
1676124000000,101.13
1676127600000,118.36
1676131200000,153.94
1676134800000,152.79
1676138400000,140.73
1676142000000,140.42
1676145600000,138.28
1676149200000,143.76
1676152800000,138.06
1676156400000,129.72
1676160000000,125.49
1676163600000,131.79
1676167200000,127.57
1676170800000,118.46
1676174400000,118.89
1676178000000,108.02
1676181600000,116.17
1676185200000,149.4
1676188800000,144.27
1676192400000,145.56
1676196000000,140.07
1676199600000,129.89
1676203200000,120.0
1676206800000,120.0
1676210400000,124.63
1676214000000,135.16
1676217600000,158.54
1676221200000,167.51
1676224800000,169.49
1676228400000,160.0
1676232000000,140.89
1676235600000,151.91
1676239200000,137.98
1676242800000,137.5
1676246400000,132.68
1676250000000,132.64
1676253600000,129.04
1676257200000,130.84
1676260800000,137.36
1676264400000,163.19
1676268000000,196.08
1676271600000,215.87
1676275200000,196.2
1676278800000,173.35
1676282400000,154.42
1676286000000,140.0
1676289600000,136.87
1676293200000,140.0
1676296800000,157.45
1676300400000,166.06
1676304000000,188.06
1676307600000,221.8
1676311200000,206.6
1676314800000,187.86
1676318400000,168.95
1676322000000,160.97
1676325600000,150.12
1676329200000,135.62
1676332800000,132.32
1676336400000,132.16
1676340000000,132.12
1676343600000,132.32
1676347200000,141.93
1676350800000,166.22
1676354400000,199.99
1676358000000,206.98
1676361600000,180.6
1676365200000,138.26
1676368800000,139.16
1676372400000,130.36
1676376000000,125.41
1676379600000,126.93
1676383200000,132.32
1676386800000,152.7
1676390400000,180.81
1676394000000,199.99
1676397600000,192.97
1676401200000,175.81
1676404800000,160.09
1676408400000,151.03
1676412000000,141.73
1676415600000,134.81
1676419200000,130.95
1676422800000,130.0
1676426400000,130.01
1676430000000,126.66
1676433600000,136.53
1676437200000,161.2
1676440800000,185.0
1676444400000,188.76
1676448000000,171.22
1676451600000,152.52
1676455200000,132.16
1676458800000,120.79
1676462400000,121.45
1676466000000,121.38
1676469600000,128.71
1676473200000,144.99
1676476800000,158.8
1676480400000,173.52
1676484000000,165.25
1676487600000,143.59
1676491200000,133.97
1676494800000,133.14
1676498400000,119.1
1676502000000,112.86
1676505600000,117.48
1676509200000,114.52
1676512800000,113.35
1676516400000,115.0
1676520000000,119.96
1676523600000,145.6
1676527200000,166.5
1676530800000,175.34
1676534400000,166.44
1676538000000,150.28
1676541600000,132.94
1676545200000,118.18
1676548800000,118.63
1676552400000,127.93
1676556000000,134.95
1676559600000,140.96
1676563200000,166.0
1676566800000,166.92
1676570400000,160.59
1676574000000,143.57
1676577600000,137.96
1676581200000,127.52
1676584800000,108.07
1676588400000,106.05
1676592000000,98.61
1676595600000,92.71
1676599200000,86.12
1676602800000,80.63
1676606400000,90.9
1676610000000,105.12
1676613600000,122.65
1676617200000,129.9
1676620800000,114.52
1676624400000,101.56
1676628000000,91.96
1676631600000,90.8
1676635200000,67.63
1676638800000,36.68
1676642400000,33.71
1676646000000,69.63
1676649600000,79.92
1676653200000,90.53
1676656800000,85.05
1676660400000,59.96
1676664000000,46.9
1676667600000,43.82
1676671200000,22.22
1676674800000,28.14
1676678400000,36.44
1676682000000,35.82
1676685600000,44.41
1676689200000,62.98
1676692800000,70.1
1676696400000,82.26
1676700000000,93.37
1676703600000,109.95
1676707200000,114.92
1676710800000,107.64
1676714400000,102.8
1676718000000,94.47
1676721600000,83.29
1676725200000,86.37
1676728800000,96.6
1676732400000,109.98
1676736000000,128.8
1676739600000,147.08
1676743200000,149.95
1676746800000,135.49
1676750400000,120.64
1676754000000,116.99
1676757600000,113.66
1676761200000,109.04
1676764800000,104.12
1676768400000,99.53
1676772000000,93.0
1676775600000,92.55
1676779200000,97.78
1676782800000,98.5
1676786400000,107.77
1676790000000,113.86
1676793600000,118.32
1676797200000,116.17
1676800800000,113.87
1676804400000,108.52
1676808000000,101.18
1676811600000,98.54
1676815200000,107.7
1676818800000,120.72
1676822400000,141.11
1676826000000,158.7
1676829600000,158.38
1676833200000,138.31
1676836800000,127.1
1676840400000,117.68
1676844000000,94.85
1676847600000,78.87
1676851200000,51.06
1676854800000,48.86
1676858400000,34.0
1676862000000,29.13
1676865600000,38.24
1676869200000,72.3
1676872800000,78.18
1676876400000,75.75
1676880000000,49.92
1676883600000,41.96
1676887200000,23.93
1676890800000,23.81
1676894400000,22.01
1676898000000,41.52
1676901600000,52.34
1676905200000,57.15
1676908800000,94.99
1676912400000,112.54
1676916000000,109.04
1676919600000,92.57
1676923200000,87.73
1676926800000,89.47
1676930400000,68.64
1676934000000,50.5
1676937600000,46.01
1676941200000,47.76
1676944800000,53.28
1676948400000,69.15
1676952000000,94.87
1676955600000,127.67
1676959200000,148.87
1676962800000,153.96
1676966400000,130.7
1676970000000,129.24
1676973600000,116.51
1676977200000,112.53
1676980800000,114.14
1676984400000,119.3
1676988000000,130.56
1676991600000,148.99
1676995200000,164.85
1676998800000,178.13
1677002400000,177.1
1677006000000,170.0
1677009600000,158.8
1677013200000,153.2
1677016800000,142.58
1677020400000,139.9
1677024000000,128.53
1677027600000,125.3
1677031200000,128.53
1677034800000,129.53
1677038400000,139.19
1677042000000,157.49
1677045600000,173.13
1677049200000,176.34
1677052800000,164.55
1677056400000,152.53
1677060000000,136.99
1677063600000,129.56
1677067200000,129.18
1677070800000,136.04
1677074400000,150.91
1677078000000,156.96
1677081600000,165.01
1677085200000,175.0
1677088800000,172.73
1677092400000,162.06
1677096000000,154.02
1677099600000,149.6
1677103200000,134.47
1677106800000,134.68
1677110400000,131.4
1677114000000,129.0
1677117600000,124.78
1677121200000,125.17
1677124800000,129.93
1677128400000,153.98
1677132000000,170.0
1677135600000,178.08
1677139200000,169.6
1677142800000,154.59
1677146400000,149.83
1677150000000,142.22
1677153600000,136.7
1677157200000,135.3
1677160800000,135.39
1677164400000,139.54
1677168000000,152.36
1677171600000,165.22
1677175200000,165.0
1677178800000,155.91
1677182400000,151.14
1677186000000,145.61
1677189600000,131.46
1677193200000,133.68
1677196800000,118.18
1677200400000,117.55
1677204000000,114.76
1677207600000,117.55
1677211200000,117.23
1677214800000,137.12
1677218400000,155.05
1677222000000,155.0
1677225600000,150.26
1677229200000,131.43
1677232800000,109.02
1677236400000,112.76
1677240000000,107.88
1677243600000,101.49
1677247200000,109.08
1677250800000,110.49
1677254400000,119.69
1677258000000,136.41
1677261600000,116.96
1677265200000,91.35
1677268800000,104.61
1677272400000,93.13
1677276000000,78.58
1677279600000,90.55
1677283200000,83.14
1677286800000,78.93
1677290400000,75.23
1677294000000,82.03
1677297600000,77.97
1677301200000,76.77
1677304800000,84.47
1677308400000,89.89
1677312000000,87.02
1677315600000,74.4
1677319200000,65.17
1677322800000,59.43
1677326400000,44.9
1677330000000,62.68
1677333600000,81.85
1677337200000,96.54
1677340800000,123.4
1677344400000,136.48
1677348000000,130.85
1677351600000,116.64
1677355200000,102.27
1677358800000,114.93
1677362400000,107.43
1677366000000,106.39
1677369600000,102.94
1677373200000,102.77
1677376800000,106.26
1677380400000,104.1
1677384000000,105.54
1677387600000,107.04
1677391200000,109.55
1677394800000,109.02
1677398400000,105.54
1677402000000,97.34
1677405600000,92.94
1677409200000,85.0
1677412800000,55.0
1677416400000,55.28
1677420000000,85.04
1677423600000,98.92
1677427200000,129.9
1677430800000,153.7
1677434400000,156.91
1677438000000,153.64
1677441600000,141.64
1677445200000,138.29
1677448800000,132.98
1677452400000,122.83
1677456000000,132.91
1677459600000,132.9
1677463200000,125.03
1677466800000,120.07
1677470400000,139.83
1677474000000,164.23
1677477600000,186.66
1677481200000,186.95
1677484800000,166.57
1677488400000,152.91
1677492000000,135.87
1677495600000,138.59
1677499200000,135.52
1677502800000,131.51
1677506400000,132.2
1677510000000,153.45
1677513600000,170.69
1677517200000,190.01
1677520800000,198.15
1677524400000,174.49
1677528000000,160.3
1677531600000,153.46
1677535200000,149.46
1677538800000,134.0
1677542400000,124.82
1677546000000,123.83
1677549600000,124.59
1677553200000,126.25
1677556800000,141.41
1677560400000,162.47
1677564000000,177.99
1677567600000,186.04
1677571200000,160.31
1677574800000,130.38
1677578400000,124.2
1677582000000,116.71
1677585600000,119.19
1677589200000,123.41
1677592800000,133.2
1677596400000,154.42
1677600000000,173.13
1677603600000,193.87
1677607200000,193.78
1677610800000,174.89
1677614400000,158.27
1677618000000,153.78
1677621600000,142.14
1677625200000,133.08
1677628800000,125.46
1677632400000,124.96
1677636000000,127.66
1677639600000,130.58
1677643200000,141.35
1677646800000,163.45
1677650400000,186.03
1677654000000,186.03
1677657600000,152.9
1677661200000,126.69
1677664800000,118.72
1677668400000,115.79
1677672000000,114.12
1677675600000,116.09
1677679200000,122.81
1677682800000,135.46
1677686400000,162.74
1677690000000,183.69
1677693600000,182.48
1677697200000,162.74
1677700800000,144.85
1677704400000,142.05
1677708000000,131.51
1677711600000,125.82
1677715200000,128.57
1677718800000,130.03
1677722400000,131.47
1677726000000,130.01
1677729600000,135.58
1677733200000,164.99
1677736800000,181.11
1677740400000,177.62
1677744000000,141.44
1677747600000,124.36
1677751200000,116.79
1677754800000,115.39
1677758400000,113.64
1677762000000,117.69
1677765600000,128.62
1677769200000,152.64
1677772800000,166.38
1677776400000,184.91
1677780000000,184.13
1677783600000,163.43
1677787200000,159.31
1677790800000,149.53
1677794400000,139.9
1677798000000,140.3
1677801600000,130.18
1677805200000,130.59
1677808800000,128.43
1677812400000,127.78
1677816000000,135.0
1677819600000,162.19
1677823200000,187.03
1677826800000,195.39
1677830400000,166.48
1677834000000,131.12
1677837600000,123.01
1677841200000,114.69
1677844800000,112.1
1677848400000,110.89
1677852000000,114.69
1677855600000,129.31
1677859200000,155.98
1677862800000,165.0
1677866400000,152.94
1677870000000,133.31
1677873600000,122.2
1677877200000,112.09
1677880800000,101.63
1677884400000,108.27
1677888000000,95.86
1677891600000,92.18
1677895200000,97.96
1677898800000,97.69
1677902400000,96.98
1677906000000,94.1
1677909600000,98.82
1677913200000,100.69
1677916800000,96.89
1677920400000,97.04
1677924000000,94.71
1677927600000,89.37
1677931200000,91.26
1677934800000,95.35
1677938400000,101.77
1677942000000,106.9
1677945600000,140.0
1677949200000,151.66
1677952800000,145.0
1677956400000,138.68
1677960000000,117.71
1677963600000,121.02
1677967200000,109.41
1677970800000,107.53
1677974400000,106.25
1677978000000,105.55
1677981600000,106.84
1677985200000,104.99
1677988800000,105.81
1677992400000,105.94
1677996000000,108.39
1677999600000,107.72
1678003200000,107.73
1678006800000,105.18
1678010400000,107.55
1678014000000,110.25
1678017600000,107.73
1678021200000,110.22
1678024800000,115.14
1678028400000,129.37
1678032000000,145.14
1678035600000,166.67
1678039200000,172.37
1678042800000,160.23
1678046400000,152.49
1678050000000,143.66
1678053600000,130.13
1678057200000,136.1
1678060800000,125.09
1678064400000,123.31
1678068000000,123.12
1678071600000,123.75
1678075200000,137.44
1678078800000,159.8
1678082400000,185.0
1678086000000,217.09
1678089600000,188.35
1678093200000,170.26
1678096800000,160.84
1678100400000,149.92
1678104000000,144.95
1678107600000,144.3
1678111200000,145.78
1678114800000,152.0
1678118400000,162.01
1678122000000,184.86
1678125600000,174.61
1678129200000,147.95
1678132800000,130.39
1678136400000,120.65
1678140000000,108.58
1678143600000,98.06
1678147200000,94.26
1678150800000,85.0
1678154400000,78.96
1678158000000,78.52
1678161600000,85.57
1678165200000,98.71
1678168800000,99.57
1678172400000,105.59
1678176000000,91.92
1678179600000,93.86
1678183200000,94.26
1678186800000,87.57
1678190400000,93.86
1678194000000,95.07
1678197600000,97.6
1678201200000,109.22
1678204800000,142.97
1678208400000,164.08
1678212000000,143.91
1678215600000,152.14
1678219200000,136.43
1678222800000,122.21
1678226400000,115.49
1678230000000,114.3
1678233600000,112.1
1678237200000,112.02
1678240800000,111.0
1678244400000,111.0
1678248000000,118.23
1678251600000,140.68
1678255200000,158.53
1678258800000,173.1
1678262400000,163.0
1678266000000,152.99
1678269600000,144.17
1678273200000,137.17
1678276800000,135.93
1678280400000,137.44
1678284000000,141.09
1678287600000,144.47
1678291200000,153.01
1678294800000,166.89
1678298400000,170.02
1678302000000,153.77
1678305600000,134.64
1678309200000,128.82
1678312800000,119.0
1678316400000,113.66
1678320000000,111.39
1678323600000,111.02
1678327200000,109.38
1678330800000,111.22
1678334400000,113.02
1678338000000,137.39
1678341600000,150.0
1678345200000,159.06
1678348800000,150.93
1678352400000,142.36
1678356000000,131.81
1678359600000,122.0
1678363200000,116.45
1678366800000,116.19
1678370400000,116.72
1678374000000,118.36
1678377600000,135.85
1678381200000,147.22
1678384800000,145.04
1678388400000,135.1
1678392000000,125.09
1678395600000,123.82
1678399200000,109.7
1678402800000,102.89
1678406400000,100.68
1678410000000,99.06
1678413600000,98.84
1678417200000,99.09
1678420800000,105.0
1678424400000,119.81
1678428000000,136.91
1678431600000,140.91
1678435200000,136.61
1678438800000,131.89
1678442400000,125.1
1678446000000,116.42
1678449600000,112.84
1678453200000,114.91
1678456800000,112.62
1678460400000,110.1
1678464000000,129.34
1678467600000,135.48
1678471200000,133.92
1678474800000,115.41
1678478400000,108.96
1678482000000,100.35
1678485600000,87.59
1678489200000,70.22
1678492800000,71.11
1678496400000,73.08
1678500000000,82.42
1678503600000,87.87
1678507200000,96.18
1678510800000,104.24
1678514400000,110.09
1678518000000,114.01
1678521600000,106.37
1678525200000,93.81
1678528800000,81.95
1678532400000,78.66
1678536000000,60.0
1678539600000,60.38
1678543200000,82.63
1678546800000,101.24
1678550400000,130.02
1678554000000,145.0
1678557600000,136.63
1678561200000,131.58
1678564800000,119.96
1678568400000,120.56
1678572000000,108.51
1678575600000,121.01
1678579200000,101.18
1678582800000,101.18
1678586400000,90.43
1678590000000,91.81
1678593600000,92.08
1678597200000,90.81
1678600800000,89.05
1678604400000,90.27
1678608000000,93.98
1678611600000,92.0
1678615200000,87.79
1678618800000,80.4
1678622400000,68.96
1678626000000,70.0
1678629600000,74.9
1678633200000,85.05
1678636800000,100.91
1678640400000,119.85
1678644000000,141.04
1678647600000,129.97
1678651200000,104.69
1678654800000,94.87
1678658400000,80.55
1678662000000,45.99
1678665600000,37.09
1678669200000,33.36
1678672800000,16.89
1678676400000,7.51
1678680000000,16.89
1678683600000,38.49
1678687200000,77.71
1678690800000,79.81
1678694400000,42.46
1678698000000,30.51
1678701600000,22.32
1678705200000,2.07
1678708800000,-0.02
1678712400000,-0.03
1678716000000,0.26
1678719600000,9.03
1678723200000,53.37
1678726800000,88.59
1678730400000,95.0
1678734000000,82.33
1678737600000,52.94
1678741200000,35.45
1678744800000,23.32
1678748400000,9.57
1678752000000,4.46
1678755600000,4.0
1678759200000,1.84
1678762800000,3.5
1678766400000,9.03
1678770000000,42.6
1678773600000,90.42
1678777200000,94.84
1678780800000,83.37
1678784400000,73.78
1678788000000,60.94
1678791600000,53.26
1678795200000,61.07
1678798800000,65.45
1678802400000,59.82
1678806000000,78.83
1678809600000,122.85
1678813200000,144.86
1678816800000,152.21
1678820400000,140.93
1678824000000,129.72
1678827600000,122.84
1678831200000,105.32
1678834800000,105.64
1678838400000,105.8
1678842000000,103.97
1678845600000,105.23
1678849200000,105.67
1678852800000,121.43
1678856400000,143.47
1678860000000,160.0
1678863600000,159.58
1678867200000,129.99
1678870800000,114.15
1678874400000,97.0
1678878000000,90.85
1678881600000,90.84
1678885200000,96.25
1678888800000,102.83
1678892400000,116.99
1678896000000,150.8
1678899600000,182.3
1678903200000,199.28
1678906800000,168.98
1678910400000,147.36
1678914000000,139.35
1678917600000,127.63
1678921200000,117.39
1678924800000,107.61
1678928400000,103.8
1678932000000,100.0
1678935600000,98.07
1678939200000,103.86
1678942800000,130.32
1678946400000,142.35
1678950000000,138.03
1678953600000,117.12
1678957200000,103.2
1678960800000,91.51
1678964400000,85.4
1678968000000,78.49
1678971600000,80.48
1678975200000,84.89
1678978800000,95.58
1678982400000,119.22
1678986000000,131.85
1678989600000,129.97
1678993200000,110.0
1678996800000,98.14
1679000400000,86.07
1679004000000,80.44
1679007600000,48.45
1679011200000,49.97
1679014800000,50.06
1679018400000,59.93
1679022000000,62.79
1679025600000,81.59
1679029200000,105.07
1679032800000,112.17
1679036400000,104.56
1679040000000,90.29
1679043600000,84.04
1679047200000,79.95
1679050800000,75.76
1679054400000,74.05
1679058000000,88.05
1679061600000,99.03
1679065200000,109.54
1679068800000,126.79
1679072400000,134.36
1679076000000,134.23
1679079600000,126.35
1679083200000,109.97
1679086800000,107.09
1679090400000,102.25
1679094000000,106.35
1679097600000,98.25
1679101200000,96.84
1679104800000,95.0
1679108400000,96.18
1679112000000,99.8
1679115600000,103.5
1679119200000,105.43
1679122800000,100.74
1679126400000,102.65
1679130000000,97.0
1679133600000,91.14
1679137200000,84.06
1679140800000,80.42
1679144400000,87.52
1679148000000,92.08
1679151600000,104.43
1679155200000,130.74
1679158800000,156.95
1679162400000,169.54
1679166000000,144.15
1679169600000,132.92
1679173200000,129.95
1679176800000,118.46
1679180400000,110.03
1679184000000,106.0
1679187600000,99.6
1679191200000,99.18
1679194800000,98.74
1679198400000,103.36
1679202000000,100.0
1679205600000,102.45
1679209200000,101.44
1679212800000,102.26
1679216400000,100.41
1679220000000,99.18
1679223600000,97.39
1679227200000,94.04
1679230800000,95.01
1679234400000,98.67
1679238000000,106.09
1679241600000,133.17
1679245200000,145.0
1679248800000,152.91
1679252400000,144.71
1679256000000,135.27
1679259600000,132.9
1679263200000,130.0
1679266800000,124.0
1679270400000,114.94
1679274000000,113.06
1679277600000,110.18
1679281200000,110.25
1679284800000,116.4
1679288400000,135.77
1679292000000,148.43
1679295600000,148.51
1679299200000,137.56
1679302800000,122.75
1679306400000,115.79
1679310000000,104.59
1679313600000,99.96
1679317200000,101.73
1679320800000,104.74
1679324400000,113.83
1679328000000,132.84
1679331600000,150.96
1679335200000,165.47
1679338800000,152.36
1679342400000,135.49
1679346000000,127.5
1679349600000,117.04
1679353200000,120.79
1679356800000,112.28
1679360400000,111.56
1679364000000,108.65
1679367600000,110.0
1679371200000,118.21
1679374800000,129.81
1679378400000,145.49
1679382000000,143.45
1679385600000,128.53
1679389200000,115.01
1679392800000,106.72
1679396400000,101.98
1679400000000,99.56
1679403600000,98.67
1679407200000,98.32
1679410800000,101.21
1679414400000,112.99
1679418000000,132.08
1679421600000,143.29
1679425200000,125.25
1679428800000,105.13
1679432400000,99.69
1679436000000,92.59
1679439600000,77.06
1679443200000,73.19
1679446800000,73.5
1679450400000,69.05
1679454000000,66.67
1679457600000,74.03
1679461200000,92.03
1679464800000,109.01
1679468400000,110.21
1679472000000,82.37
1679475600000,58.35
1679479200000,33.29
1679482800000,22.93
1679486400000,16.99
1679490000000,39.43
1679493600000,68.41
1679497200000,81.12
1679500800000,100.62
1679504400000,119.25
1679508000000,139.85
1679511600000,125.31
1679515200000,108.41
1679518800000,99.9
1679522400000,83.29
1679526000000,68.05
1679529600000,65.89
1679533200000,55.29
1679536800000,45.94
1679540400000,33.17
1679544000000,55.78
1679547600000,80.64
1679551200000,92.22
1679554800000,95.0
1679558400000,72.8
1679562000000,40.74
1679565600000,35.68
1679569200000,36.52
1679572800000,37.19
1679576400000,51.28
1679580000000,55.28
1679583600000,89.9
1679587200000,119.45
1679590800000,136.86
1679594400000,144.38
1679598000000,122.12
1679601600000,92.65
1679605200000,88.85
1679608800000,77.35
1679612400000,55.12
1679616000000,43.8
1679619600000,40.67
1679623200000,40.18
1679626800000,35.07
1679630400000,40.19
1679634000000,62.44
1679637600000,81.23
1679641200000,81.23
1679644800000,62.36
1679648400000,36.95
1679652000000,25.28
1679655600000,11.47
1679659200000,3.99
1679662800000,2.07
1679666400000,5.84
1679670000000,29.59
1679673600000,79.53
1679677200000,101.02
1679680800000,116.23
1679684400000,96.92
1679688000000,82.5
1679691600000,76.2
1679695200000,64.9
1679698800000,15.3
1679702400000,0.97
1679706000000,0.11
1679709600000,0.08
1679713200000,0.29
1679716800000,0.1
1679720400000,3.53
1679724000000,7.72
1679727600000,5.93
1679731200000,0.06
1679734800000,-0.06
1679738400000,-1.18
1679742000000,-3.62
1679745600000,-6.02
1679749200000,-5.38
1679752800000,-0.87
1679756400000,-0.02
1679760000000,23.9
1679763600000,60.0
1679767200000,77.04
1679770800000,60.0
1679774400000,41.84
1679778000000,38.91
1679781600000,33.36
1679785200000,39.66
1679788800000,39.23
1679792400000,40.12
1679796000000,40.88
1679799600000,41.42
1679803200000,63.49
1679806800000,73.09
1679810400000,77.24
1679814000000,79.6
1679817600000,78.58
1679821200000,76.0
1679824800000,61.89
1679828400000,55.44
1679832000000,50.46
1679835600000,46.02
1679839200000,48.35
1679842800000,77.09
1679846400000,106.65
1679850000000,117.86
1679853600000,112.59
1679857200000,104.63
1679860800000,99.42
1679864400000,94.64
1679868000000,96.0
1679871600000,93.15
1679875200000,87.48
1679878800000,83.99
1679882400000,84.9
1679886000000,92.85
1679889600000,115.0
1679893200000,142.99
1679896800000,151.31
1679900400000,118.76
1679904000000,94.85
1679907600000,80.93
1679911200000,68.26
1679914800000,54.91
1679918400000,42.74
1679922000000,46.16
1679925600000,49.62
1679929200000,74.37
1679932800000,95.95
1679936400000,124.38
1679940000000,116.07
1679943600000,105.99
1679947200000,103.52
1679950800000,91.46
1679954400000,78.68
1679958000000,82.3
1679961600000,84.67
1679965200000,92.83
1679968800000,92.5
1679972400000,99.44
1679976000000,130.05
1679979600000,159.92
1679983200000,159.92
1679986800000,127.14
1679990400000,104.28
1679994000000,94.89
1679997600000,94.84
1680001200000,92.99
1680004800000,91.76
1680008400000,94.67
1680012000000,96.22
1680015600000,108.59
1680019200000,136.87
1680022800000,160.98
1680026400000,161.0
1680030000000,133.02
1680033600000,127.09
1680037200000,110.98
1680040800000,97.53
1680044400000,95.1
1680048000000,97.13
1680051600000,98.78
1680055200000,98.18
1680058800000,99.2
1680062400000,117.04
1680066000000,144.13
1680069600000,152.0
1680073200000,144.17
1680076800000,130.03
1680080400000,119.05
1680084000000,110.98
1680087600000,105.6
1680091200000,101.55
1680094800000,104.94
1680098400000,106.2
1680102000000,128.15
1680105600000,145.41
1680109200000,149.87
1680112800000,132.28
1680116400000,114.92
1680120000000,109.9
1680123600000,94.8
1680127200000,89.71
1680130800000,82.25
1680134400000,80.75
1680138000000,78.77
1680141600000,77.91
1680145200000,76.8
1680148800000,89.77
1680152400000,119.37
1680156000000,129.3
1680159600000,110.0
1680163200000,90.66
1680166800000,80.0
1680170400000,64.83
1680174000000,25.59
1680177600000,5.75
1680181200000,10.05
1680184800000,39.62
1680188400000,72.44
1680192000000,97.55
1680195600000,120.0
1680199200000,119.37
1680202800000,103.28
1680206400000,100.05
1680210000000,90.76
1680213600000,65.13
1680217200000,64.9
1680220800000,57.1
1680224400000,48.62
1680228000000,68.84
1680231600000,79.97
1680235200000,111.72
1680238800000,132.12
1680242400000,137.64
1680246000000,132.19
1680249600000,124.2
1680253200000,119.67
1680256800000,103.77
1680260400000,97.14
1680264000000,93.05
1680267600000,94.72
1680271200000,101.89
1680274800000,103.51
1680278400000,114.97
1680282000000,115.56
1680285600000,109.98
1680289200000,98.83
1680292800000,86.73
1680296400000,80.0
1680300000000,82.19
1680303600000,63.9
1680307200000,53.84
1680310800000,38.83
1680314400000,36.05
1680318000000,35.33
1680321600000,34.36
1680325200000,51.71
1680328800000,61.16
1680332400000,60.41
1680336000000,49.57
1680339600000,46.09
1680343200000,40.96
1680346800000,38.62
1680350400000,33.5
1680354000000,36.37
1680357600000,40.57
1680361200000,52.06
1680364800000,84.89
1680368400000,90.89
1680372000000,84.89
1680375600000,75.6
1680379200000,79.95
1680382800000,66.64
1680386400000,69.59
1680390000000,60.46
1680393600000,58.51
1680397200000,60.46
1680400800000,58.51
1680404400000,60.46
1680408000000,58.72
1680411600000,70.08
1680415200000,75.55
1680418800000,66.09
1680422400000,51.66
1680426000000,50.24
1680429600000,42.64
1680433200000,26.07
1680436800000,14.21
1680440400000,14.79
1680444000000,31.85
1680447600000,41.74
1680451200000,100.41
1680454800000,130.0
1680458400000,131.5
1680462000000,120.6
1680465600000,112.68
1680469200000,109.12
1680472800000,108.53
1680476400000,107.68
1680480000000,108.04
1680483600000,103.9
1680487200000,100.43
1680490800000,110.07
1680494400000,139.22
1680498000000,167.54
1680501600000,163.79
1680505200000,128.38
1680508800000,103.8
1680512400000,88.76
1680516000000,80.98
1680519600000,74.9
1680523200000,71.66
1680526800000,78.91
1680530400000,82.0
1680534000000,100.35
1680537600000,133.77
1680541200000,158.11
1680544800000,156.25
1680548400000,142.94
1680552000000,132.02
1680555600000,113.12
1680559200000,110.85
1680562800000,110.0
1680566400000,113.68
1680570000000,115.42
1680573600000,116.64
1680577200000,121.91
1680580800000,145.35
1680584400000,180.38
1680588000000,178.53
1680591600000,147.63
1680595200000,118.43
1680598800000,112.02
1680602400000,108.86
1680606000000,108.12
1680609600000,107.31
1680613200000,108.71
1680616800000,112.73
1680620400000,122.0
1680624000000,147.1
1680627600000,180.0
1680631200000,177.32
1680634800000,155.56
1680638400000,141.19
1680642000000,129.93
1680645600000,127.51
1680649200000,118.26
1680652800000,119.61
1680656400000,118.25
1680660000000,124.99
1680663600000,134.46
1680667200000,165.82
1680670800000,207.92
1680674400000,179.74
1680678000000,142.16
1680681600000,119.6
1680685200000,115.0
1680688800000,113.59
1680692400000,113.84
1680696000000,113.81
1680699600000,113.59
1680703200000,116.3
1680706800000,135.61
1680710400000,156.52
1680714000000,199.56
1680717600000,191.68
1680721200000,164.98
1680724800000,151.39
1680728400000,139.13
1680732000000,135.54
1680735600000,124.12
1680739200000,120.0
1680742800000,115.33
1680746400000,114.85
1680750000000,124.91
1680753600000,142.51
1680757200000,161.63
1680760800000,155.96
1680764400000,129.45
1680768000000,114.63
1680771600000,105.1
1680775200000,104.02
1680778800000,103.1
1680782400000,106.01
1680786000000,108.13
1680789600000,109.87
1680793200000,121.16
1680796800000,140.0
1680800400000,150.0
1680804000000,144.08
1680807600000,129.43
1680811200000,115.38
1680814800000,107.62
1680818400000,100.31
1680822000000,98.73
1680825600000,100.07
1680829200000,101.79
1680832800000,103.15
1680836400000,106.95
1680840000000,102.94
1680843600000,106.66
1680847200000,110.74
1680850800000,103.95
1680854400000,101.76
1680858000000,100.9
1680861600000,91.96
1680865200000,86.77
1680868800000,85.0
1680872400000,92.12
1680876000000,100.81
1680879600000,107.74
1680883200000,127.78
1680886800000,138.55
1680890400000,135.07
1680894000000,135.0
1680897600000,136.6
1680901200000,131.78
1680904800000,123.85
1680908400000,113.74
1680912000000,114.26
1680915600000,110.75
1680919200000,110.78
1680922800000,112.16
1680926400000,114.74
1680930000000,129.35
1680933600000,133.2
1680937200000,129.35
1680940800000,114.74
1680944400000,106.95
1680948000000,101.84
1680951600000,99.0
1680955200000,95.36
1680958800000,94.4
1680962400000,98.12
1680966000000,107.0
1680969600000,121.9
1680973200000,135.01
1680976800000,139.77
1680980400000,137.31
1680984000000,134.9
1680987600000,126.98
1680991200000,127.99
1680994800000,117.86
1680998400000,119.83
1681002000000,117.99
1681005600000,118.24
1681009200000,117.86
1681012800000,120.0
1681016400000,118.9
1681020000000,122.98
1681023600000,112.21
1681027200000,100.0
1681030800000,87.0
1681034400000,81.96
1681038000000,60.01
1681041600000,55.0
1681045200000,56.0
1681048800000,74.0
1681052400000,86.35
1681056000000,115.2
1681059600000,129.97
1681063200000,133.46
1681066800000,126.39
1681070400000,115.0
1681074000000,106.94
1681077600000,98.21
1681081200000,81.85
1681084800000,78.14
1681088400000,71.9
1681092000000,70.0
1681095600000,72.96
1681099200000,80.0
1681102800000,77.61
1681106400000,69.43
1681110000000,54.88
1681113600000,22.07
1681117200000,0.2
1681120800000,-1.01
1681124400000,-8.82
1681128000000,-7.77
1681131600000,-4.07
1681135200000,-0.07
1681138800000,19.49
1681142400000,44.58
1681146000000,65.54
1681149600000,40.84
1681153200000,21.81
1681156800000,11.52
1681160400000,0.1
1681164000000,1.45
1681167600000,0.99
1681171200000,0.72
1681174800000,1.09
1681178400000,6.1
1681182000000,34.02
1681185600000,93.8
1681189200000,105.63
1681192800000,108.26
1681196400000,93.8
1681200000000,54.25
1681203600000,9.03
1681207200000,0.07
1681210800000,-0.1
1681214400000,-0.09
1681218000000,-0.01
1681221600000,6.61
1681225200000,82.2
1681228800000,130.8
1681232400000,162.46
1681236000000,165.38
1681239600000,141.39
1681243200000,130.8
1681246800000,111.0
1681250400000,97.6
1681254000000,86.23
1681257600000,80.63
1681261200000,78.71
1681264800000,80.2
1681268400000,85.8
1681272000000,108.22
1681275600000,124.87
1681279200000,136.41
1681282800000,131.99
1681286400000,120.0
1681290000000,111.56
1681293600000,100.72
1681297200000,97.36
1681300800000,97.62
1681304400000,97.07
1681308000000,100.34
1681311600000,109.92
1681315200000,134.66
1681318800000,145.0
1681322400000,129.7
1681326000000,122.76
1681329600000,109.3
1681333200000,97.95
1681336800000,97.23
1681340400000,85.09
1681344000000,79.33
1681347600000,72.86
1681351200000,71.27
1681354800000,82.5
1681358400000,102.06
1681362000000,115.04
1681365600000,118.96
1681369200000,102.81
1681372800000,85.98
1681376400000,89.22
1681380000000,90.12
1681383600000,93.77
1681387200000,92.48
1681390800000,105.02
1681394400000,93.23
1681398000000,110.14
1681401600000,129.86
1681405200000,171.44
1681408800000,180.93
1681412400000,160.59
1681416000000,139.28
1681419600000,132.72
1681423200000,118.09
1681426800000,112.8
1681430400000,116.54
1681434000000,112.8
1681437600000,113.14
1681441200000,127.4
1681444800000,144.74
1681448400000,171.76
1681452000000,176.11
1681455600000,150.88
1681459200000,129.86
1681462800000,118.66
1681466400000,107.54
1681470000000,105.8
1681473600000,106.22
1681477200000,109.3
1681480800000,105.24
1681484400000,116.54
1681488000000,138.16
1681491600000,151.69
1681495200000,152.21
1681498800000,151.0
1681502400000,134.33
1681506000000,120.29
1681509600000,123.9
1681513200000,112.0
1681516800000,114.38
1681520400000,108.0
1681524000000,105.14
1681527600000,103.55
1681531200000,105.56
1681534800000,104.85
1681538400000,106.21
1681542000000,101.83
1681545600000,97.96
1681549200000,93.95
1681552800000,88.55
1681556400000,83.63
1681560000000,82.17
1681563600000,84.9
1681567200000,92.97
1681570800000,98.81
1681574400000,112.66
1681578000000,132.79
1681581600000,134.51
1681585200000,127.8
1681588800000,127.71
1681592400000,119.3
1681596000000,111.55
1681599600000,103.49
1681603200000,102.68
1681606800000,101.09
1681610400000,102.63
1681614000000,103.5
1681617600000,103.5
1681621200000,103.37
1681624800000,110.43
1681628400000,114.68
1681632000000,111.04
1681635600000,107.83
1681639200000,104.05
1681642800000,98.16
1681646400000,94.71
1681650000000,94.26
1681653600000,96.04
1681657200000,100.97
1681660800000,115.21
1681664400000,132.88
1681668000000,140.0
1681671600000,135.0
1681675200000,129.97
1681678800000,125.35
1681682400000,114.75
1681686000000,111.14
1681689600000,108.96
1681693200000,110.44
1681696800000,110.0
1681700400000,115.03
1681704000000,140.82
1681707600000,178.68
1681711200000,200.51
1681714800000,163.14
1681718400000,135.61
1681722000000,118.18
1681725600000,105.35
1681729200000,102.25
1681732800000,97.16
1681736400000,96.94
1681740000000,96.76
1681743600000,100.99
1681747200000,122.33
1681750800000,143.61
1681754400000,142.78
1681758000000,134.25
1681761600000,122.82
1681765200000,109.16
1681768800000,105.31
1681772400000,102.07
1681776000000,101.1
1681779600000,101.29
1681783200000,100.55
1681786800000,101.27
1681790400000,127.0
1681794000000,140.27
1681797600000,154.88
1681801200000,133.99
1681804800000,106.21
1681808400000,103.58
1681812000000,94.94
1681815600000,84.96
1681819200000,84.7
1681822800000,77.63
1681826400000,79.39
1681830000000,94.39
1681833600000,108.21
1681837200000,130.46
1681840800000,135.01
1681844400000,121.48
1681848000000,108.76
1681851600000,99.96
1681855200000,102.3
1681858800000,97.54
1681862400000,99.92
1681866000000,98.95
1681869600000,101.33
1681873200000,105.87
1681876800000,130.0
1681880400000,138.96
1681884000000,139.28
1681887600000,118.83
1681891200000,90.39
1681894800000,64.68
1681898400000,29.6
1681902000000,5.29
1681905600000,0.09
1681909200000,2.71
1681912800000,22.74
1681916400000,72.31
1681920000000,94.79
1681923600000,119.69
1681927200000,130.73
1681930800000,122.82
1681934400000,109.9
1681938000000,101.66
1681941600000,100.19
1681945200000,94.35
1681948800000,96.76
1681952400000,94.98
1681956000000,97.18
1681959600000,102.78
1681963200000,127.97
1681966800000,144.48
1681970400000,144.7
1681974000000,130.07
1681977600000,107.97
1681981200000,96.94
1681984800000,94.23
1681988400000,89.61
1681992000000,88.71
1681995600000,86.68
1681999200000,92.09
1682002800000,103.76
1682006400000,128.99
1682010000000,142.1
1682013600000,146.45
1682017200000,134.57
1682020800000,129.18
1682024400000,106.21
1682028000000,98.42
1682031600000,91.88
1682035200000,91.01
1682038800000,92.98
1682042400000,92.6
1682046000000,95.23
1682049600000,120.92
1682053200000,135.0
1682056800000,134.5
1682060400000,106.25
1682064000000,90.0
1682067600000,77.43
1682071200000,28.35
1682074800000,0.09
1682078400000,0.05
1682082000000,5.29
1682085600000,58.57
1682089200000,90.07
1682092800000,123.0
1682096400000,140.57
1682100000000,143.88
1682103600000,126.22
1682107200000,106.03
1682110800000,99.06
1682114400000,99.04
1682118000000,95.19
1682121600000,92.1
1682125200000,92.95
1682128800000,91.29
1682132400000,95.99
1682136000000,99.82
1682139600000,102.58
1682143200000,99.1
1682146800000,86.0
1682150400000,76.41
1682154000000,45.06
1682157600000,26.2
1682161200000,10.02
1682164800000,5.62
1682168400000,29.95
1682172000000,76.68
1682175600000,95.0
1682179200000,112.97
1682182800000,131.84
1682186400000,130.22
1682190000000,127.0
1682193600000,105.0
1682197200000,101.18
1682200800000,105.1
1682204400000,97.31
1682208000000,94.97
1682211600000,89.39
1682215200000,86.63
1682218800000,88.74
1682222400000,89.88
1682226000000,93.78
1682229600000,93.43
1682233200000,90.41
1682236800000,79.33
1682240400000,48.16
1682244000000,35.5
1682247600000,10.02
1682251200000,4.88
1682254800000,34.71
1682258400000,64.15
1682262000000,100.25
1682265600000,125.74
1682269200000,138.14
1682272800000,137.13
1682276400000,125.02
1682280000000,116.95
1682283600000,109.6
1682287200000,87.7
1682290800000,83.58
1682294400000,82.09
1682298000000,76.4
1682301600000,75.08
1682305200000,86.55
1682308800000,114.6
1682312400000,133.8
1682316000000,135.0
1682319600000,126.92
1682323200000,110.81
1682326800000,108.01
1682330400000,98.07
1682334000000,94.9
1682337600000,87.0
1682341200000,84.91
1682344800000,85.89
1682348400000,97.61
1682352000000,117.41
1682355600000,134.57
1682359200000,135.97
1682362800000,132.13
1682366400000,120.23
1682370000000,101.25
1682373600000,96.41
1682377200000,95.27
1682380800000,93.63
1682384400000,92.02
1682388000000,91.82
1682391600000,97.41
1682395200000,121.6
1682398800000,134.1
1682402400000,134.93
1682406000000,109.76
1682409600000,96.24
1682413200000,85.07
1682416800000,78.56
1682420400000,73.11
1682424000000,64.48
1682427600000,64.69
1682431200000,74.18
1682434800000,83.73
1682438400000,101.23
1682442000000,132.12
1682445600000,144.16
1682449200000,133.53
1682452800000,124.6
1682456400000,101.26
1682460000000,95.48
1682463600000,93.25
1682467200000,94.2
1682470800000,92.3
1682474400000,93.33
1682478000000,100.59
1682481600000,125.16
1682485200000,139.91
1682488800000,129.97
1682492400000,95.21
1682496000000,88.23
1682499600000,95.4
1682503200000,94.27
1682506800000,94.54
1682510400000,94.37
1682514000000,92.85
1682517600000,98.2
1682521200000,112.19
1682524800000,127.88
1682528400000,148.11
1682532000000,154.97
1682535600000,146.12
1682539200000,130.0
1682542800000,120.77
1682546400000,107.12
1682550000000,100.58
1682553600000,98.0
1682557200000,96.46
1682560800000,97.42
1682564400000,107.19
1682568000000,126.1
1682571600000,142.79
1682575200000,135.61
1682578800000,108.53
1682582400000,94.64
1682586000000,94.19
1682589600000,92.78
1682593200000,90.97
1682596800000,92.55
1682600400000,94.64
1682604000000,96.28
1682607600000,102.35
1682611200000,125.98
1682614800000,153.85
1682618400000,163.57
1682622000000,141.5
1682625600000,125.42
1682629200000,101.54
1682632800000,102.03
1682636400000,92.97
1682640000000,90.35
1682643600000,92.68
1682647200000,92.91
1682650800000,95.85
1682654400000,113.77
1682658000000,123.82
1682661600000,126.81
1682665200000,120.69
1682668800000,113.18
1682672400000,106.17
1682676000000,102.05
1682679600000,93.09
1682683200000,90.19
1682686800000,89.0
1682690400000,90.61
1682694000000,100.24
1682697600000,115.7
1682701200000,120.04
1682704800000,125.4
1682708400000,124.34
1682712000000,116.71
1682715600000,105.48
1682719200000,115.59
1682722800000,108.56
1682726400000,106.1
1682730000000,105.0
1682733600000,101.24
1682737200000,102.75
1682740800000,103.24
1682744400000,109.4
1682748000000,115.64
1682751600000,106.61
1682755200000,103.59
1682758800000,92.87
1682762400000,82.23
1682766000000,78.96
1682769600000,66.2
1682773200000,69.05
1682776800000,80.0
1682780400000,85.0
1682784000000,100.1
1682787600000,118.36
1682791200000,119.45
1682794800000,120.0
1682798400000,115.57
1682802000000,110.0
1682805600000,99.28
1682809200000,91.09
1682812800000,88.38
1682816400000,85.61
1682820000000,85.52
1682823600000,88.27
1682827200000,85.84
1682830800000,82.0
1682834400000,75.0
1682838000000,50.0
1682841600000,27.7
1682845200000,5.64
1682848800000,-2.55
1682852400000,-5.33
1682856000000,-3.08
1682859600000,1.19
1682863200000,14.0
1682866800000,70.57
1682870400000,106.96
1682874000000,121.16
1682877600000,123.6
1682881200000,122.2
1682884800000,117.12
1682888400000,108.71
1682892000000,109.9
1682895600000,99.9
1682899200000,95.49
1682902800000,89.98
1682906400000,87.29
1682910000000,88.0
1682913600000,87.16
1682917200000,84.2
1682920800000,83.14
1682924400000,84.04
1682928000000,74.29
1682931600000,67.99
1682935200000,54.63
1682938800000,34.69
1682942400000,29.99
1682946000000,41.19
1682949600000,76.25
1682953200000,95.58
1682956800000,116.37
1682960400000,124.64
1682964000000,125.8
1682967600000,121.72
1682971200000,117.9
1682974800000,111.04
1682978400000,98.48
1682982000000,85.6
1682985600000,83.3
1682989200000,80.9
1682992800000,81.22
1682996400000,90.39
1683000000000,111.06
1683003600000,127.45
1683007200000,135.17
1683010800000,122.99
1683014400000,115.69
1683018000000,108.96
1683021600000,98.46
1683025200000,92.76
1683028800000,86.32
1683032400000,81.97
1683036000000,87.2
1683039600000,94.43
1683043200000,117.38
1683046800000,130.0
1683050400000,142.86
1683054000000,133.69
1683057600000,124.02
1683061200000,116.13
1683064800000,107.65
1683068400000,102.63
1683072000000,100.97
1683075600000,97.8
1683079200000,105.25
1683082800000,111.92
1683086400000,125.52
1683090000000,133.3
1683093600000,125.1
1683097200000,110.1
1683100800000,91.16
1683104400000,84.16
1683108000000,77.83
1683111600000,80.02
1683115200000,75.13
1683118800000,73.5
1683122400000,83.86
1683126000000,97.59
1683129600000,124.09
1683133200000,140.08
1683136800000,171.58
1683140400000,132.25
1683144000000,120.95
1683147600000,114.73
1683151200000,100.13
1683154800000,95.24
1683158400000,94.16
1683162000000,95.26
1683165600000,95.91
1683169200000,106.94
1683172800000,125.0
1683176400000,130.0
1683180000000,119.9
1683183600000,104.42
1683187200000,90.0
1683190800000,79.6
1683194400000,70.06
1683198000000,60.21
1683201600000,56.69
1683205200000,65.28
1683208800000,78.88
1683212400000,99.6
1683216000000,115.57
1683219600000,122.01
1683223200000,120.74
1683226800000,114.77
1683230400000,105.5
1683234000000,94.12
1683237600000,91.5
1683241200000,81.8
1683244800000,78.49
1683248400000,79.51
1683252000000,78.49
1683255600000,87.52
1683259200000,101.22
1683262800000,113.75
1683266400000,110.7
1683270000000,97.28
1683273600000,90.12
1683277200000,80.94
1683280800000,78.44
1683284400000,77.01
1683288000000,78.9
1683291600000,81.08
1683295200000,91.16
1683298800000,100.17
1683302400000,112.8
1683306000000,120.54
1683309600000,128.57
1683313200000,126.31
1683316800000,115.56
1683320400000,103.34
1683324000000,106.71
1683327600000,99.62
1683331200000,95.71
1683334800000,91.7
1683338400000,89.93
1683342000000,91.7
1683345600000,97.2
1683349200000,99.02
1683352800000,95.13
1683356400000,93.28
1683360000000,82.53
1683363600000,74.42
1683367200000,71.02
1683370800000,55.75
1683374400000,50.0
1683378000000,63.16
1683381600000,74.64
1683385200000,90.3
1683388800000,102.7
1683392400000,108.05
1683396000000,111.81
1683399600000,108.71
1683403200000,103.12
1683406800000,92.38
1683410400000,92.65
1683414000000,86.17
1683417600000,82.66
1683421200000,83.51
1683424800000,82.94
1683428400000,84.07
1683432000000,83.14
1683435600000,81.87
1683439200000,75.87
1683442800000,67.6
1683446400000,33.9
1683450000000,5.09
1683453600000,-0.04
1683457200000,-0.99
1683460800000,-0.03
1683464400000,15.44
1683468000000,56.62
1683471600000,75.97
1683475200000,94.94
1683478800000,99.36
1683482400000,106.45
1683486000000,105.02
1683489600000,99.3
1683493200000,96.07
1683496800000,85.92
1683500400000,83.93
1683504000000,83.78
1683507600000,83.13
1683511200000,84.09
1683514800000,90.91
1683518400000,104.12
1683522000000,119.45
1683525600000,110.97
1683529200000,100.01
1683532800000,91.83
1683536400000,81.64
1683540000000,80.41
1683543600000,74.32
1683547200000,74.09
1683550800000,78.0
1683554400000,84.01
1683558000000,97.05
1683561600000,110.04
1683565200000,132.9
1683568800000,128.41
1683572400000,121.99
1683576000000,112.56
1683579600000,99.38
1683583200000,95.96
1683586800000,87.52
1683590400000,84.6
1683594000000,84.17
1683597600000,85.25
1683601200000,92.45
1683604800000,111.58
1683608400000,121.0
1683612000000,117.88
1683615600000,104.96
1683619200000,88.84
1683622800000,70.95
1683626400000,65.76
1683630000000,61.91
1683633600000,68.29
1683637200000,80.8
1683640800000,84.44
1683644400000,100.06
1683648000000,116.34
1683651600000,121.93
1683655200000,121.05
1683658800000,110.97
1683662400000,104.67
1683666000000,89.93
1683669600000,94.79
1683673200000,90.05
1683676800000,88.38
1683680400000,86.19
1683684000000,88.39
1683687600000,90.18
1683691200000,107.57
1683694800000,120.6
1683698400000,133.0
1683702000000,110.22
1683705600000,105.89
1683709200000,100.94
1683712800000,96.83
1683716400000,92.91
1683720000000,91.72
1683723600000,96.3
1683727200000,107.92
1683730800000,117.48
1683734400000,120.39
1683738000000,140.38
1683741600000,147.49
1683745200000,134.4
1683748800000,117.59
1683752400000,109.84
1683756000000,100.0
1683759600000,96.94
1683763200000,96.0
1683766800000,97.28
1683770400000,97.9
1683774000000,104.23
1683777600000,121.11
1683781200000,148.33
1683784800000,167.78
1683788400000,135.47
1683792000000,126.71
1683795600000,115.79
1683799200000,104.53
1683802800000,100.01
1683806400000,99.37
1683810000000,109.51
1683813600000,113.54
1683817200000,115.27
1683820800000,123.63
1683824400000,147.0
1683828000000,132.8
1683831600000,118.4
1683835200000,113.99
1683838800000,101.66
1683842400000,98.53
1683846000000,90.55
1683849600000,89.84
1683853200000,90.0
1683856800000,90.84
1683860400000,98.99
1683864000000,116.99
1683867600000,130.0
1683871200000,137.98
1683874800000,113.3
1683878400000,101.6
1683882000000,97.48
1683885600000,83.42
1683889200000,76.67
1683892800000,72.95
1683896400000,75.89
1683900000000,80.94
1683903600000,94.01
1683907200000,107.98
1683910800000,122.22
1683914400000,124.98
1683918000000,117.99
1683921600000,101.18
1683925200000,97.82
1683928800000,104.91
1683932400000,99.98
1683936000000,95.85
1683939600000,98.55
1683943200000,99.49
1683946800000,100.18
1683950400000,96.96
1683954000000,94.72
1683957600000,94.47
1683961200000,89.08
1683964800000,73.1
1683968400000,30.12
1683972000000,15.53
1683975600000,5.55
1683979200000,5.06
1683982800000,6.17
1683986400000,27.72
1683990000000,77.26
1683993600000,105.98
1683997200000,111.12
1684000800000,119.32
1684004400000,114.43
1684008000000,109.96
1684011600000,104.97
1684015200000,102.37
1684018800000,98.18
1684022400000,94.3
1684026000000,85.95
1684029600000,87.29
1684033200000,95.08
1684036800000,81.33
1684040400000,73.87
1684044000000,75.69
1684047600000,54.9
1684051200000,25.09
1684054800000,13.89
1684058400000,9.73
1684062000000,1.85
1684065600000,0.16
1684069200000,1.78
1684072800000,32.29
1684076400000,90.5
1684080000000,105.63
1684083600000,116.0
1684087200000,127.13
1684090800000,127.99
1684094400000,119.14
1684098000000,107.92
1684101600000,119.04
1684105200000,107.61
1684108800000,103.54
1684112400000,108.87
1684116000000,108.03
1684119600000,126.15
1684123200000,151.03
1684126800000,168.79
1684130400000,149.12
1684134000000,124.81
1684137600000,105.58
1684141200000,99.62
1684144800000,94.75
1684148400000,90.77
1684152000000,89.42
1684155600000,90.54
1684159200000,91.39
1684162800000,100.05
1684166400000,117.84
1684170000000,124.98
1684173600000,131.79
1684177200000,124.07
1684180800000,110.59
1684184400000,93.79
1684188000000,78.96
1684191600000,73.1
1684195200000,70.01
1684198800000,63.56
1684202400000,65.9
1684206000000,74.39
1684209600000,99.77
1684213200000,114.99
1684216800000,119.54
1684220400000,102.83
1684224000000,82.77
1684227600000,76.0
1684231200000,66.84
1684234800000,52.09
1684238400000,21.25
1684242000000,12.59
1684245600000,43.23
1684249200000,74.0
1684252800000,87.44
1684256400000,105.0
1684260000000,110.09
1684263600000,106.52
1684267200000,104.99
1684270800000,97.23
1684274400000,77.65
1684278000000,70.39
1684281600000,70.65
1684285200000,70.0
1684288800000,72.52
1684292400000,79.83
1684296000000,105.16
1684299600000,113.18
1684303200000,109.99
1684306800000,94.7
1684310400000,76.08
1684314000000,58.41
1684317600000,27.57
1684321200000,15.62
1684324800000,8.57
1684328400000,10.07
1684332000000,47.19
1684335600000,79.09
1684339200000,102.15
1684342800000,119.59
1684346400000,133.5
1684350000000,130.16
1684353600000,111.0
1684357200000,102.94
1684360800000,100.59
1684364400000,96.35
1684368000000,89.24
1684371600000,90.01
1684375200000,96.93
1684378800000,100.47
1684382400000,100.42
1684386000000,94.83
1684389600000,90.29
1684393200000,80.34
1684396800000,72.06
1684400400000,65.03
1684404000000,62.87
1684407600000,43.52
1684411200000,29.41
1684414800000,43.08
1684418400000,71.56
1684422000000,84.59
1684425600000,103.08
1684429200000,115.53
1684432800000,125.87
1684436400000,117.18
1684440000000,109.61
1684443600000,98.76
1684447200000,93.02
1684450800000,83.2
1684454400000,80.23
1684458000000,77.03
1684461600000,84.16
1684465200000,99.33
1684468800000,111.0
1684472400000,109.97
1684476000000,106.0
1684479600000,93.89
1684483200000,70.37
1684486800000,60.56
1684490400000,60.91
1684494000000,57.79
1684497600000,57.93
1684501200000,63.62
1684504800000,72.15
1684508400000,87.19
1684512000000,103.67
1684515600000,116.29
1684519200000,115.93
1684522800000,105.02
1684526400000,99.79
1684530000000,85.78
1684533600000,78.74
1684537200000,74.0
1684540800000,68.08
1684544400000,65.83
1684548000000,65.05
1684551600000,65.7
1684555200000,62.08
1684558800000,62.46
1684562400000,59.76
1684566000000,40.04
1684569600000,4.44
1684573200000,0.28
1684576800000,-1.43
1684580400000,-1.27
1684584000000,-0.09
1684587600000,0.0
1684591200000,1.32
1684594800000,25.94
1684598400000,53.68
1684602000000,78.44
1684605600000,87.69
1684609200000,81.06
1684612800000,78.6
1684616400000,73.02
1684620000000,52.2
1684623600000,40.04
1684627200000,33.88
1684630800000,28.76
1684634400000,29.95
1684638000000,28.26
1684641600000,30.79
1684645200000,27.55
1684648800000,20.0
1684652400000,2.14
1684656000000,0.0
1684659600000,-0.48
1684663200000,-7.92
1684666800000,-25.03
1684670400000,-41.37
1684674000000,-19.58
1684677600000,-0.41
1684681200000,2.22
1684684800000,41.34
1684688400000,85.49
1684692000000,90.87
1684695600000,91.0
1684699200000,89.94
1684702800000,83.5
1684706400000,88.29
1684710000000,80.06
1684713600000,78.31
1684717200000,77.8
1684720800000,81.0
1684724400000,99.03
1684728000000,115.78
1684731600000,120.0
1684735200000,113.42
1684738800000,104.31
1684742400000,89.97
1684746000000,78.39
1684749600000,68.38
1684753200000,65.06
1684756800000,68.01
1684760400000,72.21
1684764000000,84.26
1684767600000,101.47
1684771200000,110.55
1684774800000,144.26
1684778400000,158.57
1684782000000,125.04
1684785600000,110.33
1684789200000,101.45
1684792800000,91.39
1684796400000,78.61
1684800000000,77.09
1684803600000,69.58
1684807200000,70.0
1684810800000,78.64
1684814400000,101.09
1684818000000,105.39
1684821600000,101.0
1684825200000,91.87
1684828800000,84.6
1684832400000,74.53
1684836000000,43.88
1684839600000,24.04
1684843200000,5.55
1684846800000,3.54
1684850400000,12.81
1684854000000,61.72
1684857600000,78.09
1684861200000,95.27
1684864800000,100.95
1684868400000,103.34
1684872000000,100.09
1684875600000,93.78
1684879200000,83.0
1684882800000,76.09
1684886400000,75.13
1684890000000,76.31
1684893600000,76.58
1684897200000,86.4
1684900800000,108.45
1684904400000,124.15
1684908000000,109.66
1684911600000,99.01
1684915200000,85.92
1684918800000,81.0
1684922400000,80.58
1684926000000,83.0
1684929600000,75.21
1684933200000,88.06
1684936800000,95.6
1684940400000,107.78
1684944000000,116.24
1684947600000,170.56
1684951200000,182.68
1684954800000,153.51
1684958400000,116.24
1684962000000,103.4
1684965600000,102.22
1684969200000,93.84
1684972800000,90.95
1684976400000,88.88
1684980000000,90.71
1684983600000,99.64
1684987200000,122.58
1684990800000,124.48
1684994400000,104.0
1684998000000,83.35
1685001600000,70.85
1685005200000,55.56
1685008800000,41.28
1685012400000,16.7
1685016000000,20.26
1685019600000,10.27
1685023200000,40.99
1685026800000,73.33
1685030400000,94.16
1685034000000,110.64
1685037600000,124.8
1685041200000,108.69
1685044800000,100.48
1685048400000,90.94
1685052000000,88.11
1685055600000,76.4
1685059200000,74.57
1685062800000,74.63
1685066400000,78.99
1685070000000,89.59
1685073600000,104.94
1685077200000,105.6
1685080800000,100.65
1685084400000,81.44
1685088000000,56.25
1685091600000,33.16
1685095200000,21.02
1685098800000,0.97
1685102400000,0.0
1685106000000,0.07
1685109600000,22.92
1685113200000,53.59
1685116800000,88.28
1685120400000,110.82
1685124000000,115.62
1685127600000,110.0
1685131200000,99.5
1685134800000,92.5
1685138400000,89.69
1685142000000,83.53
1685145600000,84.73
1685149200000,86.33
1685152800000,91.25
1685156400000,90.0
1685160000000,82.7
1685163600000,82.99
1685167200000,72.61
1685170800000,55.06
1685174400000,16.37
1685178000000,1.45
1685181600000,0.0
1685185200000,-6.03
1685188800000,-2.39
1685192400000,0.51
1685196000000,2.26
1685199600000,55.08
1685203200000,84.85
1685206800000,100.38
1685210400000,124.93
1685214000000,113.08
1685217600000,100.03
1685221200000,94.71
1685224800000,87.09
1685228400000,84.0
1685232000000,81.92
1685235600000,77.87
1685239200000,77.86
1685242800000,76.47
1685246400000,72.02
1685250000000,64.84
1685253600000,37.7
1685257200000,0.0
1685260800000,-3.08
1685264400000,-18.05
1685268000000,-48.72
1685271600000,-129.91
1685275200000,-129.96
1685278800000,-98.08
1685282400000,-18.68
1685286000000,-0.06
1685289600000,50.0
1685293200000,72.9
1685296800000,80.01
1685300400000,77.84
1685304000000,73.8
1685307600000,69.5
1685311200000,59.23
1685314800000,53.9
1685318400000,51.82
1685322000000,48.51
1685325600000,54.52
1685329200000,63.36
1685332800000,67.65
1685336400000,58.71
1685340000000,29.92
1685343600000,0.0
1685347200000,-2.11
1685350800000,-21.08
1685354400000,-55.02
1685358000000,-95.11
1685361600000,-109.45
1685365200000,-80.69
1685368800000,-19.97
1685372400000,-4.98
1685376000000,19.2
1685379600000,72.08
1685383200000,83.75
1685386800000,85.88
1685390400000,80.48
1685394000000,74.26
1685397600000,75.02
1685401200000,71.05
1685404800000,68.9
1685408400000,70.03
1685412000000,76.68
1685415600000,85.07
1685419200000,97.91
1685422800000,117.96
1685426400000,108.64
1685430000000,90.06
1685433600000,82.37
1685437200000,70.27
1685440800000,64.49
1685444400000,57.36
1685448000000,56.48
1685451600000,62.66
1685455200000,72.07
1685458800000,88.55
1685462400000,97.97
1685466000000,124.9
1685469600000,154.56
1685473200000,125.77
1685476800000,97.31
1685480400000,89.65
1685484000000,85.92
1685487600000,82.17
1685491200000,74.2
1685494800000,80.02
1685498400000,85.26
1685502000000,91.98
1685505600000,119.01
1685509200000,118.42
1685512800000,105.83
1685516400000,86.41
1685520000000,66.92
1685523600000,46.42
1685527200000,9.06
1685530800000,-0.02
1685534400000,-0.81
1685538000000,-0.17
1685541600000,20.16
1685545200000,69.45
1685548800000,86.43
1685552400000,108.26
1685556000000,119.6
1685559600000,103.69
1685563200000,94.28
1685566800000,83.13
1685570400000,84.15
1685574000000,74.3
1685577600000,70.1
1685581200000,66.72
1685584800000,67.7
1685588400000,80.45
1685592000000,97.04
1685595600000,108.23
1685599200000,99.07
1685602800000,87.3
1685606400000,68.19
1685610000000,59.92
1685613600000,38.86
1685617200000,9.35
1685620800000,3.01
1685624400000,13.35
1685628000000,56.14
1685631600000,72.0
1685635200000,87.86
1685638800000,100.46
1685642400000,120.04
1685646000000,103.43
1685649600000,95.41
1685653200000,86.53
1685656800000,83.59
1685660400000,79.4
1685664000000,79.85
1685667600000,77.42
1685671200000,81.12
1685674800000,90.88
1685678400000,118.97
1685682000000,125.58
1685685600000,96.19
1685689200000,84.37
1685692800000,72.09
1685696400000,63.15
1685700000000,56.06
1685703600000,42.61
1685707200000,36.82
1685710800000,44.9
1685714400000,58.27
1685718000000,76.62
1685721600000,85.96
1685725200000,101.12
1685728800000,110.5
1685732400000,101.31
1685736000000,92.56
1685739600000,85.06
1685743200000,84.95
1685746800000,80.3
1685750400000,77.79
1685754000000,75.2
1685757600000,80.71
1685761200000,78.64
1685764800000,77.76
1685768400000,73.63
1685772000000,70.0
1685775600000,59.97
1685779200000,27.36
1685782800000,5.0
1685786400000,-0.01
1685790000000,-4.91
1685793600000,-3.39
1685797200000,-0.05
1685800800000,5.38
1685804400000,45.66
1685808000000,75.0
1685811600000,84.96
1685815200000,94.9
1685818800000,94.9
1685822400000,87.89
1685826000000,81.17
1685829600000,81.12
1685833200000,74.9
1685836800000,72.51
1685840400000,71.65
1685844000000,73.14
1685847600000,72.23
1685851200000,69.07
1685854800000,64.77
1685858400000,50.81
1685862000000,21.93
1685865600000,5.11
1685869200000,0.0
1685872800000,-4.98
1685876400000,-29.45
1685880000000,-36.35
1685883600000,-4.33
1685887200000,0.0
1685890800000,34.5
1685894400000,78.21
1685898000000,98.94
1685901600000,109.79
1685905200000,102.6
1685908800000,99.0
1685912400000,86.98
1685916000000,78.71
1685919600000,71.1
1685923200000,70.07
1685926800000,71.14
1685930400000,74.26
1685934000000,88.36
1685937600000,122.09
1685941200000,113.79
1685944800000,99.95
1685948400000,86.41
1685952000000,75.0
1685955600000,70.08
1685959200000,69.37
1685962800000,69.33
1685966400000,68.07
1685970000000,69.85
1685973600000,78.89
1685977200000,89.8
1685980800000,100.76
1685984400000,135.35
1685988000000,157.37
1685991600000,128.4
1685995200000,101.04
1685998800000,88.98
1686002400000,80.23
1686006000000,79.37
1686009600000,79.27
1686013200000,82.23
1686016800000,86.2
1686020400000,90.55
1686024000000,146.4
1686027600000,153.28
1686031200000,122.54
1686034800000,94.9
1686038400000,86.73
1686042000000,82.06
1686045600000,77.69
1686049200000,74.59
1686052800000,70.61
1686056400000,75.64
1686060000000,81.17
1686063600000,87.91
1686067200000,98.84
1686070800000,134.17
1686074400000,152.4
1686078000000,126.53
1686081600000,102.04
1686085200000,89.99
1686088800000,93.56
1686092400000,89.83
1686096000000,90.26
1686099600000,90.2
1686103200000,90.68
1686106800000,97.9
1686110400000,127.66
1686114000000,146.49
1686117600000,114.66
1686121200000,98.53
1686124800000,93.13
1686128400000,86.6
1686132000000,79.95
1686135600000,77.9
1686139200000,76.45
1686142800000,79.05
1686146400000,79.71
1686150000000,94.22
1686153600000,101.07
1686157200000,138.52
1686160800000,147.7
1686164400000,127.55
1686168000000,105.82
1686171600000,94.9
1686175200000,93.93
1686178800000,89.26
1686182400000,83.04
1686186000000,79.9
1686189600000,82.04
1686193200000,88.44
1686196800000,94.01
1686200400000,93.26
1686204000000,91.4
1686207600000,83.78
1686211200000,74.64
1686214800000,68.5
1686218400000,64.22
1686222000000,63.84
1686225600000,64.06
1686229200000,67.93
1686232800000,71.17
1686236400000,76.1
1686240000000,90.46
1686243600000,102.03
1686247200000,113.84
1686250800000,105.0
1686254400000,96.58
1686258000000,91.0
1686261600000,95.0
1686265200000,89.7
1686268800000,79.73
1686272400000,76.0
1686276000000,76.27
1686279600000,89.06
1686283200000,103.74
1686286800000,103.97
1686290400000,103.94
1686294000000,91.39
1686297600000,82.26
1686301200000,75.43
1686304800000,70.03
1686308400000,65.0
1686312000000,64.06
1686315600000,68.39
1686319200000,72.64
1686322800000,80.63
1686326400000,95.0
1686330000000,104.12
1686333600000,106.45
1686337200000,104.12
1686340800000,97.48
1686344400000,86.0
1686348000000,89.03
1686351600000,84.1
1686355200000,84.13
1686358800000,80.32
1686362400000,77.44
1686366000000,79.87
1686369600000,79.43
1686373200000,85.0
1686376800000,81.8
1686380400000,63.99
1686384000000,26.91
1686387600000,12.51
1686391200000,0.08
1686394800000,-19.96
1686398400000,-20.03
1686402000000,-4.97
1686405600000,2.54
1686409200000,44.5
1686412800000,74.97
1686416400000,86.16
1686420000000,86.07
1686423600000,78.63
1686427200000,80.99
1686430800000,69.55
1686434400000,64.77
1686438000000,58.07
1686441600000,52.88
1686445200000,49.93
1686448800000,51.92
1686452400000,49.13
1686456000000,49.97
1686459600000,46.72
1686463200000,28.44
1686466800000,15.9
1686470400000,0.01
1686474000000,-1.68
1686477600000,-19.62
1686481200000,-34.99
1686484800000,-34.95
1686488400000,-10.93
1686492000000,-0.09
1686495600000,27.92
1686499200000,83.82
1686502800000,99.91
1686506400000,106.95
1686510000000,106.6
1686513600000,98.35
1686517200000,88.89
1686520800000,94.33
1686524400000,85.08
1686528000000,85.02
1686531600000,81.63
1686535200000,83.95
1686538800000,95.08
1686542400000,107.43
1686546000000,126.84
1686549600000,124.39
1686553200000,106.01
1686556800000,89.97
1686560400000,75.96
1686564000000,66.63
1686567600000,61.01
1686571200000,64.22
1686574800000,75.96
1686578400000,84.82
1686582000000,97.6
1686585600000,109.68
1686589200000,133.04
1686592800000,142.89
1686596400000,116.93
1686600000000,107.0
1686603600000,98.1
1686607200000,89.11
1686610800000,82.78
1686614400000,83.29
1686618000000,82.75
1686621600000,84.77
1686625200000,90.04
1686628800000,115.14
1686632400000,119.53
1686636000000,120.04
1686639600000,103.12
1686643200000,85.08
1686646800000,77.27
1686650400000,56.12
1686654000000,50.2
1686657600000,48.5
1686661200000,63.07
1686664800000,73.38
1686668400000,84.63
1686672000000,101.38
1686675600000,111.99
1686679200000,120.08
1686682800000,115.0
1686686400000,105.0
1686690000000,98.38
1686693600000,96.28
1686697200000,88.68
1686700800000,86.98
1686704400000,86.25
1686708000000,88.27
1686711600000,98.14
1686715200000,126.93
1686718800000,136.21
1686722400000,128.0
1686726000000,103.32
1686729600000,87.66
1686733200000,78.41
1686736800000,74.13
1686740400000,75.25
1686744000000,77.93
1686747600000,78.46
1686751200000,83.52
1686754800000,98.56
1686758400000,114.77
1686762000000,142.07
1686765600000,152.18
1686769200000,139.91
1686772800000,119.77
1686776400000,108.87
1686780000000,107.12
1686783600000,102.77
1686787200000,100.62
1686790800000,100.38
1686794400000,100.37
1686798000000,113.96
1686801600000,163.92
1686805200000,166.1
1686808800000,140.07
1686812400000,116.0
1686816000000,103.66
1686819600000,98.02
1686823200000,92.24
1686826800000,90.0
1686830400000,90.0
1686834000000,92.01
1686837600000,96.75
1686841200000,104.9
1686844800000,125.39
1686848400000,156.32
1686852000000,179.28
1686855600000,172.54
1686859200000,149.96
1686862800000,125.02
1686866400000,126.16
1686870000000,121.62
1686873600000,115.59
1686877200000,112.7
1686880800000,113.08
1686884400000,117.77
1686888000000,142.9
1686891600000,153.74
1686895200000,145.59
1686898800000,124.16
1686902400000,112.2
1686906000000,108.99
1686909600000,107.35
1686913200000,101.4
1686916800000,99.31
1686920400000,101.65
1686924000000,108.47
1686927600000,115.04
1686931200000,135.35
1686934800000,161.19
1686938400000,175.1
1686942000000,170.39
1686945600000,152.04
1686949200000,138.69
1686952800000,130.81
1686956400000,122.8
1686960000000,120.01
1686963600000,116.45
1686967200000,111.07
1686970800000,110.0
1686974400000,110.31
1686978000000,108.05
1686981600000,101.0
1686985200000,95.6
1686988800000,85.0
1686992400000,69.99
1686996000000,59.36
1686999600000,48.4
1687003200000,39.38
1687006800000,56.08
1687010400000,85.0
1687014000000,101.52
1687017600000,115.31
1687021200000,137.79
1687024800000,146.97
1687028400000,155.0
1687032000000,146.37
1687035600000,136.65
1687039200000,128.6
1687042800000,118.39
1687046400000,111.01
1687050000000,108.86
1687053600000,104.0
1687057200000,102.59
1687060800000,98.03
1687064400000,92.06
1687068000000,85.0
1687071600000,78.13
1687075200000,63.36
1687078800000,53.65
1687082400000,45.79
1687086000000,29.38
1687089600000,24.99
1687093200000,48.98
1687096800000,75.0
1687100400000,93.63
1687104000000,107.23
1687107600000,131.1
1687111200000,140.25
1687114800000,137.47
1687118400000,137.47
1687122000000,117.62
1687125600000,100.02
1687129200000,93.72
1687132800000,88.63
1687136400000,89.72
1687140000000,94.25
1687143600000,95.95
1687147200000,117.97
1687150800000,134.13
1687154400000,132.63
1687158000000,115.65
1687161600000,104.12
1687165200000,97.27
1687168800000,93.32
1687172400000,90.06
1687176000000,88.43
1687179600000,94.23
1687183200000,98.17
1687186800000,110.08
1687190400000,137.0
1687194000000,170.31
1687197600000,197.77
1687201200000,178.48
1687204800000,150.31
1687208400000,135.13
1687212000000,121.19
1687215600000,110.72
1687219200000,104.19
1687222800000,101.37
1687226400000,101.1
1687230000000,106.69
1687233600000,129.95
1687237200000,145.38
1687240800000,146.79
1687244400000,130.94
1687248000000,114.09
1687251600000,105.61
1687255200000,100.12
1687258800000,95.65
1687262400000,94.62
1687266000000,101.18
1687269600000,105.37
1687273200000,118.64
1687276800000,140.0
1687280400000,160.59
1687284000000,165.08
1687287600000,150.0
1687291200000,138.0
1687294800000,120.27
1687298400000,119.7
1687302000000,110.79
1687305600000,104.84
1687309200000,103.93
1687312800000,103.77
1687316400000,107.03
1687320000000,127.17
1687323600000,137.67
1687327200000,144.57
1687330800000,126.2
1687334400000,109.94
1687338000000,103.01
1687341600000,98.21
1687345200000,94.79
1687348800000,92.36
1687352400000,97.88
1687356000000,100.21
1687359600000,113.66
1687363200000,138.21
1687366800000,167.51
1687370400000,190.71
1687374000000,181.22
1687377600000,155.0
1687381200000,134.88
1687384800000,132.95
1687388400000,123.52
1687392000000,115.49
1687395600000,111.34
1687399200000,107.02
1687402800000,115.75
1687406400000,137.62
1687410000000,152.72
1687413600000,153.94
1687417200000,130.12
1687420800000,116.0
1687424400000,107.74
1687428000000,106.72
1687431600000,106.79
1687435200000,106.46
1687438800000,106.81
1687442400000,108.19
1687446000000,125.77
1687449600000,137.3
1687453200000,157.43
1687456800000,155.0
1687460400000,147.18
1687464000000,134.34
1687467600000,120.87
1687471200000,103.8
1687474800000,95.2
1687478400000,91.79
1687482000000,91.28
1687485600000,90.94
1687489200000,94.56
1687492800000,115.09
1687496400000,128.94
1687500000000,130.87
1687503600000,121.65
1687507200000,106.27
1687510800000,98.1
1687514400000,93.0
1687518000000,86.87
1687521600000,79.98
1687525200000,79.3
1687528800000,86.87
1687532400000,97.0
1687536000000,107.49
1687539600000,129.66
1687543200000,137.1
1687546800000,134.99
1687550400000,130.68
1687554000000,122.32
1687557600000,117.34
1687561200000,109.72
1687564800000,102.88
1687568400000,100.31
1687572000000,94.33
1687575600000,92.51
1687579200000,92.29
1687582800000,92.3
1687586400000,90.57
1687590000000,81.69
1687593600000,57.64
1687597200000,25.0
1687600800000,14.99
1687604400000,1.9
1687608000000,0.31
1687611600000,10.0
1687615200000,28.2
1687618800000,80.98
1687622400000,99.77
1687626000000,129.95
1687629600000,141.44
1687633200000,150.72
1687636800000,130.46
1687640400000,118.31
1687644000000,121.06
1687647600000,113.0
1687651200000,107.95
1687654800000,106.49
1687658400000,101.89
1687662000000,101.93
1687665600000,88.66
1687669200000,79.37
1687672800000,54.0
1687676400000,32.55
1687680000000,9.69
1687683600000,0.1
1687687200000,0.0
1687690800000,-0.1
1687694400000,-0.1
1687698000000,-0.01
1687701600000,9.69
1687705200000,71.24
1687708800000,106.54
1687712400000,126.09
1687716000000,153.81
1687719600000,163.44
1687723200000,145.3
1687726800000,119.01
1687730400000,119.09
1687734000000,108.63
1687737600000,95.6
1687741200000,89.48
1687744800000,87.63
1687748400000,101.97
1687752000000,128.0
1687755600000,132.05
1687759200000,120.58
1687762800000,101.52
1687766400000,87.9
1687770000000,82.84
1687773600000,74.92
1687777200000,58.76
1687780800000,50.93
1687784400000,54.03
1687788000000,64.32
1687791600000,83.48
1687795200000,97.0
1687798800000,109.43
1687802400000,118.0
1687806000000,126.16
1687809600000,129.37
1687813200000,118.06
1687816800000,114.23
1687820400000,100.78
1687824000000,93.22
1687827600000,94.12
1687831200000,89.27
1687834800000,92.17
1687838400000,115.29
1687842000000,130.0
1687845600000,127.05
1687849200000,102.24
1687852800000,90.0
1687856400000,80.27
1687860000000,72.27
1687863600000,63.46
1687867200000,68.12
1687870800000,77.95
1687874400000,89.05
1687878000000,96.4
1687881600000,113.57
1687885200000,130.41
1687888800000,134.79
1687892400000,130.83
1687896000000,125.06
1687899600000,116.16
1687903200000,98.08
1687906800000,90.59
1687910400000,87.09
1687914000000,86.29
1687917600000,87.24
1687921200000,94.39
1687924800000,116.03
1687928400000,131.5
1687932000000,128.15
1687935600000,113.65
1687939200000,101.89
1687942800000,99.3
1687946400000,101.18
1687950000000,97.42
1687953600000,95.59
1687957200000,95.39
1687960800000,97.6
1687964400000,107.08
1687968000000,128.92
1687971600000,155.18
1687975200000,167.62
1687978800000,159.1
1687982400000,140.0
1687986000000,121.1
1687989600000,119.46
1687993200000,110.06
1687996800000,101.72
1688000400000,98.08
1688004000000,99.92
1688007600000,104.52
1688011200000,121.81
1688014800000,130.55
1688018400000,130.31
1688022000000,116.39
1688025600000,105.95
1688029200000,98.6
1688032800000,99.84
1688036400000,98.24
1688040000000,98.6
1688043600000,100.0
1688047200000,101.12
1688050800000,112.03
1688054400000,131.26
1688058000000,166.25
1688061600000,171.58
1688065200000,154.73
1688068800000,141.81
1688072400000,121.11
1688076000000,115.6
1688079600000,103.4
1688083200000,96.56
1688086800000,97.64
1688090400000,96.11
1688094000000,107.69
1688097600000,126.75
1688101200000,138.97
1688104800000,133.41
1688108400000,126.31
1688112000000,109.86
1688115600000,103.24
1688119200000,100.86
1688122800000,91.69
1688126400000,88.46
1688130000000,90.0
1688133600000,92.01
1688137200000,98.36
1688140800000,109.73
1688144400000,117.96
1688148000000,133.43
1688151600000,130.74
1688155200000,122.39
1688158800000,109.47
1688162400000,109.74
1688166000000,108.91
1688169600000,104.31
1688173200000,99.14
1688176800000,98.11
1688180400000,84.11
1688184000000,78.63
1688187600000,85.75
1688191200000,78.03
1688194800000,64.9
1688198400000,43.79
1688202000000,24.61
1688205600000,16.83
1688209200000,4.43
1688212800000,0.07
1688216400000,0.97
1688220000000,12.31
1688223600000,54.59
1688227200000,77.14
1688230800000,82.36
1688234400000,89.6
1688238000000,92.79
1688241600000,92.97
1688245200000,89.86
1688248800000,16.45
1688252400000,3.17
1688256000000,0.01
1688259600000,0.0
1688263200000,-0.03
1688266800000,-0.05
1688270400000,-0.05
1688274000000,-0.5
1688277600000,-2.95
1688281200000,-15.07
1688284800000,-37.0
1688288400000,-98.11
1688292000000,-167.96
1688295600000,-266.92
1688299200000,-500.0
1688302800000,-399.0
1688306400000,-124.21
1688310000000,-35.18
1688313600000,-6.01
1688317200000,4.83
1688320800000,69.09
1688324400000,85.61
1688328000000,94.9
1688331600000,86.08
1688335200000,66.0
1688338800000,43.5
1688342400000,24.09
1688346000000,10.26
1688349600000,15.8
1688353200000,54.0
1688356800000,86.0
1688360400000,110.89
1688364000000,104.91
1688367600000,61.71
1688371200000,1.0
1688374800000,-0.06
1688378400000,-2.9
1688382000000,-5.68
1688385600000,-4.99
1688389200000,-2.75
1688392800000,-0.07
1688396400000,22.5
1688400000000,88.35
1688403600000,116.38
1688407200000,124.54
1688410800000,128.09
1688414400000,121.23
1688418000000,114.5
1688421600000,96.47
1688425200000,80.8
1688428800000,71.0
1688432400000,64.38
1688436000000,71.51
1688439600000,85.09
1688443200000,113.73
1688446800000,119.97
1688450400000,113.29
1688454000000,76.08
1688457600000,33.64
1688461200000,10.08
1688464800000,0.07
1688468400000,0.06
1688472000000,9.91
1688475600000,39.22
1688479200000,83.84
1688482800000,93.68
1688486400000,116.9
1688490000000,148.2
1688493600000,173.99
1688497200000,171.93
1688500800000,145.03
1688504400000,124.09
1688508000000,124.32
1688511600000,110.41
1688515200000,94.76
1688518800000,86.81
1688522400000,67.3
1688526000000,67.87
1688529600000,76.64
1688533200000,92.59
1688536800000,98.35
1688540400000,82.4
1688544000000,73.44
1688547600000,38.2
1688551200000,0.05
1688554800000,-3.09
1688558400000,-9.93
1688562000000,-9.9
1688565600000,-3.52
1688569200000,23.33
1688572800000,83.2
1688576400000,104.61
1688580000000,118.44
1688583600000,122.75
1688587200000,121.34
1688590800000,114.81
1688594400000,91.62
1688598000000,84.0
1688601600000,82.4
1688605200000,83.05
1688608800000,85.01
1688612400000,94.37
1688616000000,113.75
1688619600000,126.29
1688623200000,124.85
1688626800000,110.97
1688630400000,95.03
1688634000000,86.29
1688637600000,78.17
1688641200000,76.42
1688644800000,78.15
1688648400000,84.05
1688652000000,88.1
1688655600000,98.83
1688659200000,116.42
1688662800000,150.6
1688666400000,184.13
1688670000000,183.86
1688673600000,137.57
1688677200000,118.98
1688680800000,114.0
1688684400000,103.88
1688688000000,97.6
1688691600000,95.93
1688695200000,98.01
1688698800000,101.94
1688702400000,135.47
1688706000000,121.7
1688709600000,108.83
1688713200000,91.79
1688716800000,84.0
1688720400000,79.12
1688724000000,74.9
1688727600000,66.57
1688731200000,64.98
1688734800000,66.18
1688738400000,80.29
1688742000000,90.0
1688745600000,117.65
1688749200000,146.78
1688752800000,173.24
1688756400000,139.54
1688760000000,117.27
1688763600000,101.56
1688767200000,100.27
1688770800000,92.14
1688774400000,89.97
1688778000000,87.06
1688781600000,88.84
1688785200000,88.57
1688788800000,84.94
1688792400000,85.26
1688796000000,83.77
1688799600000,76.04
1688803200000,60.9
1688806800000,46.32
1688810400000,35.22
1688814000000,16.71
1688817600000,16.73
1688821200000,40.0
1688824800000,60.9
1688828400000,83.4
1688832000000,107.3
1688835600000,121.0
1688839200000,128.76
1688842800000,132.86
1688846400000,129.72
1688850000000,115.92
1688853600000,109.44
1688857200000,101.74
1688860800000,101.82
1688864400000,95.44
1688868000000,95.79
1688871600000,96.92
1688875200000,94.68
1688878800000,91.2
1688882400000,86.24
1688886000000,77.11
1688889600000,60.15
1688893200000,50.12
1688896800000,45.69
1688900400000,36.99
1688904000000,44.85
1688907600000,55.15
1688911200000,72.99
1688914800000,82.4
1688918400000,105.1
1688922000000,122.21
1688925600000,132.12
1688929200000,134.1
1688932800000,132.12
1688936400000,119.6
1688940000000,112.49
1688943600000,102.0
1688947200000,94.3
1688950800000,91.94
1688954400000,93.31
1688958000000,105.14
1688961600000,121.67
1688965200000,132.78
1688968800000,134.27
1688972400000,117.95
1688976000000,105.28
1688979600000,94.99
1688983200000,89.23
1688986800000,80.16
1688990400000,74.48
1688994000000,72.22
1688997600000,81.46
1689001200000,91.14
1689004800000,122.67
1689008400000,165.49
1689012000000,176.01
1689015600000,180.07
1689019200000,162.92
1689022800000,133.7
1689026400000,124.41
1689030000000,115.74
1689033600000,105.29
1689037200000,100.68
1689040800000,99.7
1689044400000,112.74
1689048000000,123.55
1689051600000,125.39
1689055200000,120.95
1689058800000,105.1
1689062400000,93.82
1689066000000,81.09
1689069600000,57.76
1689073200000,46.39
1689076800000,47.39
1689080400000,66.65
1689084000000,88.22
1689087600000,95.41
1689091200000,121.58
1689094800000,172.01
1689098400000,180.99
1689102000000,135.0
1689105600000,119.95
1689109200000,103.18
1689112800000,98.47
1689116400000,91.0
1689120000000,90.0
1689123600000,82.09
1689127200000,83.58
1689130800000,85.13
1689134400000,102.05
1689138000000,118.04
1689141600000,120.0
1689145200000,104.84
1689148800000,86.36
1689152400000,69.77
1689156000000,15.87
1689159600000,12.92
1689163200000,19.33
1689166800000,27.03
1689170400000,53.97
1689174000000,82.52
1689177600000,99.36
1689181200000,119.38
1689184800000,146.26
1689188400000,151.89
1689192000000,126.41
1689195600000,113.91
1689199200000,105.09
1689202800000,97.03
1689206400000,95.04
1689210000000,92.25
1689213600000,92.1
1689217200000,93.63
1689220800000,107.39
1689224400000,122.29
1689228000000,119.1
1689231600000,104.51
1689235200000,91.17
1689238800000,84.14
1689242400000,77.3
1689246000000,60.78
1689249600000,50.02
1689253200000,62.13
1689256800000,76.3
1689260400000,87.57
1689264000000,93.7
1689267600000,117.36
1689271200000,130.86
1689274800000,137.89
1689278400000,129.67
1689282000000,117.72
1689285600000,101.0
1689289200000,96.36
1689292800000,92.91
1689296400000,94.01
1689300000000,93.35
1689303600000,99.35
1689307200000,114.0
1689310800000,114.0
1689314400000,103.76
1689318000000,85.07
1689321600000,79.71
1689325200000,76.54
1689328800000,73.95
1689332400000,69.99
1689336000000,75.13
1689339600000,80.05
1689343200000,85.1
1689346800000,97.46
1689350400000,115.25
1689354000000,140.19
1689357600000,139.92
1689361200000,123.92
1689364800000,95.25
1689368400000,80.94
1689372000000,72.28
1689375600000,53.46
1689379200000,29.15
1689382800000,19.95
1689386400000,16.98
1689390000000,13.69
1689393600000,19.9
1689397200000,22.6
1689400800000,29.95
1689404400000,17.41
1689408000000,4.6
1689411600000,0.0
1689415200000,-0.02
1689418800000,-0.13
1689422400000,-1.03
1689426000000,-0.1
1689429600000,0.02
1689433200000,15.54
1689436800000,74.51
1689440400000,84.18
1689444000000,88.36
1689447600000,83.63
1689451200000,83.02
1689454800000,71.82
1689458400000,56.94
1689462000000,19.7
1689465600000,2.68
1689469200000,0.07
1689472800000,0.0
1689476400000,-0.42
1689480000000,-2.07
1689483600000,-1.1
1689487200000,-2.09
1689490800000,-9.92
1689494400000,-19.34
1689498000000,-24.8
1689501600000,-38.39
1689505200000,-50.09
1689508800000,-60.04
1689512400000,-48.31
1689516000000,-26.57
1689519600000,-5.01
1689523200000,30.61
1689526800000,92.51
1689530400000,100.76
1689534000000,109.21
1689537600000,114.38
1689541200000,110.0
1689544800000,109.26
1689548400000,102.17
1689552000000,95.19
1689555600000,88.1
1689559200000,90.59
1689562800000,97.23
1689566400000,120.02
1689570000000,129.66
1689573600000,112.47
1689577200000,94.14
1689580800000,77.9
1689584400000,45.07
1689588000000,0.88
1689591600000,0.63
1689595200000,0.0
1689598800000,7.18
1689602400000,48.72
1689606000000,75.51
1689609600000,85.28
1689613200000,106.52
1689616800000,119.78
1689620400000,124.31
1689624000000,125.0
1689627600000,110.44
1689631200000,100.05
1689634800000,96.3
1689638400000,87.79
1689642000000,86.92
1689645600000,88.04
1689649200000,96.35
1689652800000,103.39
1689656400000,114.25
1689660000000,110.0
1689663600000,93.22
1689667200000,82.74
1689670800000,78.81
1689674400000,79.16
1689678000000,81.18
1689681600000,90.03
1689685200000,89.94
1689688800000,87.5
1689692400000,96.78
1689696000000,121.62
1689699600000,168.26
1689703200000,188.0
1689706800000,163.8
1689710400000,139.26
1689714000000,111.76
1689717600000,108.11
1689721200000,101.0
1689724800000,97.25
1689728400000,96.85
1689732000000,98.08
1689735600000,104.43
1689739200000,126.44
1689742800000,124.99
1689746400000,117.81
1689750000000,99.9
1689753600000,88.48
1689757200000,80.74
1689760800000,76.83
1689764400000,68.66
1689768000000,62.47
1689771600000,62.24
1689775200000,71.55
1689778800000,75.82
1689782400000,94.32
1689786000000,112.81
1689789600000,128.58
1689793200000,123.87
1689796800000,113.79
1689800400000,100.59
1689804000000,98.13
1689807600000,94.35
1689811200000,83.29
1689814800000,82.86
1689818400000,86.09
1689822000000,86.36
1689825600000,99.51
1689829200000,113.95
1689832800000,111.45
1689836400000,98.87
1689840000000,86.72
1689843600000,79.16
1689847200000,77.62
1689850800000,69.41
1689854400000,69.97
1689858000000,74.11
1689861600000,76.51
1689865200000,85.45
1689868800000,102.54
1689872400000,126.15
1689876000000,143.55
1689879600000,139.3
1689883200000,121.46
1689886800000,109.4
1689890400000,102.07
1689894000000,99.67
1689897600000,96.31
1689901200000,94.46
1689904800000,96.76
1689908400000,100.67
1689912000000,122.13
1689915600000,153.77
1689919200000,123.26
1689922800000,103.09
1689926400000,97.9
1689930000000,92.93
1689933600000,92.42
1689937200000,84.49
1689940800000,83.95
1689944400000,83.92
1689948000000,89.27
1689951600000,96.46
1689955200000,103.06
1689958800000,124.9
1689962400000,132.38
1689966000000,124.99
1689969600000,109.97
1689973200000,96.77
1689976800000,97.27
1689980400000,98.42
1689984000000,93.0
1689987600000,94.36
1689991200000,89.93
1689994800000,88.0
1689998400000,88.8
1690002000000,86.18
1690005600000,82.93
1690009200000,72.01
1690012800000,59.08
1690016400000,46.56
1690020000000,40.15
1690023600000,22.34
1690027200000,19.52
1690030800000,29.05
1690034400000,46.92
1690038000000,70.67
1690041600000,86.01
1690045200000,99.92
1690048800000,106.83
1690052400000,118.75
1690056000000,106.43
1690059600000,98.49
1690063200000,87.3
1690066800000,79.27
1690070400000,67.89
1690074000000,33.22
1690077600000,15.78
1690081200000,11.09
1690084800000,5.08
1690088400000,2.88
1690092000000,3.42
1690095600000,0.09
1690099200000,0.0
1690102800000,-0.03
1690106400000,-0.05
1690110000000,-7.78
1690113600000,-12.17
1690117200000,-7.03
1690120800000,-3.81
1690124400000,0.0
1690128000000,28.93
1690131600000,66.78
1690135200000,87.24
1690138800000,91.76
1690142400000,99.66
1690146000000,92.64
1690149600000,77.14
1690153200000,70.02
1690156800000,68.99
1690160400000,72.01
1690164000000,72.09
1690167600000,87.11
1690171200000,102.59
1690174800000,113.97
1690178400000,115.08
1690182000000,105.0
1690185600000,99.94
1690189200000,94.62
1690192800000,87.45
1690196400000,81.59
1690200000000,74.97
1690203600000,67.27
1690207200000,63.73
1690210800000,77.06
1690214400000,97.68
1690218000000,106.96
1690221600000,118.46
1690225200000,113.99
1690228800000,102.97
1690232400000,102.03
1690236000000,96.0
1690239600000,86.55
1690243200000,84.95
1690246800000,86.83
1690250400000,88.07
1690254000000,97.49
1690257600000,114.05
1690261200000,150.45
1690264800000,151.9
1690268400000,113.74
1690272000000,102.65
1690275600000,100.92
1690279200000,98.27
1690282800000,90.12
1690286400000,87.58
1690290000000,88.88
1690293600000,90.12
1690297200000,92.71
1690300800000,112.01
1690304400000,122.98
1690308000000,119.04
1690311600000,116.55
1690315200000,109.35
1690318800000,98.5
1690322400000,97.96
1690326000000,89.31
1690329600000,86.26
1690333200000,79.65
1690336800000,79.64
1690340400000,86.83
1690344000000,101.77
1690347600000,114.9
1690351200000,120.75
1690354800000,103.85
1690358400000,95.68
1690362000000,89.52
1690365600000,86.04
1690369200000,78.63
1690372800000,74.67
1690376400000,69.43
1690380000000,80.82
1690383600000,88.97
1690387200000,100.06
1690390800000,115.22
1690394400000,120.58
1690398000000,118.04
1690401600000,110.23
1690405200000,97.06
1690408800000,98.36
1690412400000,82.69
1690416000000,76.0
1690419600000,71.06
1690423200000,72.0
1690426800000,80.48
1690430400000,96.9
1690434000000,103.58
1690437600000,104.3
1690441200000,99.12
1690444800000,96.8
1690448400000,90.9
1690452000000,86.45
1690455600000,80.01
1690459200000,78.33
1690462800000,81.35
1690466400000,93.89
1690470000000,107.26
1690473600000,114.91
1690477200000,116.95
1690480800000,109.97
1690484400000,108.12
1690488000000,105.56
1690491600000,98.88
1690495200000,88.63
1690498800000,79.59
1690502400000,78.13
1690506000000,79.2
1690509600000,80.02
1690513200000,89.53
1690516800000,100.09
1690520400000,111.12
1690524000000,112.99
1690527600000,107.87
1690531200000,99.54
1690534800000,93.0
1690538400000,85.9
1690542000000,80.0
1690545600000,75.65
1690549200000,76.1
1690552800000,80.0
1690556400000,94.27
1690560000000,103.59
1690563600000,122.44
1690567200000,130.0
1690570800000,121.78
1690574400000,111.09
1690578000000,101.53
1690581600000,103.09
1690585200000,94.48
1690588800000,91.17
1690592400000,85.66
1690596000000,88.97
1690599600000,87.03
1690603200000,85.7
1690606800000,87.91
1690610400000,85.79
1690614000000,81.71
1690617600000,75.5
1690621200000,63.75
1690624800000,58.66
1690628400000,40.48
1690632000000,18.2
1690635600000,19.67
1690639200000,49.18
1690642800000,58.66
1690646400000,79.54
1690650000000,92.28
1690653600000,99.93
1690657200000,100.74
1690660800000,99.93
1690664400000,92.18
1690668000000,84.5
1690671600000,74.9
1690675200000,67.81
1690678800000,57.79
1690682400000,51.6
1690686000000,51.7
1690689600000,47.34
1690693200000,37.0
1690696800000,29.82
1690700400000,8.48
1690704000000,-0.01
1690707600000,-0.26
1690711200000,-16.69
1690714800000,-44.93
1690718400000,-46.61
1690722000000,-40.02
1690725600000,-19.94
1690729200000,-1.0
1690732800000,16.22
1690736400000,74.37
1690740000000,84.47
1690743600000,88.46
1690747200000,87.06
1690750800000,70.05
1690754400000,61.03
1690758000000,50.51
1690761600000,44.09
1690765200000,30.3
1690768800000,28.91
1690772400000,50.31
1690776000000,78.18
1690779600000,86.58
1690783200000,88.16
1690786800000,86.0
1690790400000,74.16
1690794000000,67.49
1690797600000,65.18
1690801200000,59.65
1690804800000,59.14
1690808400000,59.94
1690812000000,67.66
1690815600000,75.97
1690819200000,89.68
1690822800000,98.21
1690826400000,99.97
1690830000000,99.25
1690833600000,95.26
1690837200000,87.63
1690840800000,68.01
1690844400000,58.86
1690848000000,57.86
1690851600000,56.94
1690855200000,57.9
1690858800000,63.4
1690862400000,91.8
1690866000000,94.44
1690869600000,99.0
1690873200000,92.19
1690876800000,92.72
1690880400000,87.27
1690884000000,79.22
1690887600000,69.92
1690891200000,60.12
1690894800000,57.27
1690898400000,56.96
1690902000000,68.5
1690905600000,81.74
1690909200000,96.05
1690912800000,108.83
1690916400000,111.94
1690920000000,102.55
1690923600000,92.78
1690927200000,89.38
1690930800000,77.54
1690934400000,69.62
1690938000000,67.07
1690941600000,70.23
1690945200000,87.16
1690948800000,103.61
1690952400000,111.96
1690956000000,98.37
1690959600000,89.38
1690963200000,79.07
1690966800000,64.5
1690970400000,52.02
1690974000000,33.08
1690977600000,24.88
1690981200000,21.24
1690984800000,29.15
1690988400000,52.56
1690992000000,69.26
1690995600000,83.92
1690999200000,81.87
1691002800000,78.77
1691006400000,65.7
1691010000000,38.57
1691013600000,19.97
1691017200000,9.51
1691020800000,3.44
1691024400000,5.61
1691028000000,7.2
1691031600000,24.8
1691035200000,47.38
1691038800000,63.0
1691042400000,70.0
1691046000000,58.9
1691049600000,45.45
1691053200000,34.52
1691056800000,27.01
1691060400000,21.25
1691064000000,17.43
1691067600000,17.7
1691071200000,21.94
1691074800000,45.01
1691078400000,79.78
1691082000000,95.26
1691085600000,96.6
1691089200000,96.81
1691092800000,94.38
1691096400000,87.0
1691100000000,90.14
1691103600000,83.85
1691107200000,80.92
1691110800000,79.25
1691114400000,82.77
1691118000000,88.18
1691121600000,108.68
1691125200000,123.76
1691128800000,120.67
1691132400000,105.07
1691136000000,95.16
1691139600000,90.68
1691143200000,86.92
1691146800000,80.81
1691150400000,77.84
1691154000000,77.08
1691157600000,82.89
1691161200000,95.04
1691164800000,103.46
1691168400000,134.86
1691172000000,139.8
1691175600000,128.95
1691179200000,111.0
1691182800000,98.49
1691186400000,101.55
1691190000000,94.9
1691193600000,92.58
1691197200000,90.3
1691200800000,90.24
1691204400000,90.54
1691208000000,94.7
1691211600000,93.03
1691215200000,93.19
1691218800000,89.0
1691222400000,80.1
1691226000000,75.18
1691229600000,65.01
1691233200000,58.91
1691236800000,58.04
1691240400000,65.85
1691244000000,79.73
1691247600000,99.16
1691251200000,107.62
1691254800000,123.1
1691258400000,128.99
1691262000000,109.23
1691265600000,99.08
1691269200000,87.34
1691272800000,89.1
1691276400000,88.09
1691280000000,79.07
1691283600000,79.08
1691287200000,75.06
1691290800000,84.0
1691294400000,75.1
1691298000000,68.61
1691301600000,67.46
1691305200000,61.11
1691308800000,49.09
1691312400000,43.85
1691316000000,33.92
1691319600000,12.07
1691323200000,11.96
1691326800000,9.09
1691330400000,12.1
1691334000000,35.17
1691337600000,62.03
1691341200000,72.61
1691344800000,76.85
1691348400000,77.15
1691352000000,71.86
1691355600000,55.4
1691359200000,54.4
1691362800000,47.57
1691366400000,30.83
1691370000000,7.01
1691373600000,3.55
1691377200000,0.03
1691380800000,66.32
1691384400000,73.38
1691388000000,65.14
1691391600000,44.94
1691395200000,4.37
1691398800000,1.0
1691402400000,-0.01
1691406000000,-0.81
1691409600000,-4.31
1691413200000,-9.99
1691416800000,-4.32
1691420400000,-0.04
1691424000000,0.16
1691427600000,13.69
1691431200000,30.71
1691434800000,41.83
1691438400000,1.07
1691442000000,-0.07
1691445600000,-4.28
1691449200000,-6.03
1691452800000,-6.2
1691456400000,-5.92
1691460000000,-3.74
1691463600000,-2.09
1691467200000,0.09
1691470800000,14.32
1691474400000,-0.09
1691478000000,-2.7
1691481600000,-6.77
1691485200000,-13.18
1691488800000,-15.73
1691492400000,-20.09
1691496000000,-21.77
1691499600000,-16.1
1691503200000,-8.9
1691506800000,-0.82
1691510400000,1.07
1691514000000,87.59
1691517600000,83.96
1691521200000,89.18
1691524800000,87.59
1691528400000,59.98
1691532000000,79.9
1691535600000,72.16
1691539200000,70.03
1691542800000,67.81
1691546400000,74.12
1691550000000,83.95
1691553600000,98.16
1691557200000,105.7
1691560800000,106.44
1691564400000,99.65
1691568000000,88.97
1691571600000,81.65
1691575200000,62.62
1691578800000,61.51
1691582400000,42.02
1691586000000,57.49
1691589600000,67.7
1691593200000,88.0
1691596800000,99.45
1691600400000,118.91
1691604000000,139.08
1691607600000,131.62
1691611200000,122.47
1691614800000,100.96
1691618400000,96.27
1691622000000,91.99
1691625600000,89.15
1691629200000,79.98
1691632800000,88.82
1691636400000,93.0
1691640000000,134.27
1691643600000,192.61
1691647200000,110.21
1691650800000,96.9
1691654400000,82.19
1691658000000,67.04
1691661600000,67.05
1691665200000,39.07
1691668800000,44.92
1691672400000,65.57
1691676000000,80.01
1691679600000,93.38
1691683200000,102.88
1691686800000,171.76
1691690400000,203.8
1691694000000,144.49
1691697600000,115.49
1691701200000,101.29
1691704800000,111.31
1691708400000,106.39
1691712000000,104.77
1691715600000,99.75
1691719200000,102.29
1691722800000,106.8
1691726400000,143.29
1691730000000,143.29
1691733600000,115.07
1691737200000,100.2
1691740800000,84.51
1691744400000,73.69
1691748000000,41.42
1691751600000,30.19
1691755200000,32.21
1691758800000,58.01
1691762400000,84.58
1691766000000,97.98
1691769600000,112.78
1691773200000,140.81
1691776800000,166.66
1691780400000,133.0
1691784000000,117.88
1691787600000,103.78
1691791200000,103.54
1691794800000,98.2
1691798400000,97.7
1691802000000,95.92
1691805600000,93.91
1691809200000,98.92
1691812800000,95.49
1691816400000,100.0
1691820000000,99.54
1691823600000,87.5
1691827200000,76.25
1691830800000,67.06
1691834400000,51.64
1691838000000,24.51
1691841600000,6.0
1691845200000,6.92
1691848800000,20.4
1691852400000,67.58
1691856000000,92.54
1691859600000,106.47
1691863200000,111.16
1691866800000,112.28
1691870400000,108.05
1691874000000,101.66
1691877600000,90.1
1691881200000,84.6
1691884800000,78.8
1691888400000,69.66
1691892000000,69.0
1691895600000,72.02
1691899200000,77.69
1691902800000,76.74
1691906400000,70.81
1691910000000,50.39
1691913600000,28.21
1691917200000,14.13
1691920800000,5.87
1691924400000,1.06
1691928000000,1.46
1691931600000,6.76
1691935200000,17.45
1691938800000,72.66
1691942400000,99.17
1691946000000,108.17
1691949600000,116.02
1691953200000,120.0
1691956800000,120.15
1691960400000,114.09
1691964000000,98.01
1691967600000,89.63
1691971200000,84.5
1691974800000,88.37
1691978400000,94.61
1691982000000,110.38
1691985600000,130.99
1691989200000,142.87
1691992800000,116.86
1691996400000,99.07
1692000000000,83.67
1692003600000,77.31
1692007200000,69.93
1692010800000,63.68
1692014400000,67.11
1692018000000,74.1
1692021600000,82.5
1692025200000,101.69
1692028800000,123.87
1692032400000,177.79
1692036000000,161.07
1692039600000,130.86
1692043200000,110.99
1692046800000,101.06
1692050400000,99.6
1692054000000,92.65
1692057600000,92.16
1692061200000,89.96
1692064800000,87.67
1692068400000,92.71
1692072000000,113.68
1692075600000,135.0
1692079200000,120.58
1692082800000,94.7
1692086400000,79.97
1692090000000,73.98
1692093600000,62.34
1692097200000,30.98
1692100800000,23.54
1692104400000,45.85
1692108000000,70.26
1692111600000,96.02
1692115200000,108.67
1692118800000,126.06
1692122400000,142.61
1692126000000,133.04
1692129600000,125.44
1692133200000,107.89
1692136800000,106.8
1692140400000,97.45
1692144000000,93.38
1692147600000,94.47
1692151200000,97.0
1692154800000,99.5
1692158400000,119.09
1692162000000,146.01
1692165600000,129.58
1692169200000,109.51
1692172800000,99.31
1692176400000,94.44
1692180000000,91.64
1692183600000,86.91
1692187200000,89.83
1692190800000,93.11
1692194400000,97.21
1692198000000,110.79
1692201600000,131.22
1692205200000,156.1
1692208800000,160.03
1692212400000,136.1
1692216000000,119.9
1692219600000,99.99
1692223200000,104.88
1692226800000,98.38
1692230400000,97.95
1692234000000,95.14
1692237600000,95.14
1692241200000,102.4
1692244800000,134.72
1692248400000,136.4
1692252000000,134.11
1692255600000,115.2
1692259200000,103.07
1692262800000,95.21
1692266400000,91.62
1692270000000,89.98
1692273600000,89.98
1692277200000,94.09
1692280800000,100.0
1692284400000,113.45
1692288000000,131.92
1692291600000,150.63
1692295200000,145.62
1692298800000,128.88
1692302400000,116.63
1692306000000,107.3
1692309600000,105.09
1692313200000,101.76
1692316800000,101.03
1692320400000,103.17
1692324000000,101.99
1692327600000,104.41
1692331200000,120.8
1692334800000,140.63
1692338400000,122.45
1692342000000,106.85
1692345600000,95.85
1692349200000,89.05
1692352800000,86.28
1692356400000,82.85
1692360000000,84.16
1692363600000,89.17
1692367200000,95.35
1692370800000,108.26
1692374400000,128.0
1692378000000,161.38
1692381600000,150.24
1692385200000,127.47
1692388800000,109.29
1692392400000,100.23
1692396000000,99.2
1692399600000,95.88
1692403200000,94.4
1692406800000,93.64
1692410400000,95.9
1692414000000,95.9
1692417600000,99.9
1692421200000,90.21
1692424800000,83.02
1692428400000,79.37
1692432000000,69.4
1692435600000,41.83
1692439200000,25.45
1692442800000,14.86
1692446400000,12.59
1692450000000,25.01
1692453600000,74.42
1692457200000,100.45
1692460800000,115.46
1692464400000,130.15
1692468000000,129.19
1692471600000,132.53
1692475200000,123.71
1692478800000,112.54
1692482400000,113.99
1692486000000,110.59
1692489600000,105.17
1692493200000,105.02
1692496800000,103.01
1692500400000,104.61
1692504000000,104.72
1692507600000,99.69
1692511200000,98.99
1692514800000,86.62
1692518400000,73.31
1692522000000,44.0
1692525600000,19.23
1692529200000,13.25
1692532800000,13.84
1692536400000,33.81
1692540000000,78.98
1692543600000,95.1
1692547200000,112.0
1692550800000,128.8
1692554400000,140.0
1692558000000,139.54
1692561600000,126.71
1692565200000,111.95
1692568800000,111.95
1692572400000,101.67
1692576000000,98.71
1692579600000,95.07
1692583200000,97.71
1692586800000,106.22
1692590400000,138.84
1692594000000,160.93
1692597600000,137.27
1692601200000,115.13
1692604800000,104.04
1692608400000,96.77
1692612000000,92.64
1692615600000,89.96
1692619200000,95.1
1692622800000,95.57
1692626400000,100.0
1692630000000,118.67
1692633600000,142.78
1692637200000,186.73
1692640800000,203.45
1692644400000,166.35
1692648000000,136.01
1692651600000,115.0
1692655200000,113.69
1692658800000,104.94
1692662400000,103.47
1692666000000,103.61
1692669600000,106.29
1692673200000,112.51
1692676800000,136.51
1692680400000,150.87
1692684000000,136.95
1692687600000,115.91
1692691200000,102.4
1692694800000,99.67
1692698400000,93.57
1692702000000,92.58
1692705600000,92.44
1692709200000,97.16
1692712800000,99.95
1692716400000,108.94
1692720000000,145.18
1692723600000,192.83
1692727200000,206.48
1692730800000,166.3
1692734400000,145.8
1692738000000,127.6
1692741600000,123.89
1692745200000,112.67
1692748800000,109.9
1692752400000,106.38
1692756000000,110.2
1692759600000,115.11
1692763200000,141.11
1692766800000,162.0
1692770400000,157.41
1692774000000,136.5
1692777600000,119.85
1692781200000,111.75
1692784800000,102.34
1692788400000,98.86
1692792000000,97.55
1692795600000,104.63
1692799200000,117.08
1692802800000,144.2
1692806400000,225.5
1692810000000,276.12
1692813600000,291.93
1692817200000,240.79
1692820800000,172.82
1692824400000,138.67
1692828000000,133.82
1692831600000,124.95
1692835200000,118.05
1692838800000,114.58
1692842400000,121.73
1692846000000,136.28
1692849600000,164.9
1692853200000,165.62
1692856800000,163.63
1692860400000,131.97
1692864000000,113.51
1692867600000,108.94
1692871200000,108.99
1692874800000,107.48
1692878400000,111.39
1692882000000,116.03
1692885600000,122.88
1692889200000,158.97
1692892800000,211.78
1692896400000,264.91
1692900000000,249.29
1692903600000,187.64
1692907200000,159.27
1692910800000,130.09
1692914400000,105.24
1692918000000,96.34
1692921600000,95.71
1692925200000,95.9
1692928800000,96.76
1692932400000,103.0
1692936000000,124.22
1692939600000,135.12
1692943200000,139.42
1692946800000,129.03
1692950400000,116.67
1692954000000,110.61
1692957600000,101.95
1692961200000,100.0
1692964800000,95.58
1692968400000,93.27
1692972000000,100.82
1692975600000,122.02
1692979200000,142.0
1692982800000,161.26
1692986400000,151.43
1692990000000,138.13
1692993600000,127.89
1692997200000,107.89
1693000800000,109.9
1693004400000,104.1
1693008000000,101.91
1693011600000,99.52
1693015200000,96.12
1693018800000,93.63
1693022400000,95.48
1693026000000,95.9
1693029600000,98.3
1693033200000,92.64
1693036800000,85.11
1693040400000,80.38
1693044000000,69.91
1693047600000,46.27
1693051200000,56.38
1693054800000,80.53
1693058400000,86.87
1693062000000,95.0
1693065600000,103.76
1693069200000,123.82
1693072800000,132.21
1693076400000,135.02
1693080000000,122.98
1693083600000,110.63
1693087200000,102.39
1693090800000,98.31
1693094400000,96.91
1693098000000,96.0
1693101600000,99.16
1693105200000,98.07
1693108800000,99.16
1693112400000,96.32
1693116000000,94.1
1693119600000,94.92
1693123200000,93.24
1693126800000,93.98
1693130400000,93.26
1693134000000,87.6
1693137600000,87.87
1693141200000,89.06
1693144800000,96.33
1693148400000,105.62
1693152000000,119.94
1693155600000,129.13
1693159200000,125.08
1693162800000,127.14
1693166400000,119.0
1693170000000,102.99
1693173600000,93.31
1693177200000,88.52
1693180800000,85.0
1693184400000,80.66
1693188000000,85.24
1693191600000,93.35
1693195200000,111.18
1693198800000,140.51
1693202400000,145.66
1693206000000,124.55
1693209600000,116.58
1693213200000,114.86
1693216800000,105.07
1693220400000,100.25
1693224000000,100.59
1693227600000,117.58
1693231200000,116.47
1693234800000,150.15
1693238400000,162.85
1693242000000,174.96
1693245600000,166.73
1693249200000,142.4
1693252800000,123.72
1693256400000,107.94
1693260000000,103.09
1693263600000,96.97
1693267200000,95.04
1693270800000,95.04
1693274400000,95.05
1693278000000,98.81
1693281600000,121.88
1693285200000,147.16
1693288800000,168.78
1693292400000,150.84
1693296000000,131.77
1693299600000,116.98
1693303200000,111.19
1693306800000,102.85
1693310400000,100.15
1693314000000,107.64
1693317600000,114.09
1693321200000,140.63
1693324800000,155.85
1693328400000,171.81
1693332000000,162.5
1693335600000,136.68
1693339200000,122.08
1693342800000,102.81
1693346400000,100.12
1693350000000,98.6
1693353600000,96.36
1693357200000,94.57
1693360800000,96.81
1693364400000,97.68
1693368000000,128.15
1693371600000,144.13
1693375200000,139.91
1693378800000,124.7
1693382400000,110.29
1693386000000,99.3
1693389600000,97.74
1693393200000,95.58
1693396800000,94.1
1693400400000,96.65
1693404000000,95.74
1693407600000,115.33
1693411200000,139.92
1693414800000,169.01
1693418400000,168.09
1693422000000,134.4
1693425600000,119.49
1693429200000,101.59
1693432800000,96.31
1693436400000,91.76
1693440000000,91.43
1693443600000,90.81
1693447200000,88.47
1693450800000,91.43
1693454400000,105.41
1693458000000,141.51
1693461600000,127.72
1693465200000,114.13
1693468800000,96.87
1693472400000,92.0
1693476000000,90.06
1693479600000,88.04
1693483200000,86.26
1693486800000,87.01
1693490400000,89.01
1693494000000,99.72
1693497600000,119.05
1693501200000,148.55
1693504800000,139.15
1693508400000,125.5
1693512000000,106.03
1693515600000,96.89
1693519200000,98.9
1693522800000,95.97
1693526400000,93.29
1693530000000,93.07
1693533600000,94.08
1693537200000,97.2
1693540800000,112.04
1693544400000,128.43
1693548000000,129.43
1693551600000,111.3
1693555200000,102.22
1693558800000,96.52
1693562400000,92.02
1693566000000,88.9
1693569600000,89.23
1693573200000,92.02
1693576800000,96.57
1693580400000,107.61
1693584000000,127.15
1693587600000,151.52
1693591200000,147.34
1693594800000,127.7
1693598400000,118.56
1693602000000,114.65
1693605600000,107.46
1693609200000,102.7
1693612800000,100.0
1693616400000,95.9
1693620000000,96.4
1693623600000,100.2
1693627200000,101.02
1693630800000,101.09
1693634400000,100.22
1693638000000,94.58
1693641600000,89.77
1693645200000,79.9
1693648800000,76.0
1693652400000,62.99
1693656000000,55.35
1693659600000,69.4
1693663200000,80.01
1693666800000,93.45
1693670400000,110.0
1693674000000,121.79
1693677600000,126.8
1693681200000,115.19
1693684800000,105.64
1693688400000,97.34
1693692000000,105.28
1693695600000,101.03
1693699200000,101.94
1693702800000,101.64
1693706400000,100.37
1693710000000,99.03
1693713600000,98.18
1693717200000,94.43
1693720800000,89.54
1693724400000,82.8
1693728000000,60.3
1693731600000,43.43
1693735200000,21.37
1693738800000,11.33
1693742400000,4.94
1693746000000,15.71
1693749600000,53.66
1693753200000,94.43
1693756800000,110.03
1693760400000,125.19
1693764000000,138.59
1693767600000,119.32
1693771200000,109.83
1693774800000,101.17
1693778400000,100.85
1693782000000,94.49
1693785600000,93.14
1693789200000,93.59
1693792800000,93.19
1693796400000,103.38
1693800000000,127.33
1693803600000,144.33
1693807200000,129.92
1693810800000,109.36
1693814400000,92.88
1693818000000,82.07
1693821600000,77.65
1693825200000,72.51
1693828800000,72.04
1693832400000,80.4
1693836000000,90.97
1693839600000,109.58
1693843200000,138.44
1693846800000,198.28
1693850400000,172.77
1693854000000,124.95
1693857600000,105.01
1693861200000,95.56
1693864800000,94.48
1693868400000,92.13
1693872000000,91.34
1693875600000,91.08
1693879200000,91.65
1693882800000,95.6
1693886400000,120.0
1693890000000,126.0
1693893600000,118.16
1693897200000,97.78
1693900800000,88.0
1693904400000,81.85
1693908000000,75.9
1693911600000,75.05
1693915200000,77.13
1693918800000,83.0
1693922400000,88.51
1693926000000,103.26
1693929600000,129.1
1693933200000,184.87
1693936800000,154.53
1693940400000,121.95
1693944000000,107.61
1693947600000,96.03
1693951200000,88.89
1693954800000,85.52
1693958400000,90.53
1693962000000,92.12
1693965600000,92.48
1693969200000,102.98
1693972800000,122.71
1693976400000,141.99
1693980000000,119.19
1693983600000,97.73
1693987200000,88.65
1693990800000,82.1
1693994400000,75.17
1693998000000,73.43
1694001600000,75.48
1694005200000,82.5
1694008800000,91.44
1694012400000,105.87
1694016000000,145.83
1694019600000,189.83
1694023200000,166.04
1694026800000,123.13
1694030400000,105.5
1694034000000,95.72
1694037600000,95.42
1694041200000,91.37
1694044800000,89.08
1694048400000,84.01
1694052000000,87.84
1694055600000,92.09
1694059200000,116.02
1694062800000,130.0
1694066400000,126.0
1694070000000,102.68
1694073600000,88.22
1694077200000,82.7
1694080800000,73.53
1694084400000,65.2
1694088000000,70.18
1694091600000,82.0
1694095200000,88.3
1694098800000,103.14
1694102400000,133.53
1694106000000,167.27
1694109600000,146.73
1694113200000,118.0
1694116800000,101.4
1694120400000,88.95
1694124000000,84.62
1694127600000,81.52
1694131200000,82.06
1694134800000,82.1
1694138400000,87.42
1694142000000,93.55
1694145600000,112.89
1694149200000,133.76
1694152800000,122.52
1694156400000,100.18
1694160000000,89.87
1694163600000,82.48
1694167200000,75.1
1694170800000,70.91
1694174400000,72.57
1694178000000,80.23
1694181600000,88.41
1694185200000,107.9
1694188800000,171.82
1694192400000,230.0
1694196000000,195.55
1694199600000,132.08
1694203200000,113.93
1694206800000,105.98
1694210400000,105.2
1694214000000,102.47
1694217600000,100.01
1694221200000,100.0
1694224800000,100.85
1694228400000,101.33
1694232000000,103.83
1694235600000,104.04
1694239200000,96.09
1694242800000,89.77
1694246400000,78.79
1694250000000,65.53
1694253600000,20.52
1694257200000,5.19
1694260800000,10.39
1694264400000,57.89
1694268000000,78.8
1694271600000,97.75
1694275200000,121.3
1694278800000,154.21
1694282400000,156.51
1694286000000,131.78
1694289600000,110.9
1694293200000,103.16
1694296800000,105.85
1694300400000,104.33
1694304000000,103.63
1694307600000,100.79
1694311200000,96.81
1694314800000,98.72
1694318400000,99.35
1694322000000,97.25
1694325600000,93.35
1694329200000,89.06
1694332800000,56.08
1694336400000,18.0
1694340000000,8.28
1694343600000,0.03
1694347200000,0.0
1694350800000,26.33
1694354400000,79.0
1694358000000,100.24
1694361600000,121.19
1694365200000,150.6
1694368800000,151.9
1694372400000,131.57
1694376000000,113.93
1694379600000,100.86
1694383200000,105.0
1694386800000,97.38
1694390400000,96.03
1694394000000,93.05
1694397600000,94.75
1694401200000,104.21
1694404800000,146.61
1694408400000,179.21
1694412000000,136.44
1694415600000,113.0
1694419200000,95.16
1694422800000,89.17
1694426400000,87.67
1694430000000,86.45
1694433600000,89.0
1694437200000,92.53
1694440800000,100.18
1694444400000,132.93
1694448000000,266.71
1694451600000,524.27
1694455200000,448.13
1694458800000,223.11
1694462400000,147.83
1694466000000,119.94
1694469600000,106.36
1694473200000,105.14
1694476800000,105.87
1694480400000,105.63
1694484000000,106.36
1694487600000,116.14
1694491200000,153.57
1694494800000,228.99
1694498400000,146.98
1694502000000,123.22
1694505600000,112.33
1694509200000,101.59
1694512800000,96.46
1694516400000,93.59
1694520000000,97.08
1694523600000,99.9
1694527200000,109.17
1694530800000,140.41
1694534400000,190.53
1694538000000,284.02
1694541600000,185.62
1694545200000,136.62
1694548800000,115.55
1694552400000,93.77
1694556000000,106.45
1694559600000,99.9
1694563200000,97.86
1694566800000,93.76
1694570400000,93.49
1694574000000,97.92
1694577600000,124.74
1694581200000,139.71
1694584800000,137.72
1694588400000,124.91
1694592000000,103.21
1694595600000,96.86
1694599200000,93.97
1694602800000,92.83
1694606400000,92.02
1694610000000,95.3
1694613600000,96.02
1694617200000,104.39
1694620800000,124.98
1694624400000,153.5
1694628000000,141.67
1694631600000,122.79
1694635200000,106.41
1694638800000,98.07
1694642400000,96.3
1694646000000,94.88
1694649600000,98.74
1694653200000,100.5
1694656800000,99.29
1694660400000,104.74
1694664000000,142.15
1694667600000,181.22
1694671200000,155.77
1694674800000,118.02
1694678400000,96.82
1694682000000,91.59
1694685600000,91.25
1694689200000,89.66
1694692800000,88.14
1694696400000,89.7
1694700000000,94.16
1694703600000,116.84
1694707200000,173.01
1694710800000,235.74
1694714400000,185.8
1694718000000,133.34
1694721600000,114.14
1694725200000,99.37
1694728800000,100.89
1694732400000,97.01
1694736000000,96.4
1694739600000,97.64
1694743200000,99.2
1694746800000,99.43
1694750400000,138.64
1694754000000,150.87
1694757600000,125.07
1694761200000,104.38
1694764800000,93.58
1694768400000,89.46
1694772000000,78.57
1694775600000,62.89
1694779200000,71.19
1694782800000,84.88
1694786400000,93.4
1694790000000,114.67
1694793600000,155.21
1694797200000,189.87
1694800800000,142.75
1694804400000,112.65
1694808000000,102.04
1694811600000,95.77
1694815200000,96.24
1694818800000,94.02
1694822400000,92.52
1694826000000,91.56
1694829600000,94.72
1694833200000,92.75
1694836800000,103.47
1694840400000,110.88
1694844000000,101.67
1694847600000,90.79
1694851200000,79.0
1694854800000,64.97
1694858400000,54.48
1694862000000,32.44
1694865600000,34.4
1694869200000,74.46
1694872800000,87.44
1694876400000,108.16
1694880000000,133.56
1694883600000,181.24
1694887200000,143.62
1694890800000,117.49
1694894400000,105.03
1694898000000,99.9
1694901600000,108.99
1694905200000,105.35
1694908800000,104.67
1694912400000,100.58
1694916000000,101.7
1694919600000,99.16
1694923200000,98.97
1694926800000,103.33
1694930400000,93.82
1694934000000,83.16
1694937600000,70.79
1694941200000,39.81
1694944800000,21.21
1694948400000,4.08
1694952000000,4.3
1694955600000,38.7
1694959200000,78.34
1694962800000,108.76
1694966400000,132.0
1694970000000,151.9
1694973600000,126.81
1694977200000,118.25
1694980800000,108.91
1694984400000,99.18
1694988000000,93.97
1694991600000,88.47
1694995200000,81.73
1694998800000,85.02
1695002400000,87.82
1695006000000,93.67
1695009600000,117.21
1695013200000,133.49
1695016800000,128.81
1695020400000,105.85
1695024000000,90.65
1695027600000,74.3
1695031200000,56.2
1695034800000,30.44
1695038400000,38.46
1695042000000,73.88
1695045600000,90.67
1695049200000,116.01
1695052800000,139.43
1695056400000,161.78
1695060000000,125.63
1695063600000,106.57
1695067200000,93.39
1695070800000,73.81
1695074400000,1.01
1695078000000,-0.01
1695081600000,-0.04
1695085200000,-0.05
1695088800000,-0.02
1695092400000,0.83
1695096000000,70.27
1695099600000,104.27
1695103200000,109.52
1695106800000,85.89
1695110400000,8.5
1695114000000,-0.08
1695117600000,-3.49
1695121200000,-5.34
1695124800000,-5.74
1695128400000,-2.95
1695132000000,-0.08
1695135600000,46.88
1695139200000,97.16
1695142800000,114.42
1695146400000,109.64
1695150000000,86.79
1695153600000,66.81
1695157200000,16.35
1695160800000,-0.01
1695164400000,-0.1
1695168000000,-0.1
1695171600000,0.03
1695175200000,1.01
1695178800000,10.0
1695182400000,88.29
1695186000000,102.06
1695189600000,105.64
1695193200000,81.15
1695196800000,7.61
1695200400000,-0.05
1695204000000,-3.33
1695207600000,-5.34
1695211200000,-4.74
1695214800000,-2.03
1695218400000,3.93
1695222000000,88.42
1695225600000,138.65
1695229200000,195.86
1695232800000,122.4
1695236400000,95.3
1695240000000,86.16
1695243600000,76.18
1695247200000,76.13
1695250800000,72.87
1695254400000,56.83
1695258000000,39.43
1695261600000,56.83
1695265200000,73.6
1695268800000,99.57
1695272400000,117.68
1695276000000,115.82
1695279600000,102.9
1695283200000,92.06
1695286800000,77.0
1695290400000,73.3
1695294000000,76.02
1695297600000,84.92
1695301200000,93.8
1695304800000,105.82
1695308400000,124.04
1695312000000,195.89
1695315600000,274.42
1695319200000,154.8
1695322800000,114.8
1695326400000,100.1
1695330000000,94.75
1695333600000,88.31
1695337200000,87.16
1695340800000,88.05
1695344400000,88.76
1695348000000,90.99
1695351600000,91.66
1695355200000,112.62
1695358800000,138.03
1695362400000,135.76
1695366000000,118.31
1695369600000,99.64
1695373200000,90.93
1695376800000,85.65
1695380400000,77.78
1695384000000,74.2
1695387600000,79.01
1695391200000,88.24
1695394800000,107.0
1695398400000,136.45
1695402000000,159.9
1695405600000,133.45
1695409200000,114.59
1695412800000,105.93
1695416400000,103.06
1695420000000,109.04
1695423600000,101.43
1695427200000,97.05
1695430800000,91.72
1695434400000,89.43
1695438000000,91.78
1695441600000,98.88
1695445200000,107.2
1695448800000,109.99
1695452400000,104.68
1695456000000,90.75
1695459600000,84.9
1695463200000,79.89
1695466800000,70.55
1695470400000,53.09
1695474000000,71.0
1695477600000,78.98
1695481200000,102.02
1695484800000,129.67
1695488400000,156.19
1695492000000,145.0
1695495600000,117.91
1695499200000,106.92
1695502800000,100.4
1695506400000,98.71
1695510000000,87.24
1695513600000,77.73
1695517200000,77.87
1695520800000,82.91
1695524400000,90.73
1695528000000,94.61
1695531600000,94.06
1695535200000,91.22
1695538800000,59.36
1695542400000,1.06
1695546000000,0.85
1695549600000,-0.03
1695553200000,-2.62
1695556800000,-2.66
1695560400000,-0.08
1695564000000,5.22
1695567600000,98.03
1695571200000,133.9
1695574800000,157.09
1695578400000,134.98
1695582000000,105.0
1695585600000,93.53
1695589200000,72.85
1695592800000,34.63
1695596400000,10.0
1695600000000,1.09
1695603600000,0.08
1695607200000,0.49
1695610800000,50.15
1695614400000,109.36
1695618000000,139.15
1695621600000,143.0
1695625200000,118.32
1695628800000,93.81
1695632400000,89.01
1695636000000,76.07
1695639600000,76.11
1695643200000,84.09
1695646800000,92.06
1695650400000,97.46
1695654000000,125.92
1695657600000,200.09
1695661200000,379.59
1695664800000,249.39
1695668400000,136.34
1695672000000,122.91
1695675600000,110.17
1695679200000,114.16
1695682800000,107.99
1695686400000,104.93
1695690000000,104.58
1695693600000,104.57
1695697200000,107.99
1695700800000,152.26
1695704400000,288.55
1695708000000,166.98
1695711600000,117.75
1695715200000,100.41
1695718800000,95.27
1695722400000,91.08
1695726000000,82.95
1695729600000,89.87
1695733200000,98.02
1695736800000,104.51
1695740400000,135.48
1695744000000,180.24
1695747600000,246.82
1695751200000,160.34
1695754800000,126.27
1695758400000,108.06
1695762000000,101.28
1695765600000,105.51
1695769200000,102.0
1695772800000,102.55
1695776400000,102.05
1695780000000,100.45
1695783600000,108.62
1695787200000,141.76
1695790800000,259.77
1695794400000,175.5
1695798000000,128.79
1695801600000,102.33
1695805200000,93.26
1695808800000,90.2
1695812400000,87.34
1695816000000,89.22
1695819600000,94.04
1695823200000,109.25
1695826800000,149.91
1695830400000,194.93
1695834000000,214.7
1695837600000,142.08
1695841200000,107.82
1695844800000,96.38
1695848400000,89.09
1695852000000,88.36
1695855600000,84.05
1695859200000,72.95
1695862800000,74.84
1695866400000,80.87
1695870000000,92.88
1695873600000,115.35
1695877200000,126.25
1695880800000,129.56
1695884400000,110.85
1695888000000,93.36
1695891600000,88.56
1695895200000,83.48
1695898800000,82.0
1695902400000,87.7
1695906000000,92.02
1695909600000,99.89
1695913200000,132.63
1695916800000,184.85
1695920400000,265.8
1695924000000,156.51
1695927600000,128.26
1695931200000,118.42
1695934800000,111.03
1695938400000,108.5
1695942000000,97.93
1695945600000,95.55
1695949200000,92.0
1695952800000,94.03
1695956400000,100.68
1695960000000,128.45
1695963600000,137.92
1695967200000,130.05
1695970800000,106.82
1695974400000,92.07
1695978000000,87.37
1695981600000,82.05
1695985200000,72.44
1695988800000,77.04
1695992400000,90.7
1695996000000,96.47
1695999600000,112.01
1696003200000,130.05
1696006800000,140.47
1696010400000,132.94
1696014000000,113.4
1696017600000,106.57
1696021200000,101.07
1696024800000,90.95
1696028400000,88.89
1696032000000,88.78
1696035600000,88.72
1696039200000,88.28
1696042800000,92.1
1696046400000,105.3
1696050000000,109.46
1696053600000,110.05
1696057200000,104.97
1696060800000,87.52
1696064400000,70.53
1696068000000,42.76
1696071600000,8.76
1696075200000,15.04
1696078800000,56.0
1696082400000,85.01
1696086000000,107.7
1696089600000,136.41
1696093200000,163.9
1696096800000,134.1
1696100400000,112.4
1696104000000,107.4
1696107600000,101.04
1696111200000,102.73
1696114800000,94.14
1696118400000,88.6
1696122000000,89.37
1696125600000,86.89
1696129200000,85.45
1696132800000,85.07
1696136400000,88.08
1696140000000,82.1
1696143600000,62.73
1696147200000,40.0
1696150800000,8.99
1696154400000,-0.01
1696158000000,-1.93
1696161600000,-0.73
1696165200000,1.53
1696168800000,62.73
1696172400000,99.51
1696176000000,120.06
1696179600000,130.0
1696183200000,130.0
1696186800000,115.16
1696190400000,106.62
1696194000000,99.97
1696197600000,94.9
1696201200000,93.17
1696204800000,93.4
1696208400000,92.02
1696212000000,95.68
1696215600000,99.33
1696219200000,124.99
1696222800000,143.49
1696226400000,144.5
1696230000000,128.0
1696233600000,105.32
1696237200000,92.48
1696240800000,90.28
1696244400000,87.92
1696248000000,88.17
1696251600000,90.5
1696255200000,106.03
1696258800000,133.27
1696262400000,200.01
1696266000000,245.05
1696269600000,160.07
1696273200000,120.0
1696276800000,107.03
1696280400000,100.0
1696284000000,97.58
1696287600000,94.61
1696291200000,71.94
1696294800000,30.64
1696298400000,11.51
1696302000000,5.02
1696305600000,6.31
1696309200000,35.7
1696312800000,12.5
1696316400000,3.3
1696320000000,-0.08
1696323600000,-0.94
1696327200000,-8.3
1696330800000,-11.07
1696334400000,-9.98
1696338000000,-4.91
1696341600000,-0.05
1696345200000,5.0
1696348800000,35.72
1696352400000,60.0
1696356000000,47.51
1696359600000,13.75
1696363200000,45.1
1696366800000,10.06
1696370400000,22.21
1696374000000,10.1
1696377600000,9.53
1696381200000,7.77
1696384800000,14.5
1696388400000,47.92
1696392000000,98.59
1696395600000,117.02
1696399200000,121.31
1696402800000,105.9
1696406400000,77.66
1696410000000,67.22
1696413600000,37.55
1696417200000,42.74
1696420800000,39.75
1696424400000,61.54
1696428000000,79.91
1696431600000,95.57
1696435200000,116.1
1696438800000,127.36
1696442400000,116.1
1696446000000,88.02
1696449600000,85.59
1696453200000,77.85
1696456800000,82.67
1696460400000,76.81
1696464000000,70.27
1696467600000,61.4
1696471200000,68.91
1696474800000,78.46
1696478400000,90.57
1696482000000,107.46
1696485600000,121.85
1696489200000,107.11
1696492800000,87.33
1696496400000,80.9
1696500000000,79.0
1696503600000,76.59
1696507200000,80.03
1696510800000,83.54
1696514400000,96.81
1696518000000,117.1
1696521600000,176.64
1696525200000,250.28
1696528800000,139.4
1696532400000,109.93
1696536000000,100.98
1696539600000,94.58
1696543200000,87.39
1696546800000,84.86
1696550400000,80.04
1696554000000,75.06
1696557600000,70.98
1696561200000,75.87
1696564800000,97.45
1696568400000,117.47
1696572000000,120.69
1696575600000,104.39
1696579200000,84.26
1696582800000,62.81
1696586400000,10.05
1696590000000,1.08
1696593600000,1.47
1696597200000,41.79
1696600800000,62.38
1696604400000,86.55
1696608000000,104.3
1696611600000,111.17
1696615200000,101.0
1696618800000,80.07
1696622400000,56.78
1696626000000,0.52
1696629600000,0.05
1696633200000,0.04
1696636800000,0.1
1696640400000,0.67
1696644000000,6.07
1696647600000,21.38
1696651200000,52.44
1696654800000,67.17
1696658400000,70.82
1696662000000,68.71
1696665600000,46.82
1696669200000,19.62
1696672800000,10.38
1696676400000,0.22
1696680000000,1.0
1696683600000,22.01
1696687200000,61.59
1696690800000,86.44
1696694400000,102.28
1696698000000,108.91
1696701600000,100.0
1696705200000,83.99
1696708800000,76.19
1696712400000,72.0
1696716000000,70.7
1696719600000,70.64
1696723200000,70.62
1696726800000,70.61
1696730400000,71.81
1696734000000,77.09
1696737600000,83.51
1696741200000,100.0
1696744800000,102.12
1696748400000,100.86
1696752000000,86.94
1696755600000,76.51
1696759200000,70.57
1696762800000,55.15
1696766400000,54.6
1696770000000,70.8
1696773600000,88.59
1696777200000,113.24
1696780800000,135.67
1696784400000,162.58
1696788000000,131.85
1696791600000,110.2
1696795200000,104.42
1696798800000,96.34
1696802400000,91.11
1696806000000,87.45
1696809600000,82.44
1696813200000,77.4
1696816800000,75.0
1696820400000,79.05
1696824000000,96.7
1696827600000,111.8
1696831200000,126.72
1696834800000,121.43
1696838400000,111.59
1696842000000,105.36
1696845600000,98.99
1696849200000,100.6
1696852800000,105.5
1696856400000,109.91
1696860000000,113.02
1696863600000,129.32
1696867200000,189.22
1696870800000,221.7
1696874400000,184.5
1696878000000,132.75
1696881600000,120.0
1696885200000,112.7
1696888800000,104.0
1696892400000,100.6
1696896000000,99.9
1696899600000,99.52
1696903200000,97.39
1696906800000,110.71
1696910400000,130.0
1696914000000,201.92
1696917600000,198.63
1696921200000,132.1
1696924800000,116.2
1696928400000,104.98
1696932000000,96.65
1696935600000,89.29
1696939200000,91.42
1696942800000,91.62
1696946400000,99.2
1696950000000,117.36
1696953600000,127.42
1696957200000,139.27
1696960800000,104.78
1696964400000,86.74
1696968000000,88.65
1696971600000,68.9
1696975200000,63.25
1696978800000,26.06
1696982400000,7.85
1696986000000,2.31
1696989600000,3.26
1696993200000,10.0
1696996800000,80.13
1697000400000,127.16
1697004000000,127.88
1697007600000,102.94
1697011200000,50.01
1697014800000,1.05
1697018400000,0.0
1697022000000,-0.06
1697025600000,-0.04
1697029200000,0.06
1697032800000,57.78
1697036400000,102.23
1697040000000,127.79
1697043600000,132.14
1697047200000,122.55
1697050800000,101.95
1697054400000,98.86
1697058000000,89.92
1697061600000,78.31
1697065200000,82.95
1697068800000,83.73
1697072400000,87.82
1697076000000,89.04
1697079600000,102.6
1697083200000,126.5
1697086800000,132.84
1697090400000,148.39
1697094000000,137.68
1697097600000,130.9
1697101200000,124.94
1697104800000,111.08
1697108400000,104.29
1697112000000,108.38
1697115600000,120.0
1697119200000,125.71
1697122800000,145.0
1697126400000,169.9
1697130000000,220.99
1697133600000,151.27
1697137200000,129.36
1697140800000,123.5
1697144400000,109.84
1697148000000,123.99
1697151600000,115.0
1697155200000,107.14
1697158800000,101.4
1697162400000,100.08
1697166000000,95.25
1697169600000,129.43
1697173200000,143.45
1697176800000,145.25
1697180400000,132.05
1697184000000,99.0
1697187600000,72.02
1697191200000,34.45
1697194800000,7.3
1697198400000,4.31
1697202000000,4.24
1697205600000,10.0
1697209200000,46.48
1697212800000,74.23
1697216400000,76.3
1697220000000,15.94
1697223600000,5.05
1697227200000,0.2
1697230800000,-0.81
1697234400000,-0.09
1697238000000,-1.87
1697241600000,-1.49
1697245200000,-1.72
1697248800000,-2.21
1697252400000,-2.08
1697256000000,-0.96
1697259600000,-0.02
1697263200000,9.09
1697266800000,20.6
1697270400000,1.08
1697274000000,-0.05
1697277600000,-0.94
1697281200000,-1.09
1697284800000,-1.39
1697288400000,-0.08
1697292000000,0.6
1697295600000,67.19
1697299200000,117.9
1697302800000,129.97
1697306400000,96.91
1697310000000,85.68
1697313600000,74.59
1697317200000,47.06
1697320800000,14.67
1697324400000,6.96
1697328000000,5.79
1697331600000,9.06
1697335200000,5.72
1697338800000,7.63
1697342400000,5.88
1697346000000,21.34
1697349600000,24.58
1697353200000,30.9
1697356800000,5.07
1697360400000,0.04
1697364000000,-0.09
1697367600000,-1.0
1697371200000,-1.76
1697374800000,-0.23
1697378400000,1.04
1697382000000,80.8
1697385600000,139.9
1697389200000,134.98
1697392800000,132.26
1697396400000,115.03
1697400000000,116.96
1697403600000,95.28
1697407200000,103.62
1697410800000,97.03
1697414400000,98.37
1697418000000,96.63
1697421600000,94.43
1697425200000,98.27
1697428800000,139.56
1697432400000,159.37
1697436000000,165.72
1697439600000,154.49
1697443200000,121.96
1697446800000,116.82
1697450400000,113.79
1697454000000,106.25
1697457600000,109.49
1697461200000,116.75
1697464800000,138.96
1697468400000,166.83
1697472000000,211.06
1697475600000,240.0
1697479200000,159.94
1697482800000,145.01
1697486400000,135.2
1697490000000,119.22
1697493600000,127.58
1697497200000,114.04
1697500800000,108.38
1697504400000,105.5
1697508000000,110.57
1697511600000,121.96
1697515200000,150.25
1697518800000,165.0
1697522400000,191.08
1697526000000,159.4
1697529600000,134.98
1697533200000,113.67
1697536800000,108.91
1697540400000,100.08
1697544000000,98.4
1697547600000,107.95
1697551200000,128.42
1697554800000,153.12
1697558400000,165.92
1697562000000,164.45
1697565600000,129.97
1697569200000,132.9
1697572800000,126.03
1697576400000,104.42
1697580000000,89.58
1697583600000,89.06
1697587200000,88.36
1697590800000,89.48
1697594400000,91.99
1697598000000,97.56
1697601600000,134.0
1697605200000,166.91
1697608800000,159.14
1697612400000,123.41
1697616000000,90.02
1697619600000,76.92
1697623200000,70.09
1697626800000,64.0
1697630400000,71.59
1697634000000,90.07
1697637600000,115.16
1697641200000,131.08
1697644800000,110.54
1697648400000,106.9
1697652000000,96.81
1697655600000,86.29
1697659200000,76.23
1697662800000,47.48
1697666400000,25.89
1697670000000,15.45
1697673600000,10.1
1697677200000,8.15
1697680800000,17.01
1697684400000,42.88
1697688000000,88.07
1697691600000,107.78
1697695200000,124.11
1697698800000,127.0
1697702400000,122.75
1697706000000,124.64
1697709600000,124.85
1697713200000,120.11
1697716800000,119.58
1697720400000,123.62
1697724000000,133.04
1697727600000,137.7
1697731200000,138.87
1697734800000,138.07
1697738400000,116.79
1697742000000,94.75
1697745600000,97.0
1697749200000,83.6
1697752800000,77.59
1697756400000,63.69
1697760000000,51.2
1697763600000,35.27
1697767200000,23.05
1697770800000,41.75
1697774400000,76.69
1697778000000,108.12
1697781600000,119.44
1697785200000,124.76
1697788800000,115.22
1697792400000,109.16
1697796000000,100.75
1697799600000,93.76
1697803200000,92.81
1697806800000,95.31
1697810400000,99.03
1697814000000,108.5
1697817600000,117.54
1697821200000,120.29
1697824800000,101.94
1697828400000,82.86
1697832000000,78.51
1697835600000,56.44
1697839200000,53.1
1697842800000,37.27
1697846400000,39.74
1697850000000,33.95
1697853600000,37.15
1697857200000,35.14
1697860800000,43.7
1697864400000,66.67
1697868000000,74.95
1697871600000,58.71
1697875200000,44.83
1697878800000,31.1
1697882400000,20.8
1697886000000,10.0
1697889600000,13.21
1697893200000,28.03
1697896800000,84.35
1697900400000,114.77
1697904000000,128.4
1697907600000,114.72
1697911200000,90.21
1697914800000,53.39
1697918400000,49.33
1697922000000,40.15
1697925600000,39.37
1697929200000,30.36
1697932800000,18.61
1697936400000,15.63
1697940000000,18.35
1697943600000,34.32
1697947200000,30.26
1697950800000,58.2
1697954400000,54.5
1697958000000,62.83
1697961600000,51.58
1697965200000,48.59
1697968800000,44.99
1697972400000,29.19
1697976000000,31.86
1697979600000,51.29
1697983200000,77.32
1697986800000,125.83
1697990400000,135.29
1697994000000,139.02
1697997600000,126.05
1698001200000,112.47
1698004800000,102.18
1698008400000,96.66
1698012000000,99.46
1698015600000,100.06
1698019200000,101.28
1698022800000,100.11
1698026400000,98.73
1698030000000,105.41
1698033600000,142.9
1698037200000,177.5
1698040800000,198.39
1698044400000,151.65
1698048000000,128.07
1698051600000,109.03
1698055200000,102.26
1698058800000,103.22
1698062400000,107.0
1698066000000,128.72
1698069600000,138.67
1698073200000,154.97
1698076800000,165.19
1698080400000,155.9
1698084000000,127.33
1698087600000,104.02
1698091200000,107.95
1698094800000,92.76
1698098400000,101.33
1698102000000,97.21
1698105600000,94.54
1698109200000,89.46
1698112800000,90.27
1698116400000,94.8
1698120000000,101.65
1698123600000,120.12
1698127200000,130.72
1698130800000,136.35
1698134400000,128.37
1698138000000,125.0
1698141600000,118.99
1698145200000,112.54
1698148800000,115.4
1698152400000,132.17
1698156000000,129.16
1698159600000,140.0
1698163200000,149.87
1698166800000,154.07
1698170400000,133.45
1698174000000,119.31
1698177600000,114.1
1698181200000,102.78
1698184800000,99.07
1698188400000,94.56
1698192000000,89.43
1698195600000,86.06
1698199200000,90.54
1698202800000,96.99
1698206400000,125.5
1698210000000,150.16
1698213600000,152.87
1698217200000,140.49
1698220800000,130.02
1698224400000,124.99
1698228000000,117.38
1698231600000,115.62
1698235200000,124.47
1698238800000,138.13
1698242400000,147.51
1698246000000,153.73
1698249600000,154.62
1698253200000,157.71
1698256800000,137.08
1698260400000,123.55
1698264000000,120.06
1698267600000,112.8
1698271200000,89.48
1698274800000,89.91
1698278400000,87.49
1698282000000,87.04
1698285600000,89.92
1698289200000,100.0
1698292800000,117.08
1698296400000,133.66
1698300000000,143.85
1698303600000,149.0
1698307200000,146.37
1698310800000,140.0
1698314400000,131.11
1698318000000,120.09
1698321600000,119.6
1698325200000,120.01
1698328800000,131.14
1698332400000,142.91
1698336000000,150.95
1698339600000,150.99
1698343200000,130.72
1698346800000,119.06
1698350400000,117.06
1698354000000,104.85
1698357600000,104.56
1698361200000,97.33
1698364800000,95.11
1698368400000,95.0
1698372000000,99.15
1698375600000,104.58
1698379200000,122.61
1698382800000,143.28
1698386400000,154.55
1698390000000,152.7
1698393600000,145.19
1698397200000,138.29
1698400800000,122.39
1698404400000,109.8
1698408000000,101.57
1698411600000,107.68
1698415200000,126.41
1698418800000,128.36
1698422400000,139.82
1698426000000,140.54
1698429600000,120.89
1698433200000,100.05
1698436800000,96.84
1698440400000,93.7
1698444000000,84.6
1698447600000,68.61
1698451200000,64.59
1698454800000,55.0
1698458400000,60.51
1698462000000,69.01
1698465600000,66.47
1698469200000,79.9
1698472800000,90.69
1698476400000,89.5
1698480000000,87.01
1698483600000,69.79
1698487200000,69.86
1698490800000,67.9
1698494400000,73.91
1698498000000,87.0
1698501600000,112.02
1698505200000,139.8
1698508800000,148.96
1698512400000,118.83
1698516000000,90.35
1698519600000,83.51
1698523200000,75.48
1698526800000,47.48
1698530400000,14.05
1698534000000,0.96
1698537600000,0.01
1698541200000,0.02
1698544800000,-0.24
1698548400000,-0.28
1698552000000,-0.39
1698555600000,-0.36
1698559200000,-0.07
1698562800000,0.01
1698566400000,0.0
1698570000000,-0.21
1698573600000,-0.08
1698577200000,-0.03
1698580800000,0.61
1698584400000,10.03
1698588000000,40.03
1698591600000,76.92
1698595200000,83.9
1698598800000,76.98
1698602400000,67.37
1698606000000,62.16
1698609600000,54.02
1698613200000,51.94
1698616800000,38.41
1698620400000,8.0
1698624000000,8.17
1698627600000,8.36
1698631200000,10.02
1698634800000,14.78
1698638400000,25.16
1698642000000,80.29
1698645600000,105.91
1698649200000,111.0
1698652800000,103.0
1698656400000,90.0
1698660000000,96.17
1698663600000,102.54
1698667200000,114.62
1698670800000,123.98
1698674400000,139.45
1698678000000,144.93
1698681600000,165.84
1698685200000,171.0
1698688800000,151.1
1698692400000,129.02
1698696000000,117.27
1698699600000,113.26
1698703200000,95.4
1698706800000,86.05
1698710400000,79.2
1698714000000,71.96
1698717600000,64.8
1698721200000,61.97
1698724800000,69.77
1698728400000,88.48
1698732000000,107.39
1698735600000,108.02
1698739200000,100.5
1698742800000,93.0
1698746400000,101.95
1698750000000,101.49
1698753600000,97.77
1698757200000,104.97
1698760800000,117.51
1698764400000,135.11
1698768000000,161.81
1698771600000,172.04
1698775200000,152.92
1698778800000,125.88
1698782400000,115.92
1698786000000,104.92
1698789600000,95.37
1698793200000,65.37
1698796800000,65.58
1698800400000,60.79
1698804000000,60.74
1698807600000,58.94
1698811200000,66.04
1698814800000,78.97
1698818400000,85.56
1698822000000,87.77
1698825600000,69.23
1698829200000,59.0
1698832800000,51.4
1698836400000,47.64
1698840000000,51.99
1698843600000,64.07
1698847200000,80.65
1698850800000,78.97
1698854400000,84.95
1698858000000,79.5
1698861600000,66.57
1698865200000,53.15
1698868800000,39.51
1698872400000,34.17
1698876000000,18.76
1698879600000,21.4
1698883200000,16.97
1698886800000,15.38
1698890400000,13.41
1698894000000,14.49
1698897600000,22.52
1698901200000,69.57
1698904800000,75.01
1698908400000,78.32
1698912000000,69.16
1698915600000,60.08
1698919200000,61.43
1698922800000,60.4
1698926400000,59.36
1698930000000,69.5
1698933600000,76.08
1698937200000,79.43
1698940800000,87.26
1698944400000,97.95
1698948000000,93.84
1698951600000,87.76
1698955200000,75.95
1698958800000,72.27
1698962400000,57.04
1698966000000,15.17
1698969600000,11.47
1698973200000,10.0
1698976800000,5.73
1698980400000,9.73
1698984000000,23.6
1698987600000,61.58
1698991200000,89.8
1698994800000,95.02
1698998400000,89.59
1699002000000,82.79
1699005600000,71.36
1699009200000,61.67
1699012800000,60.71
1699016400000,64.72
1699020000000,69.02
1699023600000,81.95
1699027200000,88.0
1699030800000,89.25
1699034400000,88.23
1699038000000,69.07
1699041600000,53.13
1699045200000,45.53
1699048800000,20.63
1699052400000,45.72
1699056000000,32.06
1699059600000,30.0
1699063200000,22.01
1699066800000,19.19
1699070400000,15.4
1699074000000,16.13
1699077600000,25.08
1699081200000,25.85
1699084800000,20.0
1699088400000,13.95
1699092000000,15.2
1699095600000,20.0
1699099200000,21.14
1699102800000,30.79
1699106400000,42.69
1699110000000,40.0
1699113600000,48.76
1699117200000,40.0
1699120800000,29.61
1699124400000,12.82
1699128000000,10.4
1699131600000,11.73
1699135200000,7.05
1699138800000,8.71
1699142400000,6.59
1699146000000,5.18
1699149600000,2.98
1699153200000,4.24
1699156800000,7.99
1699160400000,7.29
1699164000000,11.29
1699167600000,15.58
1699171200000,24.02
1699174800000,47.47
1699178400000,48.46
1699182000000,44.28
1699185600000,29.7
1699189200000,38.15
1699192800000,57.18
1699196400000,63.09
1699200000000,74.95
1699203600000,72.67
1699207200000,59.17
1699210800000,46.48
1699214400000,20.85
1699218000000,15.84
1699221600000,5.71
1699225200000,2.76
1699228800000,0.11
1699232400000,0.03
1699236000000,0.14
1699239600000,4.3
1699243200000,16.93
1699246800000,72.57
1699250400000,95.56
1699254000000,95.93
1699257600000,74.93
1699261200000,60.14
1699264800000,56.29
1699268400000,58.05
1699272000000,66.98
1699275600000,80.29
1699279200000,100.08
1699282800000,112.17
1699286400000,137.67
1699290000000,150.94
1699293600000,139.52
1699297200000,111.12
1699300800000,105.67
1699304400000,99.08
1699308000000,87.74
1699311600000,78.9
1699315200000,76.3
1699318800000,70.8
1699322400000,68.01
1699326000000,70.25
1699329600000,83.35
1699333200000,101.28
1699336800000,132.89
1699340400000,136.05
1699344000000,114.93
1699347600000,99.45
1699351200000,89.03
1699354800000,86.21
1699358400000,88.79
1699362000000,97.49
1699365600000,108.07
1699369200000,112.9
1699372800000,136.84
1699376400000,149.38
1699380000000,132.42
1699383600000,104.72
1699387200000,92.98
1699390800000,88.69
1699394400000,74.17
1699398000000,70.6
1699401600000,74.22
1699405200000,66.73
1699408800000,61.98
1699412400000,66.76
1699416000000,75.01
1699419600000,84.5
1699423200000,107.62
1699426800000,111.47
1699430400000,93.57
1699434000000,84.76
1699437600000,78.85
1699441200000,75.71
1699444800000,76.08
1699448400000,83.15
1699452000000,105.42
1699455600000,116.81
1699459200000,119.04
1699462800000,127.09
1699466400000,120.95
1699470000000,109.51
1699473600000,92.85
1699477200000,82.99
1699480800000,67.7
1699484400000,71.93
1699488000000,68.33
1699491600000,70.04
1699495200000,72.8
1699498800000,74.44
1699502400000,83.63
1699506000000,109.61
1699509600000,120.06
1699513200000,121.22
1699516800000,109.69
1699520400000,100.08
1699524000000,95.0
1699527600000,90.16
1699531200000,92.32
1699534800000,100.61
1699538400000,116.61
1699542000000,127.01
1699545600000,131.8
1699549200000,128.58
1699552800000,112.12
1699556400000,96.01
1699560000000,82.78
1699563600000,84.04
1699567200000,74.36
1699570800000,64.1
1699574400000,59.73
1699578000000,53.74
1699581600000,48.36
1699585200000,50.0
1699588800000,66.78
1699592400000,84.18
1699596000000,106.66
1699599600000,113.0
1699603200000,108.48
1699606800000,97.51
1699610400000,89.92
1699614000000,84.82
1699617600000,86.98
1699621200000,95.95
1699624800000,111.98
1699628400000,125.0
1699632000000,136.1
1699635600000,135.1
1699639200000,123.58
1699642800000,112.93
1699646400000,105.1
1699650000000,103.97
1699653600000,93.2
1699657200000,87.3
1699660800000,85.89
1699664400000,85.88
1699668000000,83.21
1699671600000,82.71
1699675200000,85.44
1699678800000,86.3
1699682400000,88.0
1699686000000,92.0
1699689600000,94.89
1699693200000,91.28
1699696800000,90.22
1699700400000,87.94
1699704000000,87.8
1699707600000,91.5
1699711200000,102.87
1699714800000,115.72
1699718400000,127.98
1699722000000,135.76
1699725600000,124.47
1699729200000,113.51
1699732800000,102.58
1699736400000,92.38
1699740000000,87.41
1699743600000,89.54
1699747200000,85.36
1699750800000,85.25
1699754400000,83.35
1699758000000,84.13
1699761600000,86.88
1699765200000,86.24
1699768800000,86.61
1699772400000,87.62
1699776000000,89.75
1699779600000,88.61
1699783200000,86.67
1699786800000,88.09
1699790400000,89.02
1699794000000,93.75
1699797600000,109.52
1699801200000,123.81
1699804800000,138.27
1699808400000,131.64
1699812000000,125.41
1699815600000,116.8
1699819200000,107.33
1699822800000,100.14
1699826400000,88.02
1699830000000,91.26
1699833600000,86.82
1699837200000,87.0
1699840800000,87.25
1699844400000,89.27
1699848000000,93.26
1699851600000,124.5
1699855200000,142.09
1699858800000,151.79
1699862400000,133.05
1699866000000,121.78
1699869600000,123.01
1699873200000,121.34
1699876800000,113.37
1699880400000,96.44
1699884000000,87.31
1699887600000,81.18
1699891200000,82.27
1699894800000,85.73
1699898400000,81.27
1699902000000,74.94
1699905600000,61.36
1699909200000,51.07
1699912800000,10.1
1699916400000,10.07
1699920000000,1.05
1699923600000,-0.01
1699927200000,-0.08
1699930800000,-0.04
1699934400000,1.04
1699938000000,46.6
1699941600000,76.91
1699945200000,82.17
1699948800000,77.86
1699952400000,72.62
1699956000000,72.82
1699959600000,75.06
1699963200000,75.09
1699966800000,81.01
1699970400000,90.06
1699974000000,90.8
1699977600000,117.61
1699981200000,119.81
1699984800000,116.96
1699988400000,100.43
1699992000000,89.74
1699995600000,89.11
1699999200000,85.5
1700002800000,81.1
1700006400000,76.42
1700010000000,72.9
1700013600000,70.69
1700017200000,74.45
1700020800000,82.28
1700024400000,103.08
1700028000000,123.19
1700031600000,128.59
1700035200000,121.29
1700038800000,112.78
1700042400000,99.84
1700046000000,97.36
1700049600000,101.09
1700053200000,106.27
1700056800000,121.21
1700060400000,122.96
1700064000000,127.84
1700067600000,129.9
1700071200000,121.08
1700074800000,110.1
1700078400000,97.5
1700082000000,91.66
1700085600000,84.21
1700089200000,85.46
1700092800000,83.25
1700096400000,75.12
1700100000000,74.06
1700103600000,81.1
1700107200000,87.03
1700110800000,100.06
1700114400000,126.9
1700118000000,129.99
1700121600000,128.59
1700125200000,120.1
1700128800000,116.62
1700132400000,122.63
1700136000000,131.64
1700139600000,146.82
1700143200000,158.5
1700146800000,158.24
1700150400000,182.39
1700154000000,142.26
1700157600000,125.23
1700161200000,121.18
1700164800000,115.0
1700168400000,110.2
1700172000000,100.85
1700175600000,106.0
1700179200000,100.0
1700182800000,95.65
1700186400000,92.76
1700190000000,95.7
1700193600000,103.2
1700197200000,119.35
1700200800000,131.03
1700204400000,141.92
1700208000000,134.75
1700211600000,127.91
1700215200000,125.18
1700218800000,119.5
1700222400000,112.0
1700226000000,123.91
1700229600000,129.99
1700233200000,137.65
1700236800000,146.32
1700240400000,149.6
1700244000000,141.0
1700247600000,128.41
1700251200000,120.33
1700254800000,118.14
1700258400000,111.88
1700262000000,110.56
1700265600000,97.38
1700269200000,90.61
1700272800000,85.96
1700276400000,82.48
1700280000000,82.48
1700283600000,86.19
1700287200000,92.08
1700290800000,100.21
1700294400000,97.36
1700298000000,96.08
1700301600000,95.2
1700305200000,94.7
1700308800000,94.98
1700312400000,97.06
1700316000000,97.61
1700319600000,95.98
1700323200000,105.07
1700326800000,107.34
1700330400000,91.24
1700334000000,83.1
1700337600000,77.98
1700341200000,73.76
1700344800000,58.11
1700348400000,19.13
1700352000000,5.67
1700355600000,4.1
1700359200000,0.13
1700362800000,0.07
1700366400000,0.09
1700370000000,2.33
1700373600000,5.59
1700377200000,14.49
1700380800000,18.82
1700384400000,12.59
1700388000000,12.66
1700391600000,11.67
1700395200000,1.0
1700398800000,15.55
1700402400000,67.31
1700406000000,80.98
1700409600000,95.02
1700413200000,104.55
1700416800000,103.82
1700420400000,88.65
1700424000000,84.38
1700427600000,88.05
1700431200000,80.05
1700434800000,68.3
1700438400000,62.68
1700442000000,59.91
1700445600000,60.03
1700449200000,64.76
1700452800000,80.43
1700456400000,102.75
1700460000000,128.09
1700463600000,126.67
1700467200000,118.44
1700470800000,112.18
1700474400000,106.0
1700478000000,103.0
1700481600000,113.95
1700485200000,120.35
1700488800000,128.75
1700492400000,139.93
1700496000000,147.0
1700499600000,139.98
1700503200000,130.07
1700506800000,120.04
1700510400000,107.01
1700514000000,108.05
1700517600000,97.66
1700521200000,102.75
1700524800000,98.2
1700528400000,96.12
1700532000000,91.17
1700535600000,96.04
1700539200000,101.11
1700542800000,120.15
1700546400000,136.08
1700550000000,142.59
1700553600000,137.19
1700557200000,135.0
1700560800000,134.9
1700564400000,139.79
1700568000000,139.78
1700571600000,138.37
1700575200000,140.34
1700578800000,143.92
1700582400000,146.97
1700586000000,142.08
1700589600000,132.35
1700593200000,124.79
1700596800000,110.52
1700600400000,110.91
1700604000000,98.04
1700607600000,98.0
1700611200000,95.01
1700614800000,95.01
1700618400000,92.0
1700622000000,92.49
1700625600000,94.87
1700629200000,120.17
1700632800000,140.73
1700636400000,151.64
1700640000000,131.33
1700643600000,115.03
1700647200000,103.63
1700650800000,95.69
1700654400000,102.44
1700658000000,115.99
1700661600000,119.84
1700665200000,127.0
1700668800000,132.9
1700672400000,129.89
1700676000000,118.76
1700679600000,105.42
1700683200000,89.67
1700686800000,90.21
1700690400000,74.79
1700694000000,64.97
1700697600000,46.05
1700701200000,41.12
1700704800000,30.13
1700708400000,20.18
1700712000000,32.56
1700715600000,80.62
1700719200000,113.96
1700722800000,119.87
1700726400000,90.0
1700730000000,82.9
1700733600000,73.81
1700737200000,66.47
1700740800000,69.93
1700744400000,69.97
1700748000000,73.52
1700751600000,73.59
1700755200000,77.6
1700758800000,73.71
1700762400000,70.63
1700766000000,50.9
1700769600000,28.18
1700773200000,18.96
1700776800000,9.8
1700780400000,1.48
1700784000000,0.1
1700787600000,0.12
1700791200000,0.34
1700794800000,1.55
1700798400000,31.61
1700802000000,70.53
1700805600000,94.28
1700809200000,112.68
1700812800000,93.99
1700816400000,86.95
1700820000000,79.42
1700823600000,76.33
1700827200000,71.45
1700830800000,75.38
1700834400000,77.37
1700838000000,85.24
1700841600000,90.97
1700845200000,90.25
1700848800000,86.23
1700852400000,81.5
1700856000000,74.74
1700859600000,77.56
1700863200000,72.84
1700866800000,78.07
1700870400000,74.03
1700874000000,72.07
1700877600000,71.61
1700881200000,69.99
1700884800000,74.19
1700888400000,79.81
1700892000000,87.08
1700895600000,94.29
1700899200000,91.74
1700902800000,89.17
1700906400000,87.06
1700910000000,84.82
1700913600000,83.07
1700917200000,90.09
1700920800000,95.66
1700924400000,114.91
1700928000000,124.1
1700931600000,127.1
1700935200000,127.2
1700938800000,121.13
1700942400000,114.83
1700946000000,115.3
1700949600000,103.0
1700953200000,111.1
1700956800000,105.77
1700960400000,102.67
1700964000000,100.11
1700967600000,97.2
1700971200000,97.8
1700974800000,99.83
1700978400000,105.05
1700982000000,112.69
1700985600000,117.3
1700989200000,115.29
1700992800000,114.7
1700996400000,113.37
1701000000000,110.02
1701003600000,115.1
1701007200000,123.26
1701010800000,134.15
1701014400000,143.81
1701018000000,149.67
1701021600000,143.78
1701025200000,135.91
1701028800000,122.41
1701032400000,118.99
1701036000000,102.44
1701039600000,99.26
1701043200000,94.09
1701046800000,89.9
1701050400000,88.82
1701054000000,87.91
1701057600000,94.09
1701061200000,122.01
1701064800000,138.92
1701068400000,144.99
1701072000000,139.41
1701075600000,138.0
1701079200000,136.94
1701082800000,133.97
1701086400000,132.67
1701090000000,130.0
1701093600000,121.21
1701097200000,115.86
1701100800000,124.53
1701104400000,123.22
1701108000000,117.12
1701111600000,100.61
1701115200000,94.46
1701118800000,95.2
1701122400000,85.06
1701126000000,77.74
1701129600000,70.49
1701133200000,67.47
1701136800000,64.5
1701140400000,68.29
1701144000000,80.06
1701147600000,89.34
1701151200000,116.42
1701154800000,127.03
1701158400000,138.08
1701162000000,139.3
1701165600000,138.5
1701169200000,135.6
1701172800000,137.72
1701176400000,144.04
1701180000000,150.0
1701183600000,164.01
1701187200000,189.98
1701190800000,177.0
1701194400000,160.2
1701198000000,139.12
1701201600000,125.45
1701205200000,116.84
1701208800000,109.41
1701212400000,98.43
1701216000000,95.17
1701219600000,92.03
1701223200000,85.88
1701226800000,84.91
1701230400000,95.7
1701234000000,102.84
1701237600000,132.59
1701241200000,149.33
1701244800000,142.55
1701248400000,133.72
1701252000000,130.0
1701255600000,128.09
1701259200000,132.18
1701262800000,146.35
1701266400000,168.0
1701270000000,200.0
1701273600000,250.0
1701277200000,250.0
1701280800000,200.0
1701284400000,161.0
1701288000000,139.01
1701291600000,128.5
1701295200000,114.27
1701298800000,104.79
1701302400000,104.52
1701306000000,102.2
1701309600000,100.0
1701313200000,101.63
1701316800000,106.3
1701320400000,129.41
1701324000000,168.09
1701327600000,219.27
1701331200000,237.13
1701334800000,222.5
1701338400000,223.34
1701342000000,195.21
1701345600000,189.81
1701349200000,195.0
1701352800000,195.0
1701356400000,226.0
1701360000000,261.0
1701363600000,249.34
1701367200000,194.49
1701370800000,153.93
1701374400000,132.72
1701378000000,124.72
1701381600000,113.79
1701385200000,106.91
1701388800000,102.63
1701392400000,99.1
1701396000000,95.88
1701399600000,96.07
1701403200000,102.31
1701406800000,120.03
1701410400000,152.11
1701414000000,203.46
1701417600000,222.63
1701421200000,215.37
1701424800000,213.52
1701428400000,197.09
1701432000000,175.19
1701435600000,174.32
1701439200000,184.4
1701442800000,200.05
1701446400000,230.69
1701450000000,199.16
1701453600000,168.56
1701457200000,142.37
1701460800000,125.13
1701464400000,118.4
1701468000000,108.13
1701471600000,105.22
1701475200000,102.69
1701478800000,101.25
1701482400000,98.89
1701486000000,97.96
1701489600000,97.83
1701493200000,98.93
1701496800000,104.88
1701500400000,120.34
1701504000000,127.99
1701507600000,130.75
1701511200000,127.22
1701514800000,121.58
1701518400000,114.58
1701522000000,118.52
1701525600000,123.5
1701529200000,129.79
1701532800000,144.04
1701536400000,144.96
1701540000000,129.56
1701543600000,122.52
1701547200000,114.83
1701550800000,109.88
1701554400000,106.01
1701558000000,108.3
1701561600000,102.68
1701565200000,99.88
1701568800000,98.62
1701572400000,94.62
1701576000000,91.72
1701579600000,88.86
1701583200000,92.13
1701586800000,97.02
1701590400000,100.15
1701594000000,104.96
1701597600000,105.07
1701601200000,102.91
1701604800000,100.0
1701608400000,105.68
1701612000000,115.0
1701615600000,122.2
1701619200000,127.9
1701622800000,129.05
1701626400000,126.07
1701630000000,112.33
1701633600000,100.0
1701637200000,99.09
1701640800000,89.0
1701644400000,93.86
1701648000000,89.81
1701651600000,88.02
1701655200000,85.38
1701658800000,85.83
1701662400000,92.04
1701666000000,104.1
1701669600000,118.06
1701673200000,123.16
1701676800000,126.12
1701680400000,128.02
1701684000000,130.7
1701687600000,126.45
1701691200000,131.42
1701694800000,126.97
1701698400000,124.84
1701702000000,122.27
1701705600000,127.75
1701709200000,124.63
1701712800000,120.97
1701716400000,114.48
1701720000000,105.55
1701723600000,100.0
1701727200000,91.76
1701730800000,90.85
1701734400000,88.01
1701738000000,85.73
1701741600000,83.62
1701745200000,84.71
1701748800000,91.02
1701752400000,108.0
1701756000000,114.32
1701759600000,122.28
1701763200000,122.88
1701766800000,120.55
1701770400000,121.27
1701774000000,118.34
1701777600000,118.53
1701781200000,127.26
1701784800000,122.59
1701788400000,129.24
1701792000000,145.9
1701795600000,147.47
1701799200000,141.56
1701802800000,128.63
1701806400000,117.83
1701810000000,111.55
1701813600000,103.28
1701817200000,94.97
1701820800000,93.1
1701824400000,92.57
1701828000000,90.96
1701831600000,90.59
1701835200000,93.89
1701838800000,106.94
1701842400000,133.86
1701846000000,167.0
1701849600000,166.54
1701853200000,150.0
1701856800000,146.29
1701860400000,146.1
1701864000000,141.03
1701867600000,140.5
1701871200000,143.99
1701874800000,164.0
1701878400000,178.07
1701882000000,165.28
1701885600000,149.93
1701889200000,129.91
1701892800000,115.68
1701896400000,107.33
1701900000000,100.44
1701903600000,99.2
1701907200000,97.85
1701910800000,96.86
1701914400000,91.81
1701918000000,89.92
1701921600000,94.53
1701925200000,116.58
1701928800000,131.22
1701932400000,150.0
1701936000000,137.7
1701939600000,134.36
1701943200000,138.17
1701946800000,137.99
1701950400000,138.35
1701954000000,138.08
1701957600000,138.02
1701961200000,133.87
1701964800000,128.59
1701968400000,120.35
1701972000000,104.14
1701975600000,100.36
1701979200000,97.0
1701982800000,96.42
1701986400000,87.08
1701990000000,87.09
1701993600000,83.26
1701997200000,81.43
1702000800000,79.52
1702004400000,80.0
1702008000000,87.04
1702011600000,99.69
1702015200000,107.29
1702018800000,112.65
1702022400000,118.52
1702026000000,118.75
1702029600000,118.02
1702033200000,116.66
1702036800000,111.78
1702040400000,113.11
1702044000000,118.33
1702047600000,114.98
1702051200000,117.99
1702054800000,118.6
1702058400000,105.56
1702062000000,104.62
1702065600000,101.12
1702069200000,101.72
1702072800000,90.58
1702076400000,95.0
1702080000000,85.1
1702083600000,79.49
1702087200000,73.07
1702090800000,70.56
1702094400000,73.01
1702098000000,76.04
1702101600000,82.4
1702105200000,84.93
1702108800000,91.51
1702112400000,91.01
1702116000000,91.94
1702119600000,94.2
1702123200000,90.67
1702126800000,85.63
1702130400000,83.5
1702134000000,80.08
1702137600000,79.04
1702141200000,77.43
1702144800000,69.45
1702148400000,64.46
1702152000000,60.41
1702155600000,56.84
1702159200000,46.18
1702162800000,33.69
1702166400000,21.51
1702170000000,13.21
1702173600000,5.99
1702177200000,10.0
1702180800000,18.09
1702184400000,23.97
1702188000000,41.85
1702191600000,60.86
1702195200000,65.78
1702198800000,67.35
1702202400000,69.68
1702206000000,67.2
1702209600000,67.1
1702213200000,69.67
1702216800000,75.84
1702220400000,80.3
1702224000000,80.3
1702227600000,85.42
1702231200000,80.76
1702234800000,78.05
1702238400000,77.14
1702242000000,78.02
1702245600000,69.16
1702249200000,34.44
1702252800000,15.5
1702256400000,12.72
1702260000000,8.62
1702263600000,11.82
1702267200000,38.04
1702270800000,74.59
1702274400000,91.36
1702278000000,97.98
1702281600000,98.33
1702285200000,93.36
1702288800000,90.68
1702292400000,89.31
1702296000000,88.03
1702299600000,92.51
1702303200000,95.92
1702306800000,105.51
1702310400000,117.99
1702314000000,122.64
1702317600000,121.35
1702321200000,114.03
1702324800000,99.24
1702328400000,96.48
1702332000000,86.82
1702335600000,88.05
1702339200000,87.06
1702342800000,85.62
1702346400000,84.42
1702350000000,87.01
1702353600000,89.03
1702357200000,107.41
1702360800000,121.09
1702364400000,146.33
1702368000000,131.94
1702371600000,129.85
1702375200000,122.9
1702378800000,124.57
1702382400000,127.18
1702386000000,123.7
1702389600000,120.14
1702393200000,117.93
1702396800000,110.88
1702400400000,105.0
1702404000000,94.22
1702407600000,92.15
1702411200000,88.14
1702414800000,83.37
1702418400000,77.5
1702422000000,75.36
1702425600000,72.96
1702429200000,73.7
1702432800000,71.43
1702436400000,73.02
1702440000000,75.45
1702443600000,83.1
1702447200000,102.41
1702450800000,98.83
1702454400000,103.73
1702458000000,100.3
1702461600000,100.0
1702465200000,97.66
1702468800000,102.7
1702472400000,104.37
1702476000000,109.4
1702479600000,106.05
1702483200000,110.15
1702486800000,105.89
1702490400000,102.41
1702494000000,96.58
1702497600000,90.88
1702501200000,92.35
1702504800000,84.25
1702508400000,77.34
1702512000000,76.3
1702515600000,77.15
1702519200000,77.19
1702522800000,79.14
1702526400000,82.57
1702530000000,98.48
1702533600000,119.67
1702537200000,130.65
1702540800000,124.96
1702544400000,126.15
1702548000000,127.21
1702551600000,119.56
1702555200000,123.75
1702558800000,124.13
1702562400000,130.74
1702566000000,128.58
1702569600000,127.93
1702573200000,126.16
1702576800000,114.27
1702580400000,102.81
1702584000000,96.2
1702587600000,94.46
1702591200000,85.57
1702594800000,86.13
1702598400000,82.93
1702602000000,80.1
1702605600000,76.55
1702609200000,75.16
1702612800000,80.41
1702616400000,95.97
1702620000000,106.95
1702623600000,121.5
1702627200000,117.44
1702630800000,109.97
1702634400000,102.75
1702638000000,94.13
1702641600000,88.3
1702645200000,86.9
1702648800000,89.86
1702652400000,98.13
1702656000000,104.33
1702659600000,101.76
1702663200000,93.18
1702666800000,93.36
1702670400000,88.36
1702674000000,86.77
1702677600000,76.71
1702681200000,67.2
1702684800000,63.21
1702688400000,60.37
1702692000000,58.0
1702695600000,54.1
1702699200000,55.64
1702702800000,59.34
1702706400000,65.1
1702710000000,79.89
1702713600000,83.66
1702717200000,81.64
1702720800000,75.81
1702724400000,71.4
1702728000000,70.59
1702731600000,75.25
1702735200000,80.35
1702738800000,83.71
1702742400000,87.58
1702746000000,88.12
1702749600000,81.94
1702753200000,74.91
1702756800000,63.34
1702760400000,62.41
1702764000000,53.12
1702767600000,45.34
1702771200000,42.8
1702774800000,42.96
1702778400000,28.69
1702782000000,26.37
1702785600000,29.87
1702789200000,39.03
1702792800000,45.31
1702796400000,57.67
1702800000000,59.17
1702803600000,54.43
1702807200000,49.0
1702810800000,43.71
1702814400000,40.04
1702818000000,45.85
1702821600000,56.74
1702825200000,62.99
1702828800000,76.61
1702832400000,73.68
1702836000000,70.67
1702839600000,59.79
1702843200000,58.95
1702846800000,59.73
1702850400000,47.81
1702854000000,52.9
1702857600000,51.16
1702861200000,49.81
1702864800000,49.03
1702868400000,52.47
1702872000000,62.14
1702875600000,83.81
1702879200000,103.38
1702882800000,109.24
1702886400000,101.46
1702890000000,89.03
1702893600000,81.17
1702897200000,74.89
1702900800000,74.9
1702904400000,81.1
1702908000000,89.11
1702911600000,95.2
1702915200000,104.22
1702918800000,103.01
1702922400000,96.18
1702926000000,77.98
1702929600000,71.09
1702933200000,62.98
1702936800000,55.12
1702940400000,47.29
1702944000000,46.49
1702947600000,45.06
1702951200000,55.72
1702954800000,58.95
1702958400000,65.01
1702962000000,79.69
1702965600000,93.67
1702969200000,100.1
1702972800000,94.28
1702976400000,86.1
1702980000000,79.71
1702983600000,76.5
1702987200000,74.73
1702990800000,80.66
1702994400000,84.42
1702998000000,88.21
1703001600000,91.81
1703005200000,91.74
1703008800000,90.8
1703012400000,85.02
1703016000000,79.48
1703019600000,75.68
1703023200000,59.83
1703026800000,57.85
1703030400000,50.48
1703034000000,48.0
1703037600000,39.98
1703041200000,31.51
1703044800000,40.02
1703048400000,46.72
1703052000000,67.96
1703055600000,72.93
1703059200000,70.54
1703062800000,67.93
1703066400000,62.36
1703070000000,62.0
1703073600000,60.59
1703077200000,66.8
1703080800000,69.98
1703084400000,73.49
1703088000000,80.24
1703091600000,81.83
1703095200000,81.84
1703098800000,77.99
1703102400000,66.78
1703106000000,61.42
1703109600000,48.88
1703113200000,30.16
1703116800000,25.08
1703120400000,20.9
1703124000000,3.48
1703127600000,0.07
1703131200000,0.33
1703134800000,23.85
1703138400000,45.12
1703142000000,48.96
1703145600000,37.24
1703149200000,34.29
1703152800000,26.05
1703156400000,23.51
1703160000000,11.56
1703163600000,10.53
1703167200000,16.8
1703170800000,16.95
1703174400000,35.08
1703178000000,39.34
1703181600000,48.49
1703185200000,40.97
1703188800000,33.15
1703192400000,28.77
1703196000000,6.05
1703199600000,0.01
1703203200000,-0.1
1703206800000,-0.07
1703210400000,-0.18
1703214000000,-0.25
1703217600000,-0.08
1703221200000,0.81
1703224800000,31.68
1703228400000,39.73
1703232000000,35.64
1703235600000,26.45
1703239200000,26.23
1703242800000,26.73
1703246400000,25.3
1703250000000,28.86
1703253600000,34.17
1703257200000,42.41
1703260800000,42.95
1703264400000,50.36
1703268000000,40.49
1703271600000,24.66
1703275200000,25.53
1703278800000,30.41
1703282400000,12.0
1703286000000,0.04
1703289600000,-0.01
1703293200000,-0.01
1703296800000,-0.02
1703300400000,-0.01
1703304000000,0.0
1703307600000,0.1
1703311200000,7.43
1703314800000,20.0
1703318400000,42.08
1703322000000,41.64
1703325600000,45.9
1703329200000,47.36
1703332800000,49.81
1703336400000,52.3
1703340000000,53.77
1703343600000,58.05
1703347200000,68.12
1703350800000,66.45
1703354400000,61.55
1703358000000,53.7
1703361600000,41.56
1703365200000,20.29
1703368800000,7.74
1703372400000,0.0
1703376000000,-0.03
1703379600000,-0.29
1703383200000,-0.97
1703386800000,-3.74
1703390400000,-4.97
1703394000000,-4.22
1703397600000,-2.91
1703401200000,-2.93
1703404800000,-3.13
1703408400000,-5.15
1703412000000,-3.57
1703415600000,-2.95
1703419200000,-3.77
1703422800000,-2.19
1703426400000,-2.26
1703430000000,-2.05
1703433600000,-2.36
1703437200000,-5.58
1703440800000,-9.07
1703444400000,-6.49
1703448000000,-3.18
1703451600000,-3.0
1703455200000,-6.09
1703458800000,-3.98
1703462400000,-10.12
1703466000000,-10.81
1703469600000,-12.49
1703473200000,-13.37
1703476800000,-10.14
1703480400000,-7.6
1703484000000,-5.48
1703487600000,-0.11
1703491200000,-0.97
1703494800000,-0.97
1703498400000,-0.08
1703502000000,-0.02
1703505600000,0.0
1703509200000,0.01
1703512800000,2.48
1703516400000,11.9
1703520000000,20.02
1703523600000,18.68
1703527200000,14.31
1703530800000,9.92
1703534400000,3.51
1703538000000,5.0
1703541600000,0.08
1703545200000,0.0
1703548800000,-0.02
1703552400000,-0.11
1703556000000,-2.67
1703559600000,-3.69
1703563200000,-1.85
1703566800000,-1.34
1703570400000,-0.92
1703574000000,-1.05
1703577600000,-0.08
1703581200000,-0.06
1703584800000,-0.05
1703588400000,-0.04
1703592000000,0.0
1703595600000,0.56
1703599200000,10.03
1703602800000,47.34
1703606400000,52.99
1703610000000,53.66
1703613600000,53.05
1703617200000,49.32
1703620800000,43.95
1703624400000,46.63
1703628000000,53.28
1703631600000,41.35
1703635200000,52.07
1703638800000,57.63
1703642400000,51.65
1703646000000,49.77
1703649600000,55.98
1703653200000,65.06
1703656800000,77.44
1703660400000,82.73
1703664000000,80.56
1703667600000,75.19
1703671200000,74.71
1703674800000,73.79
1703678400000,71.88
1703682000000,73.64
1703685600000,79.95
1703689200000,79.77
1703692800000,80.32
1703696400000,74.35
1703700000000,64.85
1703703600000,54.73
1703707200000,24.74
1703710800000,16.99
1703714400000,0.01
1703718000000,-0.02
1703721600000,-0.78
1703725200000,-1.43
1703728800000,-1.39
1703732400000,-1.42
1703736000000,-0.27
1703739600000,0.02
1703743200000,16.06
1703746800000,38.2
1703750400000,38.75
1703754000000,29.27
1703757600000,13.95
1703761200000,9.27
1703764800000,5.76
1703768400000,14.38
1703772000000,15.66
1703775600000,40.34
1703779200000,46.83
1703782800000,45.9
1703786400000,38.55
1703790000000,19.98
1703793600000,13.75
1703797200000,17.72
1703800800000,1.0
1703804400000,0.0
1703808000000,-0.08
1703811600000,-0.28
1703815200000,-0.93
1703818800000,-0.95
1703822400000,-0.26
1703826000000,-0.07
1703829600000,-0.01
1703833200000,4.44
1703836800000,1.09
1703840400000,0.05
1703844000000,-0.01
1703847600000,0.6
1703851200000,0.99
1703854800000,2.23
1703858400000,9.99
1703862000000,10.02
1703865600000,25.12
1703869200000,26.59
1703872800000,17.17
1703876400000,10.1
1703880000000,5.04
1703883600000,22.9
1703887200000,18.89
1703890800000,5.89
1703894400000,2.77
1703898000000,8.88
1703901600000,5.6
1703905200000,5.74
1703908800000,7.51
1703912400000,5.77
1703916000000,20.86
1703919600000,27.53
1703923200000,27.92
1703926800000,23.91
1703930400000,19.89
1703934000000,20.02
1703937600000,23.84
1703941200000,42.04
1703944800000,56.25
1703948400000,69.99
1703952000000,80.14
1703955600000,79.99
1703959200000,71.09
1703962800000,62.01
1703966400000,56.36
1703970000000,50.1
1703973600000,43.23
1703977200000,36.54
1703980800000,13.27
1703984400000,4.0
1703988000000,0.31
1703991600000,0.58
1703995200000,1.28
1703998800000,0.36
1704002400000,-0.03
1704006000000,2.98
1704009600000,9.1
1704013200000,14.0
1704016800000,10.51
1704020400000,10.73
1704024000000,5.75
1704027600000,8.98
1704031200000,12.95
1704034800000,20.9
1704038400000,26.0
1704042000000,23.39
1704045600000,9.0
1704049200000,7.95
1704052800000,6.0
1704056400000,10.68
1704060000000,2.44
1704063600000,0.1
1704067200000,0.01
1704070800000,0.0
1704074400000,-0.01
1704078000000,-0.03
1704081600000,-0.02
1704085200000,-0.05
1704088800000,-0.02
1704092400000,0.0
1704096000000,0.04
1704099600000,0.06
1704103200000,0.54
1704106800000,2.24
1704110400000,1.96
1704114000000,1.04
1704117600000,3.66
1704121200000,43.06
1704124800000,49.93
1704128400000,58.0
1704132000000,54.25
1704135600000,48.01
1704139200000,42.95
1704142800000,47.09
1704146400000,35.55
1704150000000,30.59
1704153600000,20.07
1704157200000,31.03
1704160800000,18.39
1704164400000,11.08
1704168000000,13.78
1704171600000,47.63
1704175200000,58.1
1704178800000,65.67
1704182400000,64.73
1704186000000,68.98
1704189600000,73.54
1704193200000,78.16
1704196800000,78.87
1704200400000,79.24
1704204000000,79.96
1704207600000,83.46
1704211200000,80.92
1704214800000,74.95
1704218400000,63.18
1704222000000,57.11
1704225600000,46.89
1704229200000,40.0
1704232800000,7.43
1704236400000,-0.08
1704240000000,-1.23
1704243600000,-1.3
1704247200000,-1.31
1704250800000,-1.31
1704254400000,-1.38
1704258000000,1.09
1704261600000,40.59
1704265200000,59.61
1704268800000,60.61
1704272400000,57.0
1704276000000,54.89
1704279600000,53.89
1704283200000,54.42
1704286800000,60.86
1704290400000,67.18
1704294000000,73.59
1704297600000,82.28
1704301200000,82.97
1704304800000,79.03
1704308400000,73.23
1704312000000,67.41
1704315600000,65.0
1704319200000,58.12
1704322800000,57.3
1704326400000,50.46
1704330000000,40.0
1704333600000,25.48
1704337200000,35.0
1704340800000,57.73
1704344400000,72.65
1704348000000,85.02
1704351600000,91.47
1704355200000,94.2
1704358800000,91.61
1704362400000,90.03
1704366000000,86.3
1704369600000,85.96
1704373200000,92.11
1704376800000,98.62
1704380400000,105.73
1704384000000,133.23
1704387600000,144.65
1704391200000,125.0
1704394800000,103.59
1704398400000,100.01
1704402000000,94.86
1704405600000,88.83
1704409200000,86.08
1704412800000,80.51
1704416400000,77.01
1704420000000,73.21
1704423600000,74.05
1704427200000,76.03
1704430800000,81.0
1704434400000,87.0
1704438000000,89.57
1704441600000,94.93
1704445200000,96.28
1704448800000,98.22
1704452400000,92.24
1704456000000,91.54
1704459600000,96.41
1704463200000,100.05
1704466800000,102.97
1704470400000,107.38
1704474000000,108.45
1704477600000,103.96
1704481200000,100.09
1704484800000,94.19
1704488400000,94.92
1704492000000,86.8
1704495600000,82.25
1704499200000,80.2
1704502800000,76.13
1704506400000,73.01
1704510000000,73.01
1704513600000,74.59
1704517200000,75.1
1704520800000,81.39
1704524400000,88.4
1704528000000,92.23
1704531600000,97.3
1704535200000,100.43
1704538800000,99.16
1704542400000,95.22
1704546000000,92.55
1704549600000,95.09
1704553200000,99.85
1704556800000,104.27
1704560400000,103.63
1704564000000,99.0
1704567600000,92.14
1704571200000,88.0
1704574800000,86.57
1704578400000,79.87
1704582000000,84.08
1704585600000,79.82
1704589200000,76.76
1704592800000,73.46
1704596400000,71.86
1704600000000,72.08
1704603600000,74.9
1704607200000,77.69
1704610800000,81.79
1704614400000,84.86
1704618000000,87.15
1704621600000,89.14
1704625200000,88.66
1704628800000,84.81
1704632400000,84.34
1704636000000,88.01
1704639600000,93.42
1704643200000,101.77
1704646800000,104.85
1704650400000,103.55
1704654000000,100.5
1704657600000,93.31
1704661200000,91.17
1704664800000,83.86
1704668400000,87.02
1704672000000,84.32
1704675600000,81.82
1704679200000,79.11
1704682800000,78.48
1704686400000,82.1
1704690000000,94.3
1704693600000,111.1
1704697200000,121.11
1704700800000,117.83
1704704400000,110.6
1704708000000,103.0
1704711600000,95.5
1704715200000,92.6
1704718800000,100.0
1704722400000,107.98
1704726000000,116.87
1704729600000,129.13
1704733200000,130.01
1704736800000,122.12
1704740400000,114.21
1704744000000,102.83
1704747600000,99.98
1704751200000,91.49
1704754800000,88.16
1704758400000,87.04
1704762000000,85.0
1704765600000,84.14
1704769200000,85.72
1704772800000,89.28
1704776400000,108.51
1704780000000,124.06
1704783600000,133.24
1704787200000,120.91
1704790800000,113.19
1704794400000,105.78
1704798000000,100.22
1704801600000,100.82
1704805200000,110.89
1704808800000,119.4
1704812400000,127.85
1704816000000,137.84
1704819600000,137.8
1704823200000,130.43
1704826800000,120.24
1704830400000,111.68
1704834000000,106.18
1704837600000,97.09
1704841200000,89.29
1704844800000,86.76
1704848400000,86.73
1704852000000,86.09
1704855600000,86.3
1704859200000,89.05
1704862800000,108.88
1704866400000,126.29
1704870000000,141.28
1704873600000,130.39
1704877200000,118.56
1704880800000,109.13
1704884400000,102.21
1704888000000,105.61
1704891600000,112.91
1704895200000,123.8
1704898800000,134.64
1704902400000,143.79
1704906000000,140.0
1704909600000,132.15
1704913200000,120.0
1704916800000,109.76
1704920400000,104.49
1704924000000,96.03
1704927600000,91.75
1704931200000,88.59
1704934800000,87.25
1704938400000,82.38
1704942000000,81.95
1704945600000,89.36
1704949200000,102.07
1704952800000,116.86
1704956400000,141.0
1704960000000,129.16
1704963600000,113.65
1704967200000,106.48
1704970800000,99.38
1704974400000,99.0
1704978000000,105.98
1704981600000,117.96
1704985200000,137.35
1704988800000,150.09
1704992400000,136.69
1704996000000,132.31
1704999600000,117.88
1705003200000,107.19
1705006800000,100.0
1705010400000,97.22
1705014000000,91.04
1705017600000,88.22
1705021200000,85.22
1705024800000,84.63
1705028400000,84.34
1705032000000,85.32
1705035600000,92.11
1705039200000,118.16
1705042800000,140.74
1705046400000,134.96
1705050000000,122.01
1705053600000,114.73
1705057200000,106.98
1705060800000,103.08
1705064400000,104.54
1705068000000,110.0
1705071600000,120.0
1705075200000,127.5
1705078800000,126.0
1705082400000,119.47
1705086000000,108.79
1705089600000,98.48
1705093200000,93.37
1705096800000,85.38
1705100400000,90.0
1705104000000,85.0
1705107600000,82.0
1705111200000,78.47
1705114800000,75.0
1705118400000,74.92
1705122000000,78.1
1705125600000,82.22
1705129200000,85.26
1705132800000,75.11
1705136400000,74.21
1705140000000,72.72
1705143600000,70.35
1705147200000,63.67
1705150800000,67.91
1705154400000,68.61
1705158000000,70.78
1705161600000,74.22
1705165200000,75.81
1705168800000,73.82
1705172400000,73.06
1705176000000,70.93
1705179600000,64.3
1705183200000,63.16
1705186800000,64.02
1705190400000,62.11
1705194000000,62.93
1705197600000,64.01
1705201200000,64.67
1705204800000,65.2
1705208400000,67.31
1705212000000,71.66
1705215600000,76.74
1705219200000,81.14
1705222800000,80.63
1705226400000,81.84
1705230000000,80.39
1705233600000,77.04
1705237200000,79.15
1705240800000,82.32
1705244400000,86.62
1705248000000,91.86
1705251600000,96.97
1705255200000,88.91
1705258800000,81.0
1705262400000,78.6
1705266000000,75.39
1705269600000,67.19
1705273200000,67.9
1705276800000,65.0
1705280400000,63.94
1705284000000,62.04
1705287600000,62.04
1705291200000,69.25
1705294800000,79.95
1705298400000,83.84
1705302000000,99.3
1705305600000,100.29
1705309200000,94.88
1705312800000,90.26
1705316400000,83.86
1705320000000,82.15
1705323600000,84.5
1705327200000,89.44
1705330800000,97.52
1705334400000,106.46
1705338000000,112.8
1705341600000,110.38
1705345200000,102.42
1705348800000,91.78
1705352400000,89.49
1705356000000,86.43
1705359600000,81.45
1705363200000,81.07
1705366800000,79.92
1705370400000,78.19
1705374000000,76.97
1705377600000,81.45
1705381200000,94.07
1705384800000,114.77
1705388400000,144.11
1705392000000,138.6
1705395600000,122.0
1705399200000,110.0
1705402800000,103.43
1705406400000,94.98
1705410000000,96.0
1705413600000,110.25
1705417200000,111.39
1705420800000,128.15
1705424400000,127.31
1705428000000,111.77
1705431600000,95.49
1705435200000,86.21
1705438800000,82.04
1705442400000,77.69
1705446000000,71.61
1705449600000,71.52
1705453200000,70.69
1705456800000,69.74
1705460400000,69.47
1705464000000,71.06
1705467600000,75.09
1705471200000,84.39
1705474800000,96.5
1705478400000,106.16
1705482000000,110.33
1705485600000,111.1
1705489200000,117.71
1705492800000,121.7
1705496400000,121.74
1705500000000,125.46
1705503600000,128.56
1705507200000,140.52
1705510800000,123.59
1705514400000,114.28
1705518000000,109.8
1705521600000,101.09
1705525200000,94.28
1705528800000,84.17
1705532400000,81.33
1705536000000,77.2
1705539600000,75.29
1705543200000,74.91
1705546800000,77.57
1705550400000,81.0
1705554000000,91.44
1705557600000,111.55
1705561200000,125.89
1705564800000,122.17
1705568400000,110.9
1705572000000,107.95
1705575600000,93.55
1705579200000,87.62
1705582800000,86.43
1705586400000,94.25
1705590000000,99.52
1705593600000,104.68
1705597200000,103.26
1705600800000,94.53
1705604400000,86.97
1705608000000,83.12
1705611600000,80.93
1705615200000,73.61
1705618800000,70.58
1705622400000,66.95
1705626000000,65.63
1705629600000,62.76
1705633200000,63.32
1705636800000,67.47
1705640400000,77.94
1705644000000,87.17
1705647600000,104.27
1705651200000,103.06
1705654800000,95.15
1705658400000,86.36
1705662000000,76.83
1705665600000,73.35
1705669200000,75.21
1705672800000,77.45
1705676400000,84.69
1705680000000,93.6
1705683600000,91.7
1705687200000,82.23
1705690800000,74.0
1705694400000,71.12
1705698000000,68.64
1705701600000,64.75
1705705200000,66.0
1705708800000,63.45
1705712400000,63.54
1705716000000,61.82
1705719600000,61.85
1705723200000,61.75
1705726800000,62.59
1705730400000,66.9
1705734000000,74.82
1705737600000,77.9
1705741200000,71.8
1705744800000,70.77
1705748400000,67.73
1705752000000,68.78
1705755600000,73.39
1705759200000,79.11
1705762800000,87.8
1705766400000,94.93
1705770000000,99.87
1705773600000,91.57
1705777200000,81.97
1705780800000,75.74
1705784400000,74.68
1705788000000,69.13
1705791600000,66.83
1705795200000,57.55
1705798800000,55.15
1705802400000,50.89
1705806000000,48.51
1705809600000,47.45
1705813200000,45.53
1705816800000,43.96
1705820400000,51.36
1705824000000,54.36
1705827600000,46.06
1705831200000,48.67
1705834800000,38.48
1705838400000,37.69
1705842000000,44.3
1705845600000,49.04
1705849200000,49.83
1705852800000,56.65
1705856400000,61.45
1705860000000,58.64
1705863600000,51.5
1705867200000,52.46
1705870800000,50.39
1705874400000,39.46
1705878000000,36.66
1705881600000,22.24
1705885200000,18.62
1705888800000,5.04
1705892400000,5.06
1705896000000,20.0
1705899600000,40.5
1705903200000,60.47
1705906800000,66.48
1705910400000,57.58
1705914000000,61.55
1705917600000,60.6
1705921200000,56.92
1705924800000,56.72
1705928400000,58.23
1705932000000,59.73
1705935600000,59.99
1705939200000,70.94
1705942800000,77.35
1705946400000,71.99
1705950000000,66.65
1705953600000,57.0
1705957200000,55.89
1705960800000,49.88
1705964400000,16.23
1705968000000,10.1
1705971600000,9.37
1705975200000,4.17
1705978800000,10.22
1705982400000,39.23
1705986000000,59.76
1705989600000,76.42
1705993200000,69.82
1705996800000,69.93
1706000400000,59.97
1706004000000,59.8
1706007600000,59.14
1706011200000,59.43
1706014800000,62.7
1706018400000,74.63
1706022000000,78.95
1706025600000,81.59
1706029200000,84.51
1706032800000,74.55
1706036400000,61.95
1706040000000,53.74
1706043600000,45.36
1706047200000,33.26
1706050800000,3.05
1706054400000,-0.03
1706058000000,-0.64
1706061600000,-4.41
1706065200000,-4.84
1706068800000,-0.18
1706072400000,14.76
1706076000000,42.09
1706079600000,51.58
1706083200000,50.76
1706086800000,50.1
1706090400000,50.78
1706094000000,39.32
1706097600000,36.44
1706101200000,45.04
1706104800000,49.95
1706108400000,50.8
1706112000000,54.21
1706115600000,53.32
1706119200000,50.09
1706122800000,42.18
1706126400000,40.04
1706130000000,42.01
1706133600000,38.53
1706137200000,44.34
1706140800000,45.06
1706144400000,43.34
1706148000000,44.92
1706151600000,46.22
1706155200000,52.38
1706158800000,69.1
1706162400000,77.65
1706166000000,91.87
1706169600000,87.97
1706173200000,83.95
1706176800000,78.66
1706180400000,74.95
1706184000000,77.86
1706187600000,87.07
1706191200000,93.91
1706194800000,102.46
1706198400000,123.38
1706202000000,115.54
1706205600000,98.79
1706209200000,91.07
1706212800000,86.31
1706216400000,80.43
1706220000000,75.16
1706223600000,62.8
1706227200000,62.0
1706230800000,58.49
1706234400000,57.73
1706238000000,57.07
1706241600000,52.16
1706245200000,59.37
1706248800000,71.12
1706252400000,76.59
1706256000000,70.58
1706259600000,61.61
1706263200000,59.14
1706266800000,52.28
1706270400000,46.47
1706274000000,49.28
1706277600000,50.11
1706281200000,52.74
1706284800000,60.7
1706288400000,58.75
1706292000000,64.96
1706295600000,58.78
1706299200000,62.02
1706302800000,59.58
1706306400000,57.08
1706310000000,55.5
1706313600000,55.03
1706317200000,56.21
1706320800000,55.05
1706324400000,55.74
1706328000000,56.83
1706331600000,59.07
1706335200000,65.91
1706338800000,75.29
1706342400000,72.56
1706346000000,60.06
1706349600000,56.61
1706353200000,55.84
1706356800000,53.88
1706360400000,59.72
1706364000000,72.44
1706367600000,83.62
1706371200000,93.37
1706374800000,95.95
1706378400000,92.53
1706382000000,84.42
1706385600000,76.07
1706389200000,75.97
1706392800000,72.7
1706396400000,66.77
1706400000000,60.92
1706403600000,59.65
1706407200000,59.94
1706410800000,61.4
1706414400000,64.11
1706418000000,60.53
1706421600000,59.64
1706425200000,59.63
1706428800000,55.08
1706432400000,51.16
1706436000000,45.75
1706439600000,41.58
1706443200000,40.09
1706446800000,50.65
1706450400000,56.41
1706454000000,68.87
1706457600000,77.84
1706461200000,71.93
1706464800000,69.88
1706468400000,68.25
1706472000000,57.17
1706475600000,59.43
1706479200000,56.0
1706482800000,49.97
1706486400000,47.26
1706490000000,48.12
1706493600000,47.97
1706497200000,51.58
1706500800000,60.06
1706504400000,80.0
1706508000000,93.57
1706511600000,99.17
1706515200000,88.39
1706518800000,78.9
1706522400000,71.27
1706526000000,70.24
1706529600000,74.99
1706533200000,82.55
1706536800000,97.6
1706540400000,108.43
1706544000000,127.42
1706547600000,117.3
1706551200000,107.52
1706554800000,91.98
1706558400000,86.79
1706562000000,83.42
1706565600000,80.29
1706569200000,71.94
1706572800000,68.79
1706576400000,69.37
1706580000000,67.44
1706583600000,67.18
1706587200000,69.37
1706590800000,78.43
1706594400000,90.6
1706598000000,95.93
1706601600000,84.93
1706605200000,77.15
1706608800000,70.1
1706612400000,68.1
1706616000000,68.23
1706619600000,71.93
1706623200000,79.49
1706626800000,82.36
1706630400000,88.17
1706634000000,99.23
1706637600000,91.91
1706641200000,86.04
1706644800000,78.0
1706648400000,75.01
1706652000000,71.51
1706655600000,71.73
1706659200000,70.19
1706662800000,70.89
1706666400000,69.82
1706670000000,69.14
1706673600000,73.82
1706677200000,84.85
1706680800000,108.17
1706684400000,119.93
1706688000000,93.61
1706691600000,82.98
1706695200000,77.09
1706698800000,74.91
1706702400000,67.66
1706706000000,66.69
1706709600000,75.87
1706713200000,81.62
1706716800000,87.91
1706720400000,86.78
1706724000000,73.65
1706727600000,66.03
1706731200000,56.96
1706734800000,54.08
1706738400000,39.73
1706742000000,47.06
1706745600000,41.12
1706749200000,42.16
1706752800000,43.05
1706756400000,46.91
1706760000000,55.34
1706763600000,69.01
1706767200000,86.12
1706770800000,92.5
1706774400000,86.29
1706778000000,83.67
1706781600000,77.22
1706785200000,67.6
1706788800000,57.26
1706792400000,68.74
1706796000000,75.07
1706799600000,77.05
1706803200000,91.61
1706806800000,94.67
1706810400000,97.89
1706814000000,89.97
1706817600000,83.29
1706821200000,81.88
1706824800000,73.38
1706828400000,64.27
1706832000000,59.94
1706835600000,58.0
1706839200000,54.69
1706842800000,53.23
1706846400000,55.07
1706850000000,66.94
1706853600000,76.99
1706857200000,89.32
1706860800000,85.9
1706864400000,80.77
1706868000000,75.15
1706871600000,64.8
1706875200000,56.52
1706878800000,54.83
1706882400000,53.09
1706886000000,52.73
1706889600000,58.5
1706893200000,68.97
1706896800000,63.34
1706900400000,55.06
1706904000000,49.68
1706907600000,46.03
1706911200000,36.05
1706914800000,24.74
1706918400000,12.85
1706922000000,6.73
1706925600000,10.51
1706929200000,8.53
1706932800000,8.8
1706936400000,16.48
1706940000000,34.17
1706943600000,45.99
1706947200000,45.97
1706950800000,35.62
1706954400000,30.42
1706958000000,30.58
1706961600000,30.62
1706965200000,40.74
1706968800000,43.7
1706972400000,49.36
1706976000000,57.83
1706979600000,68.57
1706983200000,65.98
1706986800000,54.37
1706990400000,51.21
1706994000000,50.81
1706997600000,38.71
1707001200000,35.3
1707004800000,10.04
1707008400000,3.23
1707012000000,0.68
1707015600000,0.0
1707019200000,0.0
1707022800000,0.0
1707026400000,1.05
1707030000000,8.87
1707033600000,9.83
1707037200000,10.87
1707040800000,12.81
1707044400000,13.82
1707048000000,4.62
1707051600000,9.72
1707055200000,15.72
1707058800000,18.43
1707062400000,38.91
1707066000000,46.01
1707069600000,36.17
1707073200000,29.05
1707076800000,24.52
1707080400000,24.44
1707084000000,0.57
1707087600000,0.0
1707091200000,-0.03
1707094800000,-0.07
1707098400000,-0.13
1707102000000,-0.05
1707105600000,0.42
1707109200000,38.97
1707112800000,58.91
1707116400000,62.32
1707120000000,56.86
1707123600000,52.93
1707127200000,40.15
1707130800000,7.05
1707134400000,1.09
1707138000000,5.01
1707141600000,53.1
1707145200000,60.72
1707148800000,68.47
1707152400000,68.78
1707156000000,61.84
1707159600000,60.48
1707163200000,59.65
1707166800000,56.3
1707170400000,47.41
1707174000000,35.04
1707177600000,27.65
1707181200000,7.08
1707184800000,3.07
1707188400000,1.94
1707192000000,19.38
1707195600000,50.0
1707199200000,68.16
1707202800000,62.0
1707206400000,61.35
1707210000000,56.56
1707213600000,51.7
1707217200000,43.47
1707220800000,42.54
1707224400000,40.11
1707228000000,49.91
1707231600000,56.52
1707235200000,62.97
1707238800000,61.96
1707242400000,61.16
1707246000000,59.14
1707249600000,56.44
1707253200000,56.52
1707256800000,52.36
1707260400000,41.17
1707264000000,35.52
1707267600000,34.15
1707271200000,46.59
1707274800000,54.47
1707278400000,59.63
1707282000000,74.83
1707285600000,86.67
1707289200000,87.0
1707292800000,85.53
1707296400000,81.17
1707300000000,78.01
1707303600000,75.98
1707307200000,79.24
1707310800000,77.99
1707314400000,88.21
1707318000000,97.3
1707321600000,120.05
1707325200000,136.22
1707328800000,109.7
1707332400000,99.91
1707336000000,87.65
1707339600000,83.63
1707343200000,79.21
1707346800000,73.7
1707350400000,73.2
1707354000000,72.15
1707357600000,72.94
1707361200000,73.65
1707364800000,77.85
1707368400000,87.08
1707372000000,110.0
1707375600000,133.15
1707379200000,113.55
1707382800000,97.79
1707386400000,91.87
1707390000000,89.38
1707393600000,90.98
1707397200000,94.9
1707400800000,94.38
1707404400000,93.01
1707408000000,103.0
1707411600000,94.67
1707415200000,86.06
1707418800000,83.2
1707422400000,80.61
1707426000000,75.6
1707429600000,65.98
1707433200000,60.43
1707436800000,58.61
1707440400000,55.74
1707444000000,51.61
1707447600000,49.96
1707451200000,52.32
1707454800000,59.08
1707458400000,66.79
1707462000000,70.13
1707465600000,68.37
1707469200000,69.52
1707472800000,69.94
1707476400000,67.85
1707480000000,67.74
1707483600000,73.22
1707487200000,81.56
1707490800000,90.12
1707494400000,95.45
1707498000000,95.45
1707501600000,87.05
1707505200000,80.44
1707508800000,75.2
1707512400000,74.91
1707516000000,70.94
1707519600000,63.1
1707523200000,64.08
1707526800000,64.4
1707530400000,64.39
1707534000000,64.41
1707537600000,65.82
1707541200000,70.91
1707544800000,74.86
1707548400000,77.7
1707552000000,80.38
1707555600000,74.59
1707559200000,69.43
1707562800000,68.3
1707566400000,66.72
1707570000000,69.53
1707573600000,77.17
1707577200000,86.13
1707580800000,88.95
1707584400000,87.62
1707588000000,81.01
1707591600000,74.4
1707595200000,67.84
1707598800000,65.86
1707602400000,63.46
1707606000000,55.48
1707609600000,53.67
1707613200000,52.6
1707616800000,46.83
1707620400000,43.64
1707624000000,46.25
1707627600000,49.19
1707631200000,53.16
1707634800000,55.06
1707638400000,57.97
1707642000000,61.16
1707645600000,65.54
1707649200000,64.6
1707652800000,62.12
1707656400000,63.99
1707660000000,66.3
1707663600000,70.69
1707667200000,78.5
1707670800000,80.74
1707674400000,79.72
1707678000000,76.75
1707681600000,70.72
1707685200000,68.39
1707688800000,64.01
1707692400000,64.35
1707696000000,61.59
1707699600000,60.65
1707703200000,59.39
1707706800000,59.21
1707710400000,65.0
1707714000000,76.0
1707717600000,85.41
1707721200000,104.0
1707724800000,96.5
1707728400000,85.47
1707732000000,79.14
1707735600000,67.37
1707739200000,63.75
1707742800000,63.95
1707746400000,66.4
1707750000000,78.42
1707753600000,93.9
1707757200000,96.0
1707760800000,89.08
1707764400000,79.15
1707768000000,71.54
1707771600000,65.87
1707775200000,61.9
1707778800000,68.59
1707782400000,65.37
1707786000000,63.41
1707789600000,60.49
1707793200000,60.06
1707796800000,63.59
1707800400000,70.69
1707804000000,82.18
1707807600000,89.1
1707811200000,75.12
1707814800000,69.21
1707818400000,63.87
1707822000000,60.53
1707825600000,60.26
1707829200000,63.1
1707832800000,70.7
1707836400000,78.36
1707840000000,95.01
1707843600000,99.88
1707847200000,90.99
1707850800000,77.97
1707854400000,71.86
1707858000000,68.39
1707861600000,64.74
1707865200000,60.63
1707868800000,59.34
1707872400000,55.76
1707876000000,54.79
1707879600000,55.06
1707883200000,58.43
1707886800000,63.23
1707890400000,72.74
1707894000000,79.73
1707897600000,69.65
1707901200000,63.86
1707904800000,63.29
1707908400000,62.63
1707912000000,63.82
1707915600000,69.03
1707919200000,72.23
1707922800000,78.54
1707926400000,82.97
1707930000000,87.58
1707933600000,84.47
1707937200000,76.48
1707940800000,69.68
1707944400000,68.2
1707948000000,63.8
1707951600000,61.71
1707955200000,61.13
1707958800000,60.3
1707962400000,59.75
1707966000000,61.94
1707969600000,66.06
1707973200000,72.21
1707976800000,81.57
1707980400000,82.67
1707984000000,78.76
1707987600000,74.18
1707991200000,69.96
1707994800000,66.63
1707998400000,66.19
1708002000000,69.91
1708005600000,75.05
1708009200000,79.05
1708012800000,87.0
1708016400000,86.91
1708020000000,75.61
1708023600000,70.47
1708027200000,62.97
1708030800000,63.09
1708034400000,58.91
1708038000000,51.76
1708041600000,51.08
1708045200000,49.92
1708048800000,48.81
1708052400000,51.38
1708056000000,53.53
1708059600000,59.15
1708063200000,69.39
1708066800000,70.5
1708070400000,64.84
1708074000000,54.37
1708077600000,53.0
1708081200000,52.33
1708084800000,52.31
1708088400000,53.78
1708092000000,62.59
1708095600000,69.99
1708099200000,72.58
1708102800000,77.42
1708106400000,76.78
1708110000000,72.47
1708113600000,69.4
1708117200000,68.05
1708120800000,60.02
1708124400000,57.31
1708128000000,57.0
1708131600000,55.88
1708135200000,54.66
1708138800000,54.62
1708142400000,55.48
1708146000000,55.17
1708149600000,56.9
1708153200000,64.89
1708156800000,63.29
1708160400000,62.02
1708164000000,60.69
1708167600000,58.26
1708171200000,55.25
1708174800000,59.09
1708178400000,68.83
1708182000000,75.03
1708185600000,87.93
1708189200000,110.06
1708192800000,90.28
1708196400000,80.93
1708200000000,74.57
1708203600000,72.44
1708207200000,69.11
1708210800000,62.38
1708214400000,54.81
1708218000000,51.44
1708221600000,50.32
1708225200000,50.19
1708228800000,48.47
1708232400000,46.02
1708236000000,48.97
1708239600000,47.28
1708243200000,43.03
1708246800000,40.45
1708250400000,41.0
1708254000000,40.1
1708257600000,39.88
1708261200000,42.87
1708264800000,54.29
1708268400000,62.87
1708272000000,72.0
1708275600000,73.66
1708279200000,70.59
1708282800000,64.71
1708286400000,59.83
1708290000000,57.33
1708293600000,53.94
1708297200000,44.0
1708300800000,43.04
1708304400000,44.21
1708308000000,43.91
1708311600000,44.92
1708315200000,51.57
1708318800000,68.6
1708322400000,79.09
1708326000000,83.84
1708329600000,75.03
1708333200000,70.83
1708336800000,69.13
1708340400000,62.47
1708344000000,60.99
1708347600000,65.96
1708351200000,69.28
1708354800000,71.51
1708358400000,76.25
1708362000000,97.65
1708365600000,79.98
1708369200000,71.86
1708372800000,67.47
1708376400000,66.27
1708380000000,59.07
1708383600000,58.06
1708387200000,54.32
1708390800000,53.96
1708394400000,53.48
1708398000000,52.99
1708401600000,54.79
1708405200000,70.53
1708408800000,88.4
1708412400000,90.89
1708416000000,78.55
1708419600000,69.84
1708423200000,60.88
1708426800000,53.52
1708430400000,51.42
1708434000000,51.79
1708437600000,56.16
1708441200000,63.08
1708444800000,70.54
1708448400000,71.25
1708452000000,73.47
1708455600000,68.48
1708459200000,61.33
1708462800000,56.86
1708466400000,52.77
1708470000000,50.65
1708473600000,48.47
1708477200000,46.84
1708480800000,44.77
1708484400000,45.39
1708488000000,50.03
1708491600000,66.0
1708495200000,81.34
1708498800000,85.11
1708502400000,70.34
1708506000000,64.1
1708509600000,60.39
1708513200000,53.01
1708516800000,51.22
1708520400000,53.77
1708524000000,65.6
1708527600000,69.92
1708531200000,69.63
1708534800000,68.58
1708538400000,61.39
1708542000000,52.11
1708545600000,45.98
1708549200000,41.71
1708552800000,35.22
1708556400000,30.47
1708560000000,27.01
1708563600000,27.07
1708567200000,27.95
1708570800000,37.0
1708574400000,48.05
1708578000000,66.09
1708581600000,76.53
1708585200000,81.91
1708588800000,74.09
1708592400000,71.95
1708596000000,68.53
1708599600000,68.77
1708603200000,68.98
1708606800000,64.65
1708610400000,64.75
1708614000000,63.25
1708617600000,61.76
1708621200000,59.91
1708624800000,52.42
1708628400000,42.45
1708632000000,24.48
1708635600000,12.06
1708639200000,1.91
1708642800000,9.23
1708646400000,1.07
1708650000000,1.19
1708653600000,0.09
1708657200000,0.02
1708660800000,0.09
1708664400000,39.68
1708668000000,57.06
1708671600000,59.35
1708675200000,51.69
1708678800000,46.64
1708682400000,41.65
1708686000000,37.1
1708689600000,33.6
1708693200000,39.08
1708696800000,49.51
1708700400000,63.08
1708704000000,73.8
1708707600000,86.44
1708711200000,84.01
1708714800000,72.97
1708718400000,69.26
1708722000000,67.98
1708725600000,65.1
1708729200000,66.47
1708732800000,63.9
1708736400000,59.5
1708740000000,55.2
1708743600000,55.39
1708747200000,57.1
1708750800000,61.67
1708754400000,66.11
1708758000000,64.4
1708761600000,57.6
1708765200000,49.16
1708768800000,45.84
1708772400000,40.32
1708776000000,32.22
1708779600000,37.6
1708783200000,45.0
1708786800000,55.95
1708790400000,71.67
1708794000000,80.0
1708797600000,74.13
1708801200000,65.17
1708804800000,59.94
1708808400000,56.22
1708812000000,52.2
1708815600000,56.57
1708819200000,55.44
1708822800000,55.38
1708826400000,54.89
1708830000000,55.19
1708833600000,55.07
1708837200000,56.71
1708840800000,59.92
1708844400000,61.58
1708848000000,61.82
1708851600000,56.31
1708855200000,54.12
1708858800000,50.0
1708862400000,46.03
1708866000000,49.84
1708869600000,55.0
1708873200000,67.8
1708876800000,82.19
1708880400000,93.69
1708884000000,79.18
1708887600000,69.99
1708891200000,65.92
1708894800000,65.23
1708898400000,58.38
1708902000000,57.83
1708905600000,56.82
1708909200000,55.7
1708912800000,51.8
1708916400000,53.3
1708920000000,57.92
1708923600000,70.02
1708927200000,79.9
1708930800000,81.6
1708934400000,73.83
1708938000000,66.65
1708941600000,65.03
1708945200000,58.42
1708948800000,58.19
1708952400000,61.29
1708956000000,64.95
1708959600000,69.99
1708963200000,77.0
1708966800000,85.32
1708970400000,81.01
1708974000000,72.21
1708977600000,65.69
1708981200000,65.21
1708984800000,60.76
1708988400000,57.62
1708992000000,57.55
1708995600000,57.35
1708999200000,56.87
1709002800000,57.35
1709006400000,63.1
1709010000000,74.31
1709013600000,95.63
1709017200000,95.78
1709020800000,80.81
1709024400000,68.71
1709028000000,64.93
1709031600000,59.26
1709035200000,59.25
1709038800000,64.71
1709042400000,72.06
1709046000000,79.82
1709049600000,98.02
1709053200000,111.8
1709056800000,105.17
1709060400000,84.36
1709064000000,72.37
1709067600000,70.27
1709071200000,64.97
1709074800000,60.36
1709078400000,59.4
1709082000000,61.34
1709085600000,63.46
1709089200000,63.74
1709092800000,67.44
1709096400000,74.3
1709100000000,98.89
1709103600000,104.49
1709107200000,85.46
1709110800000,73.99
1709114400000,67.55
1709118000000,63.93
1709121600000,60.72
1709125200000,61.51
1709128800000,70.43
1709132400000,74.96
1709136000000,93.04
1709139600000,93.24
1709143200000,78.29
1709146800000,65.44
1709150400000,62.59
1709154000000,64.02
1709157600000,55.12
1709161200000,55.11
1709164800000,53.33
1709168400000,50.06
1709172000000,47.03
1709175600000,47.15
1709179200000,53.32
1709182800000,62.03
1709186400000,73.74
1709190000000,73.89
1709193600000,70.39
1709197200000,60.47
1709200800000,55.01
1709204400000,53.98
1709208000000,56.02
1709211600000,55.07
1709215200000,64.96
1709218800000,70.98
1709222400000,81.28
1709226000000,86.26
1709229600000,80.99
1709233200000,72.77
1709236800000,67.25
1709240400000,64.9
1709244000000,60.9
1709247600000,62.04
1709251200000,61.42
1709254800000,58.14
1709258400000,57.83
1709262000000,58.3
1709265600000,62.49
1709269200000,71.58
1709272800000,79.36
1709276400000,83.79
1709280000000,75.88
1709283600000,66.52
1709287200000,64.76
1709290800000,63.08
1709294400000,64.63
1709298000000,67.11
1709301600000,72.57
1709305200000,78.94
1709308800000,89.4
1709312400000,93.73
1709316000000,87.19
1709319600000,77.49
1709323200000,71.62
1709326800000,70.06
1709330400000,66.39
1709334000000,59.95
1709337600000,56.03
1709341200000,56.02
1709344800000,55.48
1709348400000,54.88
1709352000000,55.99
1709355600000,56.58
1709359200000,60.67
1709362800000,63.76
1709366400000,65.75
1709370000000,60.44
1709373600000,59.18
1709377200000,55.83
1709380800000,54.9
1709384400000,59.86
1709388000000,66.08
1709391600000,73.0
1709395200000,80.63
1709398800000,93.6
1709402400000,89.9
1709406000000,76.98
1709409600000,69.81
1709413200000,60.94
1709416800000,54.99
1709420400000,54.5
1709424000000,53.63
1709427600000,53.8
1709431200000,55.59
1709434800000,55.31
1709438400000,55.82
1709442000000,56.0
1709445600000,56.88
1709449200000,54.77
1709452800000,53.99
1709456400000,52.01
1709460000000,49.46
1709463600000,47.51
1709467200000,42.51
1709470800000,46.84
1709474400000,54.13
1709478000000,60.28
1709481600000,75.58
1709485200000,84.36
1709488800000,86.96
1709492400000,81.8
1709496000000,75.0
1709499600000,72.18
1709503200000,72.42
1709506800000,69.13
1709510400000,67.9
1709514000000,67.41
1709517600000,66.22
1709521200000,65.59
1709524800000,70.83
1709528400000,81.18
1709532000000,96.67
1709535600000,102.97
1709539200000,85.02
1709542800000,71.93
1709546400000,64.89
1709550000000,63.93
1709553600000,61.1
1709557200000,62.5
1709560800000,69.86
1709564400000,75.95
1709568000000,90.59
1709571600000,105.18
1709575200000,99.13
1709578800000,80.52
1709582400000,71.39
1709586000000,67.49
1709589600000,63.93
1709593200000,61.96
1709596800000,61.67
1709600400000,61.33
1709604000000,59.86
1709607600000,60.56
1709611200000,61.67
1709614800000,71.53
1709618400000,79.28
1709622000000,83.02
1709625600000,77.0
1709629200000,71.15
1709632800000,69.72
1709636400000,66.01
1709640000000,65.83
1709643600000,69.61
1709647200000,70.67
1709650800000,76.28
1709654400000,82.07
1709658000000,104.38
1709661600000,112.99
1709665200000,93.12
1709668800000,82.81
1709672400000,76.08
1709676000000,71.83
1709679600000,71.0
1709683200000,70.7
1709686800000,70.46
1709690400000,69.74
1709694000000,70.46
1709697600000,73.91
1709701200000,83.98
1709704800000,106.64
1709708400000,108.7
1709712000000,87.21
1709715600000,75.92
1709719200000,72.02
1709722800000,69.35
1709726400000,69.29
1709730000000,70.64
1709733600000,72.26
1709737200000,81.06
1709740800000,100.0
1709744400000,119.58
1709748000000,119.25
1709751600000,93.4
1709755200000,80.15
1709758800000,77.98
1709762400000,74.34
1709766000000,73.33
1709769600000,72.32
1709773200000,70.34
1709776800000,68.71
1709780400000,69.89
1709784000000,73.13
1709787600000,84.27
1709791200000,103.2
1709794800000,96.7
1709798400000,79.09
1709802000000,71.31
1709805600000,66.16
1709809200000,61.69
1709812800000,60.26
1709816400000,63.33
1709820000000,66.04
1709823600000,69.92
1709827200000,89.2
1709830800000,105.71
1709834400000,90.3
1709838000000,82.49
1709841600000,73.35
1709845200000,73.32
1709848800000,67.72
1709852400000,68.45
1709856000000,66.96
1709859600000,67.01
1709863200000,65.99
1709866800000,66.3
1709870400000,67.11
1709874000000,82.91
1709877600000,95.06
1709881200000,88.89
1709884800000,74.36
1709888400000,57.59
1709892000000,52.05
1709895600000,21.77
1709899200000,4.26
1709902800000,24.2
1709906400000,40.25
1709910000000,55.74
1709913600000,71.98
1709917200000,83.76
1709920800000,79.98
1709924400000,71.46
1709928000000,64.9
1709931600000,65.03
1709935200000,59.89
1709938800000,56.56
1709942400000,54.91
1709946000000,53.72
1709949600000,52.56
1709953200000,48.6
1709956800000,47.79
1709960400000,50.47
1709964000000,53.06
1709967600000,53.06
1709971200000,48.12
1709974800000,32.94
1709978400000,0.2
1709982000000,-1.15
1709985600000,-5.02
1709989200000,-0.04
1709992800000,28.19
1709996400000,52.64
1710000000000,69.49
1710003600000,78.02
1710007200000,74.99
1710010800000,67.26
1710014400000,60.47
1710018000000,60.53
1710021600000,57.29
1710025200000,48.65
1710028800000,46.06
1710032400000,40.98
1710036000000,35.55
1710039600000,32.39
1710043200000,32.28
1710046800000,33.91
1710050400000,39.49
1710054000000,34.82
1710057600000,25.25
1710061200000,2.35
1710064800000,-0.1
1710068400000,-8.24
1710072000000,-9.98
1710075600000,-0.51
1710079200000,14.41
1710082800000,47.96
1710086400000,55.97
1710090000000,66.35
1710093600000,62.32
1710097200000,57.14
1710100800000,53.74
1710104400000,53.08
1710108000000,52.05
1710111600000,48.93
1710115200000,49.33
1710118800000,50.21
1710122400000,49.28
1710126000000,49.99
1710129600000,56.3
1710133200000,76.64
1710136800000,82.6
1710140400000,85.59
1710144000000,80.45
1710147600000,71.2
1710151200000,65.03
1710154800000,60.79
1710158400000,66.25
1710162000000,67.0
1710165600000,73.47
1710169200000,80.19
1710172800000,91.39
1710176400000,100.7
1710180000000,108.01
1710183600000,87.99
1710187200000,76.71
1710190800000,75.04
1710194400000,67.08
1710198000000,69.19
1710201600000,65.56
1710205200000,66.51
1710208800000,65.2
1710212400000,66.58
1710216000000,71.37
1710219600000,87.06
1710223200000,96.55
1710226800000,100.78
1710230400000,93.81
1710234000000,85.42
1710237600000,80.68
1710241200000,78.44
1710244800000,78.26
1710248400000,79.02
1710252000000,86.34
1710255600000,101.61
1710259200000,113.06
1710262800000,134.92
1710266400000,124.57
1710270000000,97.48
1710273600000,83.63
1710277200000,78.93
1710280800000,70.33
1710284400000,63.93
1710288000000,62.3
1710291600000,61.79
1710295200000,61.37
1710298800000,64.0
1710302400000,66.8
1710306000000,77.32
1710309600000,88.27
1710313200000,89.91
1710316800000,77.71
1710320400000,68.07
1710324000000,64.85
1710327600000,64.61
1710331200000,64.83
1710334800000,63.96
1710338400000,67.84
1710342000000,73.53
1710345600000,89.91
1710349200000,97.8
1710352800000,94.36
1710356400000,76.98
1710360000000,66.82
1710363600000,68.11
1710367200000,63.88
1710370800000,63.29
1710374400000,56.9
1710378000000,57.52
1710381600000,57.0
1710385200000,61.4
1710388800000,64.07
1710392400000,75.05
1710396000000,88.06
1710399600000,81.99
1710403200000,65.71
1710406800000,54.32
1710410400000,52.37
1710414000000,52.83
1710417600000,49.16
1710421200000,52.84
1710424800000,58.91
1710428400000,73.21
1710432000000,91.04
1710435600000,114.77
1710439200000,91.04
1710442800000,74.09
1710446400000,62.63
1710450000000,59.62
1710453600000,51.66
1710457200000,48.39
1710460800000,46.58
1710464400000,45.57
1710468000000,43.95
1710471600000,46.96
1710475200000,49.35
1710478800000,62.26
1710482400000,69.53
1710486000000,68.75
1710489600000,53.8
1710493200000,46.56
1710496800000,39.27
1710500400000,38.34
1710504000000,36.87
1710507600000,44.93
1710511200000,51.55
1710514800000,66.7
1710518400000,86.92
1710522000000,82.03
1710525600000,87.99
1710529200000,64.26
1710532800000,55.36
1710536400000,56.35
1710540000000,49.33
1710543600000,44.12
1710547200000,42.01
1710550800000,40.69
1710554400000,38.88
1710558000000,38.67
1710561600000,40.34
1710565200000,47.26
1710568800000,51.31
1710572400000,52.24
1710576000000,47.01
1710579600000,44.88
1710583200000,41.62
1710586800000,36.7
1710590400000,21.02
1710594000000,10.99
1710597600000,31.01
1710601200000,46.98
1710604800000,72.08
1710608400000,81.69
1710612000000,87.31
1710615600000,79.46
1710619200000,72.99
1710622800000,72.31
1710626400000,67.1
1710630000000,64.99
1710633600000,60.49
1710637200000,55.97
1710640800000,58.75
1710644400000,60.45
1710648000000,60.49
1710651600000,62.6
1710655200000,56.6
1710658800000,50.58
1710662400000,47.15
1710666000000,45.4
1710669600000,45.91
1710673200000,41.81
1710676800000,40.15
1710680400000,48.06
1710684000000,56.12
1710687600000,71.76
1710691200000,85.44
1710694800000,94.31
1710698400000,88.29
1710702000000,77.89
1710705600000,72.33
1710709200000,72.1
1710712800000,65.91
1710716400000,64.12
1710720000000,57.14
1710723600000,58.31
1710727200000,59.38
1710730800000,64.38
1710734400000,70.8
1710738000000,86.32
1710741600000,97.87
1710745200000,94.45
1710748800000,82.8
1710752400000,72.84
1710756000000,66.64
1710759600000,67.7
1710763200000,68.3
1710766800000,68.94
1710770400000,73.4
1710774000000,78.98
1710777600000,107.65
1710781200000,145.71
1710784800000,126.53
1710788400000,103.72
1710792000000,81.2
1710795600000,78.38
1710799200000,74.45
1710802800000,72.0
1710806400000,71.24
1710810000000,71.65
1710813600000,71.55
1710817200000,71.24
1710820800000,71.01
1710824400000,89.5
1710828000000,110.78
1710831600000,95.87
1710835200000,72.02
1710838800000,65.36
1710842400000,58.82
1710846000000,54.47
1710849600000,56.72
1710853200000,60.48
1710856800000,70.05
1710860400000,73.7
1710864000000,103.95
1710867600000,131.42
1710871200000,128.96
1710874800000,110.0
1710878400000,89.02
1710882000000,81.72
1710885600000,76.1
1710889200000,76.01
1710892800000,73.4
1710896400000,74.9
1710900000000,75.7
1710903600000,76.36
1710907200000,80.9
1710910800000,116.0
1710914400000,116.24
1710918000000,98.33
1710921600000,70.63
1710925200000,66.0
1710928800000,65.39
1710932400000,61.43
1710936000000,63.95
1710939600000,64.35
1710943200000,70.78
1710946800000,87.07
1710950400000,119.68
1710954000000,168.54
1710957600000,159.05
1710961200000,124.95
1710964800000,106.52
1710968400000,96.07
1710972000000,79.98
1710975600000,76.18
1710979200000,73.37
1710982800000,71.55
1710986400000,71.32
1710990000000,71.0
1710993600000,73.51
1710997200000,89.26
1711000800000,98.21
1711004400000,102.29
1711008000000,80.0
1711011600000,72.41
1711015200000,68.03
1711018800000,64.64
1711022400000,59.96
1711026000000,66.85
1711029600000,66.28
1711033200000,75.27
1711036800000,100.9
1711040400000,127.13
1711044000000,122.85
1711047600000,94.04
1711051200000,79.6
1711054800000,77.48
1711058400000,71.23
1711062000000,56.34
1711065600000,52.24
1711069200000,49.69
1711072800000,51.83
1711076400000,52.8
1711080000000,59.89
1711083600000,74.1
1711087200000,67.39
1711090800000,68.09
1711094400000,56.32
1711098000000,51.81
1711101600000,49.85
1711105200000,49.76
1711108800000,51.49
1711112400000,52.39
1711116000000,59.97
1711119600000,76.87
1711123200000,88.98
1711126800000,121.59
1711130400000,118.71
1711134000000,95.0
1711137600000,82.25
1711141200000,80.15
1711144800000,77.47
1711148400000,77.77
1711152000000,72.47
1711155600000,65.92
1711159200000,63.98
1711162800000,59.84
1711166400000,61.44
1711170000000,58.34
1711173600000,52.82
1711177200000,39.12
1711180800000,13.2
1711184400000,0.02
1711188000000,-0.05
1711191600000,-1.94
1711195200000,-5.71
1711198800000,-8.45
1711202400000,-1.46
1711206000000,0.07
1711209600000,47.8
1711213200000,70.09
1711216800000,69.15
1711220400000,52.94
1711224000000,45.84
1711227600000,40.28
1711231200000,28.39
1711234800000,32.1
1711238400000,13.28
1711242000000,10.13
1711245600000,17.0
1711249200000,19.92
1711252800000,26.82
1711256400000,14.87
1711260000000,1.96
1711263600000,0.0
1711267200000,0.0
1711270800000,0.0
1711274400000,0.0
1711278000000,0.0
1711281600000,0.0
1711285200000,0.0
1711288800000,0.0
1711292400000,16.69
1711296000000,59.4
1711299600000,75.0
1711303200000,74.9
1711306800000,66.9
1711310400000,64.77
1711314000000,64.27
1711317600000,62.97
1711321200000,62.51
1711324800000,62.29
1711328400000,62.48
1711332000000,64.51
1711335600000,66.96
1711339200000,77.14
1711342800000,88.43
1711346400000,113.87
1711350000000,99.68
1711353600000,77.43
1711357200000,70.05
1711360800000,63.66
1711364400000,61.85
1711368000000,63.22
1711371600000,64.52
1711375200000,73.97
1711378800000,81.05
1711382400000,111.88
1711386000000,174.7
1711389600000,149.75
1711393200000,102.73
1711396800000,82.39
1711400400000,79.56
1711404000000,74.74
1711407600000,79.9
1711411200000,73.3
1711414800000,68.91
1711418400000,67.98
1711422000000,70.07
1711425600000,72.28
1711429200000,80.38
1711432800000,79.2
1711436400000,72.1
1711440000000,62.0
1711443600000,49.5
1711447200000,37.03
1711450800000,11.49
1711454400000,27.35
1711458000000,37.1
1711461600000,51.93
1711465200000,68.06
1711468800000,81.05
1711472400000,100.75
1711476000000,100.3
1711479600000,80.0
1711483200000,77.05
1711486800000,72.82
1711490400000,66.92
1711494000000,58.35
1711497600000,57.09
1711501200000,57.28
1711504800000,57.79
1711508400000,60.03
1711512000000,72.38
1711515600000,81.17
1711519200000,82.78
1711522800000,80.01
1711526400000,68.12
1711530000000,63.9
1711533600000,57.13
1711537200000,57.66
1711540800000,60.0
1711544400000,67.8
1711548000000,78.93
1711551600000,84.14
1711555200000,100.53
1711558800000,125.93
1711562400000,118.94
1711566000000,99.42
1711569600000,84.25
1711573200000,83.02
1711576800000,74.47
1711580400000,79.09
1711584000000,72.6
1711587600000,65.24
1711591200000,64.41
1711594800000,66.69
1711598400000,71.6
1711602000000,82.07
1711605600000,83.19
1711609200000,80.92
1711612800000,63.24
1711616400000,47.07
1711620000000,37.0
1711623600000,6.74
1711627200000,0.05
1711630800000,0.04
1711634400000,9.82
1711638000000,33.17
1711641600000,52.72
1711645200000,73.97
1711648800000,70.33
1711652400000,62.54
1711656000000,51.83
1711659600000,33.05
1711663200000,25.0
1711666800000,20.6
1711670400000,18.83
1711674000000,12.43
1711677600000,10.24
1711681200000,12.59
1711684800000,14.32
1711688400000,22.02
1711692000000,22.39
1711695600000,15.94
1711699200000,13.28
1711702800000,16.88
1711706400000,18.83
1711710000000,13.0
1711713600000,9.86
1711717200000,13.44
1711720800000,21.58
1711724400000,49.5
1711728000000,79.93
1711731600000,101.97
1711735200000,105.45
1711738800000,87.4
1711742400000,79.93
1711746000000,75.89
1711749600000,70.0
1711753200000,69.3
1711756800000,58.16
1711760400000,58.88
1711764000000,58.95
1711767600000,59.23
1711771200000,65.05
1711774800000,58.57
1711778400000,47.79
1711782000000,45.23
1711785600000,43.38
1711789200000,34.49
1711792800000,23.21
1711796400000,14.76
1711800000000,6.85
1711803600000,15.87
1711807200000,34.2
1711810800000,52.52
1711814400000,77.75
1711818000000,88.11
1711821600000,83.53
1711825200000,74.11
1711828800000,71.47
1711832400000,70.83
1711836000000,65.74
1711839600000,75.7
1711843200000,66.71
1711846800000,64.98
1711850400000,60.48
1711854000000,58.74
1711857600000,64.46
1711861200000,71.51
1711864800000,65.03
1711868400000,50.32
1711872000000,41.03
1711875600000,29.52
1711879200000,19.85
1711882800000,3.06
1711886400000,1.03
1711890000000,15.27
1711893600000,41.07
1711897200000,66.74
1711900800000,89.32
1711904400000,117.29
1711908000000,83.72
1711911600000,70.0
1711915200000,64.51
1711918800000,54.9
1711922400000,49.95
1711926000000,48.98
1711929600000,46.06
1711933200000,43.58
1711936800000,49.4
1711940400000,52.35
1711944000000,58.71
1711947600000,64.49
1711951200000,58.71
1711954800000,60.89
1711958400000,54.36
1711962000000,35.39
1711965600000,13.04
1711969200000,0.03
1711972800000,-0.01
1711976400000,-0.01
1711980000000,-0.01
1711983600000,5.79
1711987200000,41.97
1711990800000,48.53
1711994400000,49.88
1711998000000,45.69
1712001600000,25.97
1712005200000,7.47
1712008800000,7.97
1712012400000,1.28
1712016000000,0.61
1712019600000,0.87
1712023200000,1.94
1712026800000,7.27
1712030400000,57.22
1712034000000,74.36
1712037600000,68.93
1712041200000,46.98
1712044800000,2.66
1712048400000,-0.06
1712052000000,-1.09
1712055600000,-0.97
1712059200000,-0.07
1712062800000,0.0
1712066400000,4.31
1712070000000,41.46
1712073600000,72.7
1712077200000,95.39
1712080800000,94.88
1712084400000,78.13
1712088000000,74.86
1712091600000,70.88
1712095200000,74.13
1712098800000,71.75
1712102400000,70.05
1712106000000,72.51
1712109600000,72.34
1712113200000,78.71
1712116800000,94.91
1712120400000,117.93
1712124000000,117.93
1712127600000,100.98
1712131200000,107.35
1712134800000,90.81
1712138400000,82.03
1712142000000,76.88
1712145600000,73.04
1712149200000,73.07
1712152800000,76.7
1712156400000,92.44
1712160000000,108.14
1712163600000,123.3
1712167200000,101.58
1712170800000,80.97
1712174400000,75.51
1712178000000,63.89
1712181600000,54.52
1712185200000,52.01
1712188800000,50.17
1712192400000,51.57
1712196000000,51.94
1712199600000,55.1
1712203200000,67.52
1712206800000,79.16
1712210400000,77.18
1712214000000,71.94
1712217600000,69.45
1712221200000,63.06
1712224800000,58.08
1712228400000,56.22
1712232000000,55.49
1712235600000,56.17
1712239200000,57.08
1712242800000,69.08
1712246400000,75.36
1712250000000,90.66
1712253600000,80.58
1712257200000,73.29
1712260800000,71.47
1712264400000,61.53
1712268000000,62.72
1712271600000,59.08
1712275200000,55.96
1712278800000,56.59
1712282400000,53.9
1712286000000,62.5
1712289600000,76.29
1712293200000,84.24
1712296800000,81.0
1712300400000,67.59
1712304000000,50.5
1712307600000,25.97
1712311200000,9.16
1712314800000,0.0
1712318400000,-0.1
1712322000000,0.05
1712325600000,8.09
1712329200000,37.46
1712332800000,49.65
1712336400000,55.94
1712340000000,55.64
1712343600000,54.71
1712347200000,56.13
1712350800000,55.07
1712354400000,43.08
1712358000000,45.01
1712361600000,46.89
1712365200000,47.56
1712368800000,50.65
1712372400000,54.88
1712376000000,58.73
1712379600000,59.87
1712383200000,59.24
1712386800000,48.94
1712390400000,29.42
1712394000000,-0.73
1712397600000,-16.4
1712401200000,-59.92
1712404800000,-57.59
1712408400000,-34.61
1712412000000,-4.66
1712415600000,15.81
1712419200000,67.56
1712422800000,73.99
1712426400000,68.65
1712430000000,46.46
1712433600000,45.07
1712437200000,25.88
1712440800000,10.97
1712444400000,0.09
1712448000000,0.0
1712451600000,0.0
1712455200000,0.0
1712458800000,0.0
1712462400000,0.0
1712466000000,0.0
1712469600000,0.0
1712473200000,-0.01
1712476800000,-0.16
1712480400000,-3.25
1712484000000,-9.94
1712487600000,-26.79
1712491200000,-20.06
1712494800000,-5.04
1712498400000,-0.16
1712502000000,6.92
1712505600000,91.46
1712509200000,108.39
1712512800000,106.4
1712516400000,89.95
1712520000000,77.46
1712523600000,72.06
1712527200000,70.77
1712530800000,70.71
1712534400000,68.12
1712538000000,70.71
1712541600000,71.57
1712545200000,77.44
1712548800000,101.99
1712552400000,149.78
1712556000000,128.52
1712559600000,85.51
1712563200000,80.6
1712566800000,71.23
1712570400000,64.7
1712574000000,60.0
1712577600000,57.89
1712581200000,63.4
1712584800000,70.0
1712588400000,75.01
1712592000000,104.9
1712595600000,137.3
1712599200000,124.8
1712602800000,84.85
1712606400000,77.0
1712610000000,70.19
1712613600000,78.21
1712617200000,69.39
1712620800000,64.73
1712624400000,59.95
1712628000000,62.48
1712631600000,68.34
1712635200000,86.69
1712638800000,90.9
1712642400000,79.78
1712646000000,68.3
1712649600000,51.6
1712653200000,43.98
1712656800000,36.05
1712660400000,10.09
1712664000000,10.5
1712667600000,29.04
1712671200000,38.27
1712674800000,50.15
1712678400000,65.9
1712682000000,81.75
1712685600000,81.74
1712689200000,67.98
1712692800000,60.51
1712696400000,35.49
1712700000000,22.89
1712703600000,5.95
1712707200000,6.19
1712710800000,8.99
1712714400000,26.3
1712718000000,50.03
1712721600000,75.91
1712725200000,99.63
1712728800000,106.02
1712732400000,80.46
1712736000000,67.66
1712739600000,56.05
1712743200000,55.62
1712746800000,30.32
1712750400000,31.29
1712754000000,55.35
1712757600000,62.91
1712761200000,75.32
1712764800000,100.83
1712768400000,191.15
1712772000000,191.19
1712775600000,115.59
1712779200000,86.1
1712782800000,76.1
1712786400000,72.58
1712790000000,67.36
1712793600000,62.24
1712797200000,58.81
1712800800000,59.08
1712804400000,55.57
1712808000000,74.63
1712811600000,68.8
1712815200000,52.2
1712818800000,30.0
1712822400000,10.05
1712826000000,0.86
1712829600000,0.91
1712833200000,1.1
1712836800000,0.57
1712840400000,29.57
1712844000000,59.74
1712847600000,76.74
1712851200000,100.7
1712854800000,134.36
1712858400000,137.82
1712862000000,98.79
1712865600000,82.42
1712869200000,76.51
1712872800000,75.71
1712876400000,71.74
1712880000000,68.89
1712883600000,69.26
1712887200000,69.52
1712890800000,77.53
1712894400000,91.23
1712898000000,97.0
1712901600000,86.83
1712905200000,70.98
1712908800000,42.86
1712912400000,18.86
1712916000000,0.0
1712919600000,-0.07
1712923200000,0.01
1712926800000,0.18
1712930400000,0.22
1712934000000,57.37
1712937600000,81.93
1712941200000,125.95
1712944800000,124.13
1712948400000,86.6
1712952000000,77.99
1712955600000,68.1
1712959200000,60.22
1712962800000,49.07
1712966400000,24.41
1712970000000,19.41
1712973600000,19.95
1712977200000,25.32
1712980800000,30.18
1712984400000,35.26
1712988000000,22.6
1712991600000,8.8
1712995200000,-0.02
1712998800000,-9.97
1713002400000,-25.96
1713006000000,-50.0
1713009600000,-55.01
1713013200000,-49.91
1713016800000,-19.16
1713020400000,-0.16
1713024000000,39.91
1713027600000,73.44
1713031200000,65.78
1713034800000,39.35
1713038400000,21.11
1713042000000,7.05
1713045600000,0.43
1713049200000,0.83
1713052800000,0.93
1713056400000,1.13
1713060000000,2.34
1713063600000,5.95
1713067200000,12.86
1713070800000,13.0
1713074400000,7.41
1713078000000,0.0
1713081600000,-2.37
1713085200000,-12.17
1713088800000,-42.27
1713092400000,-60.05
1713096000000,-60.07
1713099600000,-40.05
1713103200000,-6.25
1713106800000,1.57
1713110400000,67.23
1713114000000,87.8
1713117600000,119.91
1713121200000,112.61
1713124800000,103.95
1713128400000,87.24
1713132000000,81.96
1713135600000,81.26
1713139200000,77.54
1713142800000,78.18
1713146400000,75.23
1713150000000,86.74
1713153600000,115.73
1713157200000,169.15
1713160800000,153.24
1713164400000,91.56
1713168000000,80.55
1713171600000,63.15
1713175200000,44.15
1713178800000,31.74
1713182400000,12.96
1713186000000,7.8
1713189600000,7.99
1713193200000,46.3
1713196800000,69.2
1713200400000,78.92
1713204000000,77.02
1713207600000,66.31
1713211200000,53.77
1713214800000,34.17
1713218400000,2.02
1713222000000,0.04
1713225600000,0.14
1713229200000,0.73
1713232800000,17.47
1713236400000,36.22
1713240000000,63.14
1713243600000,74.26
1713247200000,74.26
1713250800000,64.81
1713254400000,51.03
1713258000000,42.64
1713261600000,40.0
1713265200000,40.22
1713268800000,42.08
1713272400000,48.53
1713276000000,62.84
1713279600000,79.67
1713283200000,92.92
1713286800000,113.99
1713290400000,124.52
1713294000000,104.46
1713297600000,90.1
1713301200000,84.1
1713304800000,83.84
1713308400000,83.84
1713312000000,81.35
1713315600000,82.4
1713319200000,82.96
1713322800000,83.73
1713326400000,109.39
1713330000000,169.97
1713333600000,155.17
1713337200000,104.62
1713340800000,83.9
1713344400000,79.9
1713348000000,82.98
1713351600000,80.82
1713355200000,77.71
1713358800000,77.03
1713362400000,80.0
1713366000000,86.9
1713369600000,114.97
1713373200000,159.92
1713376800000,169.9
1713380400000,130.06
1713384000000,99.04
1713387600000,87.81
1713391200000,91.83
1713394800000,87.42
1713398400000,88.53
1713402000000,87.76
1713405600000,89.61
1713409200000,93.47
1713412800000,121.88
1713416400000,155.8
1713420000000,131.19
1713423600000,101.12
1713427200000,90.21
1713430800000,83.87
1713434400000,80.64
1713438000000,77.2
1713441600000,73.01
1713445200000,70.7
1713448800000,70.88
1713452400000,81.33
1713456000000,94.03
1713459600000,125.24
1713463200000,128.83
1713466800000,105.92
1713470400000,89.89
1713474000000,79.37
1713477600000,77.21
1713481200000,60.83
1713484800000,50.53
1713488400000,49.47
1713492000000,47.97
1713495600000,49.08
1713499200000,60.12
1713502800000,69.04
1713506400000,76.0
1713510000000,68.3
1713513600000,60.2
1713517200000,56.08
1713520800000,50.91
1713524400000,47.0
1713528000000,44.94
1713531600000,44.56
1713535200000,50.91
1713538800000,58.77
1713542400000,63.49
1713546000000,65.32
1713549600000,66.28
1713553200000,66.2
1713556800000,65.27
1713560400000,63.15
1713564000000,60.24
1713567600000,57.97
1713571200000,57.33
1713574800000,57.75
1713578400000,61.04
1713582000000,62.83
1713585600000,63.92
1713589200000,67.98
1713592800000,65.04
1713596400000,59.9
1713600000000,50.05
1713603600000,38.43
1713607200000,28.97
1713610800000,12.33
1713614400000,10.55
1713618000000,18.33
1713621600000,37.41
1713625200000,62.83
1713628800000,78.9
1713632400000,89.61
1713636000000,97.04
1713639600000,90.31
1713643200000,86.07
1713646800000,82.9
1713650400000,81.85
1713654000000,70.59
1713657600000,69.53
1713661200000,64.4
1713664800000,63.88
1713668400000,63.62
1713672000000,64.43
1713675600000,60.53
1713679200000,60.88
1713682800000,55.38
1713686400000,32.99
1713690000000,36.96
1713693600000,6.06
1713697200000,0.28
1713700800000,-0.9
1713704400000,0.75
1713708000000,6.01
1713711600000,58.22
1713715200000,74.6
1713718800000,89.36
1713722400000,95.26
1713726000000,91.07
1713729600000,89.41
1713733200000,88.46
1713736800000,78.97
1713740400000,78.05
1713744000000,78.44
1713747600000,79.92
1713751200000,79.79
1713754800000,87.5
1713758400000,105.9
1713762000000,130.79
1713765600000,117.46
1713769200000,97.05
1713772800000,81.86
1713776400000,81.24
1713780000000,77.05
1713783600000,73.67
1713787200000,74.17
1713790800000,78.48
1713794400000,81.57
1713798000000,96.79
1713801600000,118.2
1713805200000,164.05
1713808800000,170.96
1713812400000,130.05
1713816000000,105.77
1713819600000,96.99
1713823200000,88.32
1713826800000,86.69
1713830400000,85.95
1713834000000,85.42
1713837600000,86.35
1713841200000,97.69
1713844800000,121.4
1713848400000,181.26
1713852000000,136.28
1713855600000,98.38
1713859200000,82.87
1713862800000,77.26
1713866400000,77.46
1713870000000,79.38
1713873600000,78.62
1713877200000,80.02
1713880800000,83.02
1713884400000,89.97
1713888000000,102.4
1713891600000,123.01
1713895200000,125.07
1713898800000,105.1
1713902400000,92.73
1713906000000,81.55
1713909600000,81.8
1713913200000,77.97
1713916800000,77.16
1713920400000,74.86
1713924000000,77.37
1713927600000,81.83
1713931200000,101.66
1713934800000,128.17
1713938400000,107.07
1713942000000,91.81
1713945600000,90.74
1713949200000,88.35
1713952800000,82.6
1713956400000,80.09
1713960000000,76.53
1713963600000,80.71
1713967200000,81.12
1713970800000,86.6
1713974400000,101.54
1713978000000,135.2
1713981600000,143.44
1713985200000,121.16
1713988800000,105.31
1713992400000,90.21
1713996000000,83.5
1713999600000,80.0
1714003200000,77.37
1714006800000,76.05
1714010400000,75.24
1714014000000,84.02
1714017600000,102.44
1714021200000,129.05
1714024800000,112.71
1714028400000,92.1
1714032000000,80.01
1714035600000,78.2
1714039200000,73.92
1714042800000,68.67
1714046400000,66.41
1714050000000,69.32
1714053600000,72.81
1714057200000,79.88
1714060800000,95.17
1714064400000,141.09
1714068000000,152.29
1714071600000,113.71
1714075200000,91.35
1714078800000,79.74
1714082400000,79.87
1714086000000,74.0
1714089600000,74.7
1714093200000,74.07
1714096800000,77.1
1714100400000,83.69
1714104000000,93.5
1714107600000,104.06
1714111200000,96.06
1714114800000,81.08
1714118400000,77.81
1714122000000,72.95
1714125600000,70.35
1714129200000,68.74
1714132800000,65.37
1714136400000,69.92
1714140000000,71.7
1714143600000,80.46
1714147200000,94.78
1714150800000,131.9
1714154400000,141.58
1714158000000,110.0
1714161600000,92.71
1714165200000,88.26
1714168800000,90.29
1714172400000,88.9
1714176000000,86.59
1714179600000,89.03
1714183200000,87.69
1714186800000,85.68
1714190400000,86.08
1714194000000,79.04
1714197600000,68.65
1714201200000,59.07
1714204800000,36.02
1714208400000,8.43
1714212000000,0.03
1714215600000,-0.06
1714219200000,0.0
1714222800000,0.0
1714226400000,19.95
1714230000000,62.18
1714233600000,86.18
1714237200000,119.9
1714240800000,112.27
1714244400000,85.0
1714248000000,75.9
1714251600000,65.23
1714255200000,56.39
1714258800000,46.14
1714262400000,39.6
1714266000000,31.55
1714269600000,27.6
1714273200000,26.05
1714276800000,9.92
1714280400000,0.1
1714284000000,-0.07
1714287600000,-1.02
1714291200000,-16.63
1714294800000,-36.72
1714298400000,-60.05
1714302000000,-60.09
1714305600000,-65.06
1714309200000,-52.43
1714312800000,-23.45
1714316400000,-0.02
1714320000000,25.38
1714323600000,69.36
1714327200000,77.45
1714330800000,78.56
1714334400000,72.21
1714338000000,66.94
1714341600000,63.15
1714345200000,60.05
1714348800000,58.93
1714352400000,62.46
1714356000000,76.82
1714359600000,85.18
1714363200000,102.38
1714366800000,117.95
1714370400000,100.69
1714374000000,75.17
1714377600000,59.21
1714381200000,36.46
1714384800000,36.18
1714388400000,35.59
1714392000000,33.63
1714395600000,35.57
1714399200000,47.68
1714402800000,85.75
1714406400000,104.73
1714410000000,180.04
1714413600000,204.57
1714417200000,108.55
1714420800000,87.29
1714424400000,81.15
1714428000000,73.76
1714431600000,66.77
1714435200000,70.41
1714438800000,70.0
1714442400000,70.0
1714446000000,78.77
1714449600000,94.95
1714453200000,101.95
1714456800000,88.46
1714460400000,77.0
1714464000000,62.06
1714467600000,47.1
1714471200000,28.05
1714474800000,11.3
1714478400000,10.0
1714482000000,19.14
1714485600000,45.84
1714489200000,66.95
1714492800000,86.2
1714496400000,122.01
1714500000000,132.41
1714503600000,88.37
1714507200000,77.97
1714510800000,75.69
1714514400000,66.81
1714518000000,55.09
1714521600000,50.31
1714525200000,43.99
1714528800000,47.81
1714532400000,44.69
1714536000000,42.48
1714539600000,28.08
1714543200000,8.45
1714546800000,0.01
1714550400000,-0.97
1714554000000,-40.05
1714557600000,-91.9
1714561200000,-120.0
1714564800000,-120.07
1714568400000,-79.98
1714572000000,-30.01
1714575600000,-1.14
1714579200000,15.32
1714582800000,50.4
1714586400000,50.0
1714590000000,34.01
1714593600000,29.92
1714597200000,22.0
1714600800000,14.56
1714604400000,10.94
1714608000000,10.0
1714611600000,7.8
1714615200000,10.63
1714618800000,32.06
1714622400000,72.72
1714626000000,78.28
1714629600000,62.9
1714633200000,31.45
1714636800000,5.1
1714640400000,-0.08
1714644000000,-1.73
1714647600000,-4.19
1714651200000,-0.05
1714654800000,-1.39
1714658400000,4.04
1714662000000,55.16
1714665600000,81.22
1714669200000,87.96
1714672800000,85.14
1714676400000,82.31
1714680000000,78.21
1714683600000,71.02
1714687200000,61.9
1714690800000,59.14
1714694400000,57.95
1714698000000,58.5
1714701600000,59.14
1714705200000,69.17
1714708800000,83.76
1714712400000,85.47
1714716000000,92.31
1714719600000,88.25
1714723200000,77.95
1714726800000,72.58
1714730400000,64.11
1714734000000,59.33
1714737600000,60.05
1714741200000,64.69
1714744800000,72.29
1714748400000,79.55
1714752000000,88.89
1714755600000,105.49
1714759200000,119.94
1714762800000,107.95
1714766400000,93.46
1714770000000,85.56
1714773600000,90.8
1714777200000,87.79
1714780800000,86.26
1714784400000,87.72
1714788000000,90.64
1714791600000,98.34
1714795200000,94.19
1714798800000,90.02
1714802400000,78.48
1714806000000,62.38
1714809600000,41.17
1714813200000,31.18
1714816800000,24.93
1714820400000,14.53
1714824000000,13.34
1714827600000,26.03
1714831200000,63.62
1714834800000,79.36
1714838400000,98.01
1714842000000,121.92
1714845600000,135.4
1714849200000,113.56
1714852800000,90.26
1714856400000,83.6
1714860000000,90.58
1714863600000,84.82
1714867200000,83.52
1714870800000,80.49
1714874400000,74.74
1714878000000,71.13
1714881600000,62.16
1714885200000,55.08
1714888800000,41.33
1714892400000,26.12
1714896000000,8.85
1714899600000,0.44
1714903200000,0.0
1714906800000,-0.04
1714910400000,-0.97
1714914000000,-0.1
1714917600000,0.0
1714921200000,32.0
1714924800000,86.5
1714928400000,96.24
1714932000000,111.92
1714935600000,107.53
1714939200000,98.74
1714942800000,88.67
1714946400000,82.86
1714950000000,79.59
1714953600000,80.41
1714957200000,79.95
1714960800000,81.69
1714964400000,88.78
1714968000000,107.09
1714971600000,130.26
1714975200000,101.35
1714978800000,89.0
1714982400000,81.11
1714986000000,76.23
1714989600000,76.26
1714993200000,74.71
1714996800000,74.89
1715000400000,81.11
1715004000000,81.62
1715007600000,93.36
1715011200000,108.37
1715014800000,136.65
1715018400000,143.99
1715022000000,107.98
1715025600000,94.58
1715029200000,84.42
1715032800000,81.73
1715036400000,79.17
1715040000000,77.23
1715043600000,79.99
1715047200000,80.08
1715050800000,82.06
1715054400000,98.84
1715058000000,121.7
1715061600000,112.66
1715065200000,91.75
1715068800000,85.21
1715072400000,81.08
1715076000000,74.73
1715079600000,70.43
1715083200000,65.53
1715086800000,74.05
1715090400000,83.12
1715094000000,90.82
1715097600000,105.86
1715101200000,133.85
1715104800000,151.05
1715108400000,122.04
1715112000000,101.7
1715115600000,88.22
1715119200000,83.97
1715122800000,80.84
1715126400000,80.88
1715130000000,82.47
1715133600000,82.48
1715137200000,89.59
1715140800000,107.48
1715144400000,118.96
1715148000000,110.12
1715151600000,92.41
1715155200000,85.4
1715158800000,79.48
1715162400000,72.93
1715166000000,68.79
1715169600000,66.58
1715173200000,66.95
1715176800000,75.72
1715180400000,91.1
1715184000000,106.5
1715187600000,127.54
1715191200000,134.42
1715194800000,114.65
1715198400000,96.54
1715202000000,87.96
1715205600000,87.6
1715209200000,88.06
1715212800000,82.97
1715216400000,82.95
1715220000000,88.83
1715223600000,90.39
1715227200000,88.13
1715230800000,80.65
1715234400000,65.53
1715238000000,23.34
1715241600000,5.07
1715245200000,-0.52
1715248800000,-0.88
1715252400000,-1.35
1715256000000,-2.03
1715259600000,-0.93
1715263200000,0.68
1715266800000,64.48
1715270400000,89.72
1715274000000,107.85
1715277600000,132.79
1715281200000,123.67
1715284800000,99.94
1715288400000,87.75
1715292000000,92.13
1715295600000,84.93
1715299200000,77.07
1715302800000,74.48
1715306400000,74.78
1715310000000,90.45
1715313600000,115.2
1715317200000,109.47
1715320800000,95.6
1715324400000,67.39
1715328000000,20.84
1715331600000,2.87
1715335200000,0.52
1715338800000,0.02
1715342400000,0.02
1715346000000,20.42
1715349600000,65.46
1715353200000,85.88
1715356800000,105.91
1715360400000,136.26
1715364000000,170.72
1715367600000,136.31
1715371200000,104.87
1715374800000,92.16
1715378400000,96.76
1715382000000,94.18
1715385600000,90.03
1715389200000,89.09
1715392800000,89.91
1715396400000,90.7
1715400000000,86.72
1715403600000,79.84
1715407200000,56.47
1715410800000,6.8
1715414400000,0.0
1715418000000,-10.47
1715421600000,-21.21
1715425200000,-21.99
1715428800000,-24.23
1715432400000,-11.46
1715436000000,-0.41
1715439600000,32.77
1715443200000,81.83
1715446800000,101.68
1715450400000,122.5
1715454000000,103.48
1715457600000,86.26
1715461200000,68.37
1715464800000,65.49
1715468400000,54.5
1715472000000,44.52
1715475600000,41.22
1715479200000,46.33
1715482800000,43.5
1715486400000,17.61
1715490000000,4.79
1715493600000,2.35
1715497200000,-2.8
1715500800000,-25.0
1715504400000,-69.64
1715508000000,-100.06
1715511600000,-135.45
1715515200000,-132.85
1715518800000,-85.08
1715522400000,-30.0
1715526000000,-1.33
1715529600000,22.5
1715533200000,67.94
1715536800000,75.74
1715540400000,58.26
1715544000000,44.6
1715547600000,35.61
1715551200000,26.84
1715554800000,25.88
1715558400000,25.71
1715562000000,24.7
1715565600000,27.0
1715569200000,39.68
1715572800000,79.97
1715576400000,106.6
1715580000000,78.47
1715583600000,43.51
1715587200000,10.38
1715590800000,-0.97
1715594400000,-2.69
1715598000000,-2.27
1715601600000,-2.46
1715605200000,-0.73
1715608800000,0.07
1715612400000,55.01
1715616000000,83.12
1715619600000,146.18
1715623200000,139.0
1715626800000,88.7
1715630400000,69.55
1715634000000,52.7
1715637600000,48.58
1715641200000,43.43
1715644800000,35.35
1715648400000,34.08
1715652000000,28.89
1715655600000,52.35
1715659200000,71.88
1715662800000,77.33
1715666400000,51.5
1715670000000,5.64
1715673600000,-2.33
1715677200000,-11.12
1715680800000,-36.33
1715684400000,-42.95
1715688000000,-39.66
1715691600000,-19.86
1715695200000,-2.93
1715698800000,-0.04
1715702400000,43.74
1715706000000,83.9
1715709600000,93.47
1715713200000,76.41
1715716800000,45.35
1715720400000,27.71
1715724000000,30.56
1715727600000,32.34
1715731200000,39.38
1715734800000,41.8
1715738400000,37.96
1715742000000,52.87
1715745600000,85.01
1715749200000,88.16
1715752800000,84.45
1715756400000,48.42
1715760000000,7.36
1715763600000,-0.08
1715767200000,-9.95
1715770800000,-11.18
1715774400000,-9.91
1715778000000,-0.09
1715781600000,1.73
1715785200000,30.33
1715788800000,73.66
1715792400000,101.24
1715796000000,110.2
1715799600000,83.8
1715803200000,63.64
1715806800000,48.67
1715810400000,51.14
1715814000000,47.76
1715817600000,39.62
1715821200000,49.49
1715824800000,44.44
1715828400000,57.5
1715832000000,81.35
1715835600000,95.81
1715839200000,82.98
1715842800000,53.1
1715846400000,11.5
1715850000000,0.08
1715853600000,-0.02
1715857200000,-0.71
1715860800000,-0.16
1715864400000,0.01
1715868000000,10.0
1715871600000,44.95
1715875200000,74.96
1715878800000,96.06
1715882400000,109.91
1715886000000,87.89
1715889600000,82.57
1715893200000,69.18
1715896800000,69.52
1715900400000,63.2
1715904000000,63.22
1715907600000,62.48
1715911200000,64.39
1715914800000,63.24
1715918400000,83.73
1715922000000,99.94
1715925600000,94.71
1715929200000,73.9
1715932800000,64.46
1715936400000,57.41
1715940000000,38.11
1715943600000,28.24
1715947200000,31.6
1715950800000,37.5
1715954400000,52.09
1715958000000,70.54
1715961600000,69.88
1715965200000,94.95
1715968800000,107.94
1715972400000,95.22
1715976000000,89.39
1715979600000,80.65
1715983200000,67.55
1715986800000,63.61
1715990400000,63.82
1715994000000,65.18
1715997600000,69.01
1716001200000,72.51
1716004800000,71.86
1716008400000,70.39
1716012000000,63.86
1716015600000,47.36
1716019200000,9.43
1716022800000,0.71
1716026400000,-0.02
1716030000000,-1.3
1716033600000,-2.79
1716037200000,-1.92
1716040800000,-0.04
1716044400000,50.66
1716048000000,81.91
1716051600000,109.94
1716055200000,131.66
1716058800000,122.78
1716062400000,96.52
1716066000000,86.6
1716069600000,90.69
1716073200000,89.06
1716076800000,88.66
1716080400000,86.91
1716084000000,86.13
1716087600000,80.56
1716091200000,75.57
1716094800000,70.24
1716098400000,46.96
1716102000000,5.6
1716105600000,-0.03
1716109200000,-0.18
1716112800000,-2.06
1716116400000,-7.41
1716120000000,-15.13
1716123600000,-10.0
1716127200000,-3.79
1716130800000,-0.06
1716134400000,64.17
1716138000000,89.59
1716141600000,113.66
1716145200000,122.86
1716148800000,101.93
1716152400000,86.14
1716156000000,91.09
1716159600000,82.64
1716163200000,86.73
1716166800000,86.09
1716170400000,88.21
1716174000000,91.46
1716177600000,104.72
1716181200000,105.69
1716184800000,72.24
1716188400000,32.8
1716192000000,12.41
1716195600000,6.06
1716199200000,2.41
1716202800000,0.0
1716206400000,-0.33
1716210000000,-0.07
1716213600000,0.89
1716217200000,64.17
1716220800000,85.94
1716224400000,113.63
1716228000000,135.9
1716231600000,120.33
1716235200000,96.63
1716238800000,79.86
1716242400000,81.46
1716246000000,76.4
1716249600000,76.21
1716253200000,77.92
1716256800000,74.93
1716260400000,79.58
1716264000000,112.26
1716267600000,122.98
1716271200000,97.35
1716274800000,81.86
1716278400000,66.98
1716282000000,54.42
1716285600000,28.47
1716289200000,31.34
1716292800000,54.09
1716296400000,69.65
1716300000000,79.61
1716303600000,87.98
1716307200000,103.44
1716310800000,126.98
1716314400000,99.07
1716318000000,83.58
1716321600000,83.05
1716325200000,65.91
1716328800000,70.03
1716332400000,66.4
1716336000000,64.9
1716339600000,54.12
1716343200000,62.66
1716346800000,70.2
1716350400000,98.14
1716354000000,103.12
1716357600000,94.98
1716361200000,81.21
1716364800000,70.0
1716368400000,69.78
1716372000000,65.65
1716375600000,56.91
1716379200000,56.14
1716382800000,67.17
1716386400000,77.61
1716390000000,92.45
1716393600000,99.98
1716397200000,147.02
1716400800000,154.88
1716404400000,135.99
1716408000000,107.71
1716411600000,93.22
1716415200000,79.27
1716418800000,78.45
1716422400000,74.93
1716426000000,76.68
1716429600000,78.65
1716433200000,84.8
1716436800000,107.98
1716440400000,118.0
1716444000000,97.84
1716447600000,75.65
1716451200000,74.89
1716454800000,64.1
1716458400000,52.5
1716462000000,45.31
1716465600000,56.98
1716469200000,71.4
1716472800000,83.77
1716476400000,96.64
1716480000000,111.49
1716483600000,156.28
1716487200000,180.06
1716490800000,155.98
1716494400000,126.15
1716498000000,105.03
1716501600000,103.17
1716505200000,94.12
1716508800000,89.79
1716512400000,88.22
1716516000000,91.8
1716519600000,103.23
1716523200000,123.84
1716526800000,122.07
1716530400000,115.9
1716534000000,106.1
1716537600000,96.16
1716541200000,90.07
1716544800000,88.98
1716548400000,87.74
1716552000000,88.12
1716555600000,88.18
1716559200000,84.27
1716562800000,98.79
1716566400000,111.77
1716570000000,129.99
1716573600000,125.0
1716577200000,115.84
1716580800000,109.67
1716584400000,99.84
1716588000000,94.88
1716591600000,91.83
1716595200000,90.43
1716598800000,89.16
1716602400000,89.03
1716606000000,90.26
1716609600000,90.68
1716613200000,86.23
1716616800000,78.58
1716620400000,74.75
1716624000000,54.23
1716627600000,9.34
1716631200000,3.24
1716634800000,0.04
1716638400000,0.0
1716642000000,0.02
1716645600000,14.23
1716649200000,76.04
1716652800000,96.23
1716656400000,115.77
1716660000000,131.92
1716663600000,136.95
1716667200000,115.77
1716670800000,104.54
1716674400000,107.36
1716678000000,98.3
1716681600000,90.77
1716685200000,90.1
1716688800000,91.16
1716692400000,88.61
1716696000000,83.49
1716699600000,71.9
1716703200000,13.25
1716706800000,0.02
1716710400000,0.0
1716714000000,-0.09
1716717600000,-2.12
1716721200000,-10.66
1716724800000,-23.88
1716728400000,-9.91
1716732000000,-0.6
1716735600000,57.0
1716739200000,93.26
1716742800000,118.08
1716746400000,118.74
1716750000000,121.1
1716753600000,106.94
1716757200000,87.5
1716760800000,78.34
1716764400000,75.07
1716768000000,74.44
1716771600000,74.43
1716775200000,77.87
1716778800000,84.04
1716782400000,112.94
1716786000000,128.74
1716789600000,124.55
1716793200000,107.22
1716796800000,88.44
1716800400000,86.26
1716804000000,77.34
1716807600000,74.46
1716811200000,72.96
1716814800000,77.78
1716818400000,84.66
1716822000000,111.04
1716825600000,131.4
1716829200000,186.68
1716832800000,221.46
1716836400000,169.86
1716840000000,131.4
1716843600000,113.78
1716847200000,97.78
1716850800000,90.5
1716854400000,87.64
1716858000000,85.22
1716861600000,83.96
1716865200000,88.04
1716868800000,110.34
1716872400000,120.1
1716876000000,102.23
1716879600000,85.43
1716883200000,72.52
1716886800000,69.17
1716890400000,61.1
1716894000000,55.25
1716897600000,55.27
1716901200000,65.66
1716904800000,72.52
1716908400000,85.8
1716912000000,102.28
1716915600000,130.05
1716919200000,144.31
1716922800000,124.0
1716926400000,100.09
1716930000000,88.78
1716933600000,72.22
1716937200000,57.54
1716940800000,54.28
1716944400000,50.59
1716948000000,49.83
1716951600000,45.91
1716955200000,72.15
1716958800000,86.45
1716962400000,91.52
1716966000000,69.11
1716969600000,67.85
1716973200000,62.12
1716976800000,59.07
1716980400000,62.25
1716984000000,62.18
1716987600000,69.49
1716991200000,72.67
1716994800000,89.23
1716998400000,94.66
1717002000000,111.44
1717005600000,140.5
1717009200000,143.26
1717012800000,120.39
1717016400000,95.53
1717020000000,100.43
1717023600000,96.2
1717027200000,91.21
1717030800000,93.63
1717034400000,94.56
1717038000000,100.79
1717041600000,103.37
1717045200000,106.67
1717048800000,97.71
1717052400000,93.9
1717056000000,85.0
1717059600000,80.0
1717063200000,70.92
1717066800000,62.97
1717070400000,62.97
1717074000000,67.69
1717077600000,83.75
1717081200000,90.13
1717084800000,110.67
1717088400000,135.23
1717092000000,154.73
1717095600000,143.45
1717099200000,112.11
1717102800000,100.71
1717106400000,96.21
1717110000000,80.71
1717113600000,79.49
1717117200000,73.71
1717120800000,74.53
1717124400000,90.06
1717128000000,106.27
1717131600000,109.11
1717135200000,108.72
1717138800000,102.36
1717142400000,91.97
1717146000000,82.02
1717149600000,74.91
1717153200000,68.5
1717156800000,65.3
1717160400000,66.94
1717164000000,75.07
1717167600000,84.1
1717171200000,94.46
1717174800000,107.94
1717178400000,115.0
1717182000000,107.91
1717185600000,101.74
1717189200000,84.18
1717192800000,88.58
1717196400000,88.82
1717200000000,79.66
1717203600000,72.14
1717207200000,71.87
1717210800000,71.83
1717214400000,75.2
1717218000000,74.4
1717221600000,72.49
1717225200000,61.35
1717228800000,47.16
1717232400000,41.86
1717236000000,21.21
1717239600000,7.44
1717243200000,2.92
1717246800000,5.8
1717250400000,13.0
1717254000000,52.08
1717257600000,67.5
1717261200000,81.9
1717264800000,85.86
1717268400000,81.76
1717272000000,84.48
1717275600000,65.39
1717279200000,35.71
1717282800000,31.12
1717286400000,15.85
1717290000000,7.22
1717293600000,8.96
1717297200000,5.13
1717300800000,4.91
1717304400000,4.11
1717308000000,0.97
1717311600000,0.0
1717315200000,1.56
1717318800000,0.77
1717322400000,-0.1
1717326000000,-4.01
1717329600000,-15.93
1717333200000,-19.58
1717336800000,-8.98
1717340400000,-1.27
1717344000000,13.95
1717347600000,67.23
1717351200000,94.99
1717354800000,106.93
1717358400000,109.01
1717362000000,99.16
1717365600000,98.26
1717369200000,84.58
1717372800000,83.67
1717376400000,83.81
1717380000000,82.17
1717383600000,96.17
1717387200000,133.28
1717390800000,193.06
1717394400000,164.48
1717398000000,128.08
1717401600000,99.05
1717405200000,95.9
1717408800000,81.09
1717412400000,74.9
1717416000000,67.3
1717419600000,72.02
1717423200000,78.0
1717426800000,105.95
1717430400000,127.32
1717434000000,182.91
1717437600000,215.28
1717441200000,198.79
1717444800000,149.29
1717448400000,116.04
1717452000000,106.87
1717455600000,99.98
1717459200000,95.42
1717462800000,92.94
1717466400000,92.25
1717470000000,104.69
1717473600000,162.0
1717477200000,177.66
1717480800000,141.68
1717484400000,112.37
1717488000000,91.6
1717491600000,81.31
1717495200000,67.34
1717498800000,55.27
1717502400000,43.86
1717506000000,47.06
1717509600000,64.03
1717513200000,84.88
1717516800000,116.22
1717520400000,176.78
1717524000000,235.52
1717527600000,140.68
1717531200000,107.34
1717534800000,75.81
1717538400000,56.85
1717542000000,43.93
1717545600000,44.55
1717549200000,50.05
1717552800000,48.09
1717556400000,71.19
1717560000000,103.55
1717563600000,142.76
1717567200000,112.92
1717570800000,84.16
1717574400000,69.93
1717578000000,62.03
1717581600000,48.4
1717585200000,30.17
1717588800000,26.3
1717592400000,30.06
1717596000000,62.57
1717599600000,80.43
1717603200000,105.09
1717606800000,126.97
1717610400000,155.9
1717614000000,158.02
1717617600000,141.47
1717621200000,105.99
1717624800000,93.24
1717628400000,89.92
1717632000000,85.86
1717635600000,85.35
1717639200000,88.25
1717642800000,98.97
1717646400000,123.9
1717650000000,127.92
1717653600000,96.83
1717657200000,71.89
1717660800000,57.8
1717664400000,30.25
1717668000000,24.33
1717671600000,19.5
1717675200000,24.23
1717678800000,37.65
1717682400000,62.11
1717686000000,80.67
1717689600000,89.92
1717693200000,115.69
1717696800000,163.98
1717700400000,167.72
1717704000000,132.45
1717707600000,104.39
1717711200000,101.0
1717714800000,96.13
1717718400000,91.7
1717722000000,87.53
1717725600000,84.25
1717729200000,91.9
1717732800000,113.95
1717736400000,119.05
1717740000000,102.76
1717743600000,78.56
1717747200000,60.66
1717750800000,41.39
1717754400000,33.91
1717758000000,25.36
1717761600000,17.41
1717765200000,13.08
1717768800000,25.57
1717772400000,64.56
1717776000000,85.21
1717779600000,128.58
1717783200000,154.75
1717786800000,153.85
1717790400000,126.88
1717794000000,97.45
1717797600000,98.36
1717801200000,90.04
1717804800000,83.31
1717808400000,83.53
1717812000000,79.64
1717815600000,82.11
1717819200000,79.38
1717822800000,62.82
1717826400000,42.2
1717830000000,12.24
1717833600000,-0.13
1717837200000,-2.27
1717840800000,-10.26
1717844400000,-23.7
1717848000000,-30.03
1717851600000,-20.62
1717855200000,-8.25
1717858800000,0.01
1717862400000,44.91
1717866000000,68.84
1717869600000,99.32
1717873200000,93.01
1717876800000,100.0
1717880400000,78.79
1717884000000,74.28
1717887600000,63.59
1717891200000,42.52
1717894800000,15.57
1717898400000,18.19
1717902000000,11.56
1717905600000,8.4
1717909200000,2.22
1717912800000,-0.08
1717916400000,-2.01
1717920000000,-7.6
1717923600000,-15.0
1717927200000,-25.0
1717930800000,-32.69
1717934400000,-37.14
1717938000000,-28.68
1717941600000,-5.84
1717945200000,-0.5
1717948800000,42.76
1717952400000,96.85
1717956000000,115.86
1717959600000,111.24
1717963200000,108.42
1717966800000,97.21
1717970400000,73.96
1717974000000,71.59
1717977600000,68.73
1717981200000,68.27
1717984800000,69.0
1717988400000,78.32
1717992000000,117.4
1717995600000,185.18
1717999200000,146.21
1718002800000,107.25
1718006400000,89.46
1718010000000,85.04
1718013600000,74.3
1718017200000,73.59
1718020800000,67.07
1718024400000,65.88
1718028000000,70.0
1718031600000,81.2
1718035200000,98.53
1718038800000,118.59
1718042400000,124.45
1718046000000,113.32
1718049600000,98.41
1718053200000,77.76
1718056800000,60.07
1718060400000,56.96
1718064000000,62.95
1718067600000,55.82
1718071200000,60.06
1718074800000,59.11
1718078400000,81.83
1718082000000,100.26
1718085600000,91.5
1718089200000,68.27
1718092800000,49.92
1718096400000,32.13
1718100000000,11.12
1718103600000,0.76
1718107200000,0.0
1718110800000,0.03
1718114400000,13.89
1718118000000,55.27
1718121600000,71.65
1718125200000,100.0
1718128800000,127.64
1718132400000,122.37
1718136000000,106.74
1718139600000,90.82
1718143200000,88.85
1718146800000,85.35
1718150400000,80.29
1718154000000,82.11
1718157600000,86.11
1718161200000,94.65
1718164800000,124.74
1718168400000,136.4
1718172000000,114.62
1718175600000,78.65
1718179200000,64.19
1718182800000,58.0
1718186400000,42.09
1718190000000,40.72
1718193600000,39.68
1718197200000,45.34
1718200800000,63.0
1718204400000,81.2
1718208000000,99.95
1718211600000,135.7
1718215200000,154.34
1718218800000,154.66
1718222400000,130.88
1718226000000,107.07
1718229600000,99.0
1718233200000,93.26
1718236800000,84.19
1718240400000,85.21
1718244000000,83.83
1718247600000,98.96
1718251200000,122.41
1718254800000,131.09
1718258400000,115.02
1718262000000,83.8
1718265600000,69.01
1718269200000,61.71
1718272800000,53.36
1718276400000,46.96
1718280000000,43.35
1718283600000,53.74
1718287200000,77.42
1718290800000,80.08
1718294400000,106.91
1718298000000,139.66
1718301600000,188.35
1718305200000,163.84
1718308800000,108.37
1718312400000,85.18
1718316000000,83.13
1718319600000,71.45
1718323200000,63.93
1718326800000,59.53
1718330400000,55.82
1718334000000,64.22
1718337600000,85.01
1718341200000,100.95
1718344800000,104.99
1718348400000,102.54
1718352000000,82.18
1718355600000,68.1
1718359200000,60.88
1718362800000,47.46
1718366400000,40.74
1718370000000,41.0
1718373600000,60.31
1718377200000,75.0
1718380800000,90.98
1718384400000,136.0
1718388000000,127.31
1718391600000,117.12
1718395200000,83.41
1718398800000,59.42
1718402400000,60.68
1718406000000,41.04
1718409600000,29.97
1718413200000,28.86
1718416800000,22.51
1718420400000,10.04
1718424000000,1.54
1718427600000,0.09
1718431200000,0.0
1718434800000,-0.06
1718438400000,-10.08
1718442000000,-29.04
1718445600000,-44.92
1718449200000,-65.46
1718452800000,-80.01
1718456400000,-56.23
1718460000000,-29.53
1718463600000,-4.84
1718467200000,-0.01
1718470800000,40.0
1718474400000,84.28
1718478000000,79.92
1718481600000,64.3
1718485200000,40.4
1718488800000,24.91
1718492400000,10.36
1718496000000,4.92
1718499600000,2.92
1718503200000,2.19
1718506800000,2.53
1718510400000,2.95
1718514000000,0.69
1718517600000,-0.02
1718521200000,-1.28
1718524800000,-10.0
1718528400000,-13.33
1718532000000,-20.01
1718535600000,-30.01
1718539200000,-35.67
1718542800000,-29.04
1718546400000,-10.14
1718550000000,-2.34
1718553600000,56.22
1718557200000,99.65
1718560800000,119.15
1718564400000,124.28
1718568000000,120.34
1718571600000,94.44
1718575200000,76.62
1718578800000,66.73
1718582400000,68.81
1718586000000,71.81
1718589600000,73.56
1718593200000,90.02
1718596800000,119.13
1718600400000,132.68
1718604000000,116.23
1718607600000,84.73
1718611200000,62.11
1718614800000,55.01
1718618400000,41.86
1718622000000,39.45
1718625600000,46.62
1718629200000,54.54
1718632800000,64.21
1718636400000,88.58
1718640000000,114.16
1718643600000,157.37
1718647200000,210.16
1718650800000,200.01
1718654400000,128.15
1718658000000,101.55
1718661600000,96.92
1718665200000,90.29
1718668800000,87.53
1718672400000,89.29
1718676000000,90.29
1718679600000,95.94
1718683200000,134.49
1718686800000,130.17
1718690400000,95.96
1718694000000,80.9
1718697600000,69.91
1718701200000,54.81
1718704800000,51.16
1718708400000,51.03
1718712000000,57.04
1718715600000,73.12
1718719200000,76.24
1718722800000,90.06
1718726400000,133.25
1718730000000,158.19
1718733600000,171.87
1718737200000,134.47
1718740800000,104.2
1718744400000,91.63
1718748000000,99.95
1718751600000,91.43
1718755200000,86.85
1718758800000,85.78
1718762400000,83.47
1718766000000,86.41
1718769600000,112.55
1718773200000,116.83
1718776800000,107.33
1718780400000,86.31
1718784000000,75.1
1718787600000,66.23
1718791200000,58.03
1718794800000,39.84
1718798400000,22.41
1718802000000,23.56
1718805600000,59.9
1718809200000,70.0
1718812800000,88.44
1718816400000,102.9
1718820000000,143.66
1718823600000,115.08
1718827200000,108.26
1718830800000,93.21
1718834400000,85.89
1718838000000,78.62
1718841600000,78.88
1718845200000,78.82
1718848800000,78.62
1718852400000,86.55
1718856000000,114.11
1718859600000,112.84
1718863200000,102.99
1718866800000,80.69
1718870400000,69.13
1718874000000,58.77
1718877600000,55.46
1718881200000,53.81
1718884800000,57.18
1718888400000,68.58
1718892000000,80.0
1718895600000,98.27
1718899200000,119.31
1718902800000,155.62
1718906400000,200.09
1718910000000,130.06
1718913600000,111.83
1718917200000,95.05
1718920800000,100.81
1718924400000,90.77
1718928000000,89.95
1718931600000,87.83
1718935200000,86.31
1718938800000,86.14
1718942400000,96.92
1718946000000,122.8
1718949600000,121.84
1718953200000,111.67
1718956800000,100.65
1718960400000,89.94
1718964000000,88.54
1718967600000,82.68
1718971200000,78.22
1718974800000,82.03
1718978400000,88.85
1718982000000,100.65
1718985600000,110.0
1718989200000,116.93
1718992800000,114.4
1718996400000,105.26
1719000000000,95.99
1719003600000,82.14
1719007200000,80.07
1719010800000,70.25
1719014400000,62.43
1719018000000,50.5
1719021600000,49.62
1719025200000,46.47
1719028800000,60.56
1719032400000,48.89
1719036000000,44.92
1719039600000,34.65
1719043200000,12.54
1719046800000,3.59
1719050400000,2.62
1719054000000,0.03
1719057600000,-0.01
1719061200000,-0.07
1719064800000,4.23
1719068400000,42.59
1719072000000,80.49
1719075600000,112.16
1719079200000,122.81
1719082800000,124.05
1719086400000,110.17
1719090000000,89.77
1719093600000,90.49
1719097200000,79.25
1719100800000,71.24
1719104400000,70.67
1719108000000,66.94
1719111600000,62.09
1719115200000,57.9
1719118800000,46.35
1719122400000,19.77
1719126000000,4.24
1719129600000,0.0
1719133200000,-0.05
1719136800000,-0.1
1719140400000,-1.05
1719144000000,-2.21
1719147600000,-2.05
1719151200000,-0.27
1719154800000,22.61
1719158400000,71.12
1719162000000,99.5
1719165600000,115.14
1719169200000,115.44
1719172800000,114.33
1719176400000,99.79
1719180000000,106.18
1719183600000,92.19
1719187200000,84.93
1719190800000,84.46
1719194400000,84.96
1719198000000,97.02
1719201600000,136.06
1719205200000,136.0
1719208800000,102.99
1719212400000,79.34
1719216000000,53.88
1719219600000,37.81
1719223200000,31.19
1719226800000,29.96
1719230400000,30.93
1719234000000,47.85
1719237600000,66.32
1719241200000,82.49
1719244800000,98.39
1719248400000,153.3
1719252000000,209.32
1719255600000,156.0
1719259200000,116.59
1719262800000,91.89
1719266400000,88.8
1719270000000,84.8
1719273600000,84.78
1719277200000,85.22
1719280800000,85.5
1719284400000,94.9
1719288000000,114.8
1719291600000,122.0
1719295200000,103.8
1719298800000,74.64
1719302400000,48.32
1719306000000,12.83
1719309600000,0.0
1719313200000,-0.05
1719316800000,-0.04
1719320400000,11.59
1719324000000,48.37
1719327600000,74.0
1719331200000,95.9
1719334800000,128.9
1719338400000,136.69
1719342000000,122.09
1719345600000,106.57
1719349200000,89.95
1719352800000,107.15
1719356400000,99.88
1719360000000,95.32
1719363600000,95.46
1719367200000,91.68
1719370800000,97.01
1719374400000,107.46
1719378000000,130.0
1719381600000,121.1
1719385200000,101.76
1719388800000,89.48
1719392400000,84.1
1719396000000,78.64
1719399600000,76.54
1719403200000,80.0
1719406800000,90.45
1719410400000,99.86
1719414000000,105.8
1719417600000,105.13
1719421200000,126.73
1719424800000,134.39
1719428400000,128.85
1719432000000,115.55
1719435600000,110.0
1719439200000,96.0
1719442800000,86.9
1719446400000,80.4
1719450000000,82.84
1719453600000,78.79
1719457200000,84.98
1719460800000,117.51
1719464400000,125.11
1719468000000,115.0
1719471600000,88.87
1719475200000,66.74
1719478800000,52.4
1719482400000,48.82
1719486000000,45.31
1719489600000,44.56
1719493200000,48.39
1719496800000,61.92
1719500400000,75.59
1719504000000,79.53
1719507600000,110.08
1719511200000,200.04
1719514800000,186.18
1719518400000,125.21
1719522000000,101.8
1719525600000,96.85
1719529200000,95.42
1719532800000,86.08
1719536400000,79.97
1719540000000,83.61
1719543600000,91.28
1719547200000,120.29
1719550800000,108.93
1719554400000,84.89
1719558000000,59.9
1719561600000,24.45
1719565200000,2.03
1719568800000,-1.56
1719572400000,-5.09
1719576000000,-9.95
1719579600000,-9.91
1719583200000,-6.48
1719586800000,3.62
1719590400000,41.98
1719594000000,84.32
1719597600000,108.93
1719601200000,138.06
1719604800000,126.57
1719608400000,109.02
1719612000000,110.4
1719615600000,109.91
1719619200000,109.89
1719622800000,109.56
1719626400000,108.09
1719630000000,103.07
1719633600000,96.62
1719637200000,84.14
1719640800000,66.91
1719644400000,29.58
1719648000000,5.04
1719651600000,0.04
1719655200000,-0.02
1719658800000,-0.23
1719662400000,-0.08
1719666000000,1.3
1719669600000,11.91
1719673200000,69.51
1719676800000,104.3
1719680400000,126.93
1719684000000,139.2
1719687600000,113.3
1719691200000,100.08
1719694800000,93.83
1719698400000,70.06
1719702000000,61.69
1719705600000,66.67
1719709200000,67.05
1719712800000,64.36
1719716400000,51.39
1719720000000,51.56
1719723600000,20.42
1719727200000,6.83
1719730800000,0.82
1719734400000,0.0
1719738000000,0.0
1719741600000,-0.02
1719745200000,-1.51
1719748800000,-1.09
1719752400000,0.0
1719756000000,0.91
1719759600000,36.66
1719763200000,70.02
1719766800000,87.26
1719770400000,99.9
1719774000000,102.39
1719777600000,102.16
1719781200000,93.01
1719784800000,94.88
1719788400000,84.32
1719792000000,78.19
1719795600000,78.01
1719799200000,75.63
1719802800000,80.82
1719806400000,122.19
1719810000000,141.3
1719813600000,142.36
1719817200000,115.57
1719820800000,107.01
1719824400000,91.67
1719828000000,77.38
1719831600000,69.9
1719835200000,39.92
1719838800000,34.61
1719842400000,37.63
1719846000000,62.2
1719849600000,78.04
1719853200000,102.47
1719856800000,166.79
1719860400000,129.1
1719864000000,107.51
1719867600000,87.88
1719871200000,81.59
1719874800000,79.93
1719878400000,82.07
1719882000000,80.95
1719885600000,81.99
1719889200000,81.99
1719892800000,96.5
1719896400000,100.69
1719900000000,101.27
1719903600000,87.5
1719907200000,83.11
1719910800000,74.56
1719914400000,72.72
1719918000000,69.16
1719921600000,60.93
1719925200000,62.73
1719928800000,74.22
1719932400000,75.9
1719936000000,84.79
1719939600000,103.63
1719943200000,115.0
1719946800000,109.96
1719950400000,109.05
1719954000000,86.0
1719957600000,68.19
1719961200000,65.3
1719964800000,63.18
1719968400000,65.58
1719972000000,71.14
1719975600000,78.91
1719979200000,100.25
1719982800000,116.51
1719986400000,115.0
1719990000000,90.59
1719993600000,76.63
1719997200000,73.1
1720000800000,71.76
1720004400000,71.14
1720008000000,73.12
1720011600000,71.98
1720015200000,74.01
1720018800000,86.97
1720022400000,99.6
1720026000000,118.79
1720029600000,163.89
1720033200000,115.88
1720036800000,95.32
1720040400000,76.1
1720044000000,64.24
1720047600000,51.94
1720051200000,26.46
1720054800000,18.01
1720058400000,10.08
1720062000000,10.27
1720065600000,36.43
1720069200000,40.0
1720072800000,33.56
1720076400000,22.65
1720080000000,1.9
1720083600000,0.0
1720087200000,-0.04
1720090800000,-5.03
1720094400000,-19.09
1720098000000,-18.03
1720101600000,-8.7
1720105200000,-0.03
1720108800000,6.77
1720112400000,49.85
1720116000000,86.91
1720119600000,115.3
1720123200000,86.91
1720126800000,64.01
1720130400000,31.41
1720134000000,20.13
1720137600000,20.59
1720141200000,19.79
1720144800000,8.98
1720148400000,10.01
1720152000000,38.19
1720155600000,45.75
1720159200000,39.43
1720162800000,18.56
1720166400000,2.95
1720170000000,0.41
1720173600000,-0.05
1720177200000,-0.64
1720180800000,-0.78
1720184400000,-0.03
1720188000000,1.93
1720191600000,16.81
1720195200000,64.35
1720198800000,90.09
1720202400000,142.36
1720206000000,130.38
1720209600000,102.22
1720213200000,84.95
1720216800000,89.1
1720220400000,70.71
1720224000000,63.52
1720227600000,46.46
1720231200000,38.62
1720234800000,15.69
1720238400000,5.73
1720242000000,5.37
1720245600000,3.39
1720249200000,0.0
1720252800000,-9.92
1720256400000,-28.87
1720260000000,-32.69
1720263600000,-44.1
1720267200000,-48.07
1720270800000,-34.84
1720274400000,-13.68
1720278000000,-0.06
1720281600000,1.88
1720285200000,0.22
1720288800000,6.69
1720292400000,9.4
1720296000000,18.0
1720299600000,14.02
1720303200000,-0.03
1720306800000,-0.1
1720310400000,-0.8
1720314000000,-0.48
1720317600000,-0.06
1720321200000,-0.01
1720324800000,-0.01
1720328400000,-0.01
1720332000000,-0.6
1720335600000,-6.49
1720339200000,-9.98
1720342800000,-12.04
1720346400000,-13.49
1720350000000,-22.37
1720353600000,-20.98
1720357200000,-12.2
1720360800000,-6.16
1720364400000,-0.08
1720368000000,63.99
1720371600000,90.27
1720375200000,125.64
1720378800000,133.17
1720382400000,115.2
1720386000000,97.13
1720389600000,81.62
1720393200000,76.65
1720396800000,74.08
1720400400000,77.72
1720404000000,76.28
1720407600000,80.44
1720411200000,112.18
1720414800000,125.0
1720418400000,100.64
1720422000000,77.61
1720425600000,53.93
1720429200000,38.43
1720432800000,31.79
1720436400000,29.45
1720440000000,29.56
1720443600000,36.75
1720447200000,64.0
1720450800000,80.2
1720454400000,102.63
1720458000000,136.49
1720461600000,257.35
1720465200000,173.69
1720468800000,113.65
1720472400000,92.02
1720476000000,105.52
1720479600000,95.96
1720483200000,93.08
1720486800000,91.14
1720490400000,87.66
1720494000000,96.83
1720497600000,111.38
1720501200000,103.76
1720504800000,94.0
1720508400000,67.26
1720512000000,46.63
1720515600000,33.71
1720519200000,21.95
1720522800000,5.04
1720526400000,2.71
1720530000000,11.08
1720533600000,53.73
1720537200000,81.69
1720540800000,99.27
1720544400000,151.5
1720548000000,147.64
1720551600000,108.12
1720555200000,86.07
1720558800000,68.89
1720562400000,55.0
1720566000000,54.9
1720569600000,53.92
1720573200000,54.98
1720576800000,59.92
1720580400000,66.14
1720584000000,84.46
1720587600000,106.46
1720591200000,102.01
1720594800000,84.93
1720598400000,65.0
1720602000000,55.77
1720605600000,47.13
1720609200000,44.58
1720612800000,55.0
1720616400000,58.43
1720620000000,67.48
1720623600000,80.14
1720627200000,80.73
1720630800000,99.72
1720634400000,148.61
1720638000000,164.08
1720641600000,113.97
1720645200000,92.92
1720648800000,96.02
1720652400000,79.95
1720656000000,77.06
1720659600000,79.6
1720663200000,80.31
1720666800000,81.98
1720670400000,107.71
1720674000000,120.0
1720677600000,106.53
1720681200000,89.11
1720684800000,80.69
1720688400000,66.6
1720692000000,57.44
1720695600000,47.7
1720699200000,44.48
1720702800000,50.1
1720706400000,60.98
1720710000000,81.91
1720713600000,91.58
1720717200000,120.0
1720720800000,184.33
1720724400000,166.74
1720728000000,121.59
1720731600000,98.12
1720735200000,102.42
1720738800000,87.31
1720742400000,82.87
1720746000000,83.03
1720749600000,82.21
1720753200000,84.25
1720756800000,107.94
1720760400000,109.92
1720764000000,109.6
1720767600000,102.4
1720771200000,95.87
1720774800000,89.83
1720778400000,83.25
1720782000000,78.6
1720785600000,78.04
1720789200000,78.19
1720792800000,85.71
1720796400000,85.54
1720800000000,92.26
1720803600000,102.39
1720807200000,93.29
1720810800000,94.61
1720814400000,85.66
1720818000000,79.11
1720821600000,50.65
1720825200000,50.52
1720828800000,36.92
1720832400000,37.67
1720836000000,32.72
1720839600000,31.05
1720843200000,30.66
1720846800000,27.82
1720850400000,26.6
1720854000000,20.97
1720857600000,5.16
1720861200000,0.04
1720864800000,-0.01
1720868400000,-5.0
1720872000000,-14.9
1720875600000,-11.47
1720879200000,-3.48
1720882800000,-0.01
1720886400000,28.77
1720890000000,50.33
1720893600000,75.45
1720897200000,76.26
1720900800000,78.84
1720904400000,63.0
1720908000000,88.95
1720911600000,63.19
1720915200000,55.45
1720918800000,44.3
1720922400000,37.93
1720926000000,36.81
1720929600000,31.96
1720933200000,14.28
1720936800000,0.29
1720940400000,-3.31
1720944000000,-21.13
1720947600000,-40.08
1720951200000,-59.47
1720954800000,-73.96
1720958400000,-73.96
1720962000000,-51.82
1720965600000,-20.03
1720969200000,-0.05
1720972800000,46.54
1720976400000,91.93
1720980000000,115.8
1720983600000,108.68
1720987200000,105.84
1720990800000,87.06
1720994400000,79.35
1720998000000,66.24
1721001600000,58.17
1721005200000,63.03
1721008800000,67.82
1721012400000,80.07
1721016000000,120.0
1721019600000,144.1
1721023200000,89.77
1721026800000,59.29
1721030400000,35.52
1721034000000,11.29
1721037600000,0.07
1721041200000,-0.01
1721044800000,-0.07
1721048400000,3.54
1721052000000,44.29
1721055600000,82.0
1721059200000,114.35
1721062800000,204.19
1721066400000,224.96
1721070000000,143.56
1721073600000,92.48
1721077200000,80.1
1721080800000,76.59
1721084400000,63.77
1721088000000,52.49
1721091600000,36.82
1721095200000,38.16
1721098800000,50.32
1721102400000,80.35
1721106000000,90.95
1721109600000,84.31
1721113200000,62.77
1721116800000,21.49
1721120400000,0.06
1721124000000,-8.03
1721127600000,-11.03
1721131200000,-11.48
1721134800000,-11.14
1721138400000,-2.3
1721142000000,22.12
1721145600000,63.02
1721149200000,81.99
1721152800000,121.6
1721156400000,114.28
1721160000000,105.81
1721163600000,84.31
1721167200000,87.4
1721170800000,72.98
1721174400000,72.82
1721178000000,70.53
1721181600000,71.05
1721185200000,77.44
1721188800000,90.05
1721192400000,99.76
1721196000000,105.7
1721199600000,77.14
1721203200000,58.19
1721206800000,41.75
1721210400000,32.59
1721214000000,21.85
1721217600000,10.8
1721221200000,13.47
1721224800000,38.88
1721228400000,61.68
1721232000000,82.93
1721235600000,106.89
1721239200000,187.95
1721242800000,143.47
1721246400000,114.91
1721250000000,92.81
1721253600000,89.97
1721257200000,80.29
1721260800000,79.05
1721264400000,78.54
1721268000000,79.27
1721271600000,92.1
1721275200000,120.88
1721278800000,107.27
1721282400000,96.74
1721286000000,79.22
1721289600000,63.84
1721293200000,47.13
1721296800000,35.01
1721300400000,33.96
1721304000000,37.01
1721307600000,48.78
1721311200000,67.56
1721314800000,85.48
1721318400000,92.0
1721322000000,130.18
1721325600000,227.6
1721329200000,184.46
1721332800000,119.54
1721336400000,101.92
1721340000000,90.11
1721343600000,80.45
1721347200000,79.91
1721350800000,79.29
1721354400000,83.38
1721358000000,91.38
1721361600000,115.6
1721365200000,110.72
1721368800000,98.4
1721372400000,81.43
1721376000000,70.0
1721379600000,58.75
1721383200000,44.34
1721386800000,36.5
1721390400000,36.2
1721394000000,42.54
1721397600000,63.79
1721401200000,77.34
1721404800000,91.61
1721408400000,121.02
1721412000000,190.46
1721415600000,120.0
1721419200000,106.86
1721422800000,91.55
1721426400000,94.73
1721430000000,89.41
1721433600000,88.25
1721437200000,89.88
1721440800000,94.24
1721444400000,93.8
1721448000000,91.49
1721451600000,85.99
1721455200000,68.2
1721458800000,49.8
1721462400000,5.15
1721466000000,0.0
1721469600000,-4.65
1721473200000,-4.29
1721476800000,-2.88
1721480400000,-2.71
1721484000000,2.42
1721487600000,52.29
1721491200000,85.0
1721494800000,109.56
1721498400000,134.75
1721502000000,108.81
1721505600000,84.1
1721509200000,74.51
1721512800000,63.63
1721516400000,56.3
1721520000000,55.2
1721523600000,60.38
1721527200000,68.61
1721530800000,75.24
1721534400000,81.37
1721538000000,60.31
1721541600000,48.68
1721545200000,10.57
1721548800000,0.07
1721552400000,0.01
1721556000000,0.01
1721559600000,-0.08
1721563200000,-0.21
1721566800000,0.04
1721570400000,0.11
1721574000000,59.81
1721577600000,94.27
1721581200000,108.27
1721584800000,127.68
1721588400000,128.12
1721592000000,111.85
1721595600000,93.7
1721599200000,122.1
1721602800000,96.63
1721606400000,86.88
1721610000000,86.93
1721613600000,86.14
1721617200000,82.26
1721620800000,119.48
1721624400000,131.68
1721628000000,126.05
1721631600000,94.34
1721635200000,75.14
1721638800000,72.88
1721642400000,66.22
1721646000000,43.25
1721649600000,19.41
1721653200000,20.38
1721656800000,48.46
1721660400000,63.69
1721664000000,81.15
1721667600000,99.04
1721671200000,186.24
1721674800000,172.04
1721678400000,111.04
1721682000000,98.0
1721685600000,83.39
1721689200000,75.8
1721692800000,76.7
1721696400000,70.5
1721700000000,73.83
1721703600000,76.61
1721707200000,106.73
1721710800000,120.51
1721714400000,115.21
1721718000000,87.29
1721721600000,68.87
1721725200000,61.37
1721728800000,43.42
1721732400000,38.29
1721736000000,36.01
1721739600000,41.96
1721743200000,64.86
1721746800000,79.53
1721750400000,79.92
1721754000000,96.03
1721757600000,118.52
1721761200000,102.01
1721764800000,99.23
1721768400000,91.58
1721772000000,83.55
1721775600000,78.33
1721779200000,72.56
1721782800000,74.85
1721786400000,74.99
1721790000000,75.77
1721793600000,103.07
1721797200000,128.9
1721800800000,99.19
1721804400000,72.91
1721808000000,54.9
1721811600000,21.19
1721815200000,1.58
1721818800000,-0.15
1721822400000,-2.06
1721826000000,-1.96
1721829600000,2.21
1721833200000,39.27
1721836800000,69.34
1721840400000,95.9
1721844000000,109.93
1721847600000,121.82
1721851200000,109.58
1721854800000,95.03
1721858400000,92.55
1721862000000,87.2
1721865600000,84.9
1721869200000,79.92
1721872800000,76.4
1721876400000,92.53
1721880000000,106.16
1721883600000,116.86
1721887200000,90.98
1721890800000,71.98
1721894400000,55.08
1721898000000,36.95
1721901600000,24.31
1721905200000,17.36
1721908800000,13.27
1721912400000,26.2
1721916000000,53.8
1721919600000,80.0
1721923200000,97.0
1721926800000,126.93
1721930400000,155.72
1721934000000,131.61
1721937600000,100.0
1721941200000,84.95
1721944800000,83.32
1721948400000,73.9
1721952000000,79.1
1721955600000,81.61
1721959200000,81.17
1721962800000,83.21
1721966400000,99.52
1721970000000,116.56
1721973600000,104.1
1721977200000,96.83
1721980800000,90.53
1721984400000,81.35
1721988000000,70.0
1721991600000,63.12
1721995200000,60.19
1721998800000,68.14
1722002400000,72.84
1722006000000,88.52
1722009600000,94.34
1722013200000,107.79
1722016800000,143.25
1722020400000,139.0
1722024000000,106.39
1722027600000,97.91
1722031200000,103.96
1722034800000,103.41
1722038400000,97.39
1722042000000,95.25
1722045600000,92.46
1722049200000,90.51
1722052800000,87.4
1722056400000,82.75
1722060000000,84.69
1722063600000,67.67
1722067200000,60.78
1722070800000,39.9
1722074400000,28.0
1722078000000,17.8
1722081600000,17.92
1722085200000,35.02
1722088800000,67.72
1722092400000,94.73
1722096000000,104.97
1722099600000,116.69
1722103200000,123.1
1722106800000,121.82
1722110400000,108.1
1722114000000,97.94
1722117600000,109.99
1722121200000,95.11
1722124800000,88.21
1722128400000,81.53
1722132000000,78.54
1722135600000,79.26
1722139200000,75.53
1722142800000,72.61
1722146400000,25.49
1722150000000,4.92
1722153600000,0.0
1722157200000,-2.43
1722160800000,-16.63
1722164400000,-39.91
1722168000000,-48.69
1722171600000,-33.53
1722175200000,-13.77
1722178800000,-1.99
1722182400000,40.87
1722186000000,92.48
1722189600000,111.85
1722193200000,115.66
1722196800000,104.95
1722200400000,84.46
1722204000000,79.59
1722207600000,76.03
1722211200000,72.25
1722214800000,76.29
1722218400000,80.0
1722222000000,101.3
1722225600000,135.0
1722229200000,121.66
1722232800000,98.46
1722236400000,63.66
1722240000000,10.58
1722243600000,-0.16
1722247200000,-0.19
1722250800000,-1.7
1722254400000,-0.98
1722258000000,-0.07
1722261600000,13.74
1722265200000,64.48
1722268800000,96.91
1722272400000,123.24
1722276000000,178.07
1722279600000,132.72
1722283200000,107.8
1722286800000,90.2
1722290400000,78.01
1722294000000,75.77
1722297600000,79.27
1722301200000,83.73
1722304800000,88.59
1722308400000,101.85
1722312000000,115.64
1722315600000,113.48
1722319200000,99.65
1722322800000,67.78
1722326400000,37.52
1722330000000,7.84
1722333600000,1.09
1722337200000,-0.04
1722340800000,-0.06
1722344400000,13.25
1722348000000,40.68
1722351600000,78.1
1722355200000,103.4
1722358800000,129.44
1722362400000,177.13
1722366000000,147.67
1722369600000,114.98
1722373200000,99.04
1722376800000,98.85
1722380400000,87.29
1722384000000,85.19
1722387600000,82.9
1722391200000,90.6
1722394800000,102.39
1722398400000,112.51
1722402000000,110.14
1722405600000,95.26
1722409200000,79.02
1722412800000,55.89
1722416400000,33.46
1722420000000,21.75
1722423600000,11.36
1722427200000,17.53
1722430800000,31.74
1722434400000,46.09
1722438000000,75.85
1722441600000,99.16
1722445200000,115.39
1722448800000,136.15
1722452400000,116.19
1722456000000,104.51
1722459600000,96.49
1722463200000,96.45
1722466800000,92.4
1722470400000,86.85
1722474000000,84.11
1722477600000,93.08
1722481200000,112.71
1722484800000,134.39
1722488400000,109.52
1722492000000,105.95
1722495600000,90.1
1722499200000,76.95
1722502800000,67.64
1722506400000,64.03
1722510000000,60.38
1722513600000,62.39
1722517200000,71.22
1722520800000,77.39
1722524400000,95.16
1722528000000,102.83
1722531600000,112.5
1722535200000,138.07
1722538800000,124.03
1722542400000,112.94
1722546000000,105.7
1722549600000,93.93
1722553200000,89.17
1722556800000,88.11
1722560400000,82.97
1722564000000,86.95
1722567600000,96.61
1722571200000,110.75
1722574800000,121.38
1722578400000,113.19
1722582000000,104.42
1722585600000,91.68
1722589200000,77.69
1722592800000,73.58
1722596400000,61.94
1722600000000,53.44
1722603600000,50.58
1722607200000,65.42
1722610800000,77.69
1722614400000,102.22
1722618000000,128.49
1722621600000,146.19
1722625200000,121.66
1722628800000,114.42
1722632400000,99.01
1722636000000,102.65
1722639600000,99.14
1722643200000,93.3
1722646800000,89.1
1722650400000,86.31
1722654000000,94.88
1722657600000,103.74
1722661200000,95.51
1722664800000,84.5
1722668400000,66.06
1722672000000,32.44
1722675600000,20.36
1722679200000,14.66
1722682800000,6.41
1722686400000,4.1
1722690000000,12.38
1722693600000,32.44
1722697200000,73.61
1722700800000,103.55
1722704400000,110.02
1722708000000,124.64
1722711600000,136.64
1722715200000,119.2
1722718800000,101.3
1722722400000,110.21
1722726000000,101.34
1722729600000,96.9
1722733200000,92.68
1722736800000,90.21
1722740400000,83.0
1722744000000,77.7
1722747600000,73.2
1722751200000,63.93
1722754800000,28.11
1722758400000,8.05
1722762000000,2.05
1722765600000,0.06
1722769200000,-0.04
1722772800000,-2.16
1722776400000,-0.01
1722780000000,1.0
1722783600000,22.46
1722787200000,73.17
1722790800000,105.66
1722794400000,119.92
1722798000000,124.99
1722801600000,112.94
1722805200000,104.83
1722808800000,103.08
1722812400000,85.32
1722816000000,82.3
1722819600000,85.35
1722823200000,83.59
1722826800000,97.24
1722830400000,118.98
1722834000000,136.75
1722837600000,113.97
1722841200000,102.83
1722844800000,74.5
1722848400000,64.3
1722852000000,57.12
1722855600000,42.05
1722859200000,36.35
1722862800000,51.43
1722866400000,70.1
1722870000000,85.4
1722873600000,108.97
1722877200000,152.76
1722880800000,250.01
1722884400000,170.93
1722888000000,120.3
1722891600000,102.92
1722895200000,103.09
1722898800000,95.57
1722902400000,89.24
1722906000000,85.24
1722909600000,85.76
1722913200000,95.77
1722916800000,123.86
1722920400000,126.04
1722924000000,85.29
1722927600000,74.51
1722931200000,36.04
1722934800000,21.43
1722938400000,15.86
1722942000000,2.95
1722945600000,4.79
1722949200000,19.44
1722952800000,39.71
1722956400000,82.19
1722960000000,106.29
1722963600000,174.58
1722967200000,230.85
1722970800000,170.45
1722974400000,118.54
1722978000000,100.03
1722981600000,91.39
1722985200000,83.24
1722988800000,79.29
1722992400000,83.24
1722996000000,86.43
1722999600000,104.36
1723003200000,126.07
1723006800000,127.98
1723010400000,109.06
1723014000000,88.91
1723017600000,73.56
1723021200000,62.49
1723024800000,42.14
1723028400000,35.05
1723032000000,51.19
1723035600000,69.28
1723039200000,85.74
1723042800000,105.2
1723046400000,106.41
1723050000000,119.75
1723053600000,149.28
1723057200000,134.25
1723060800000,112.74
1723064400000,102.78
1723068000000,96.43
1723071600000,88.06
1723075200000,87.36
1723078800000,88.06
1723082400000,88.27
1723086000000,96.11
1723089600000,110.93
1723093200000,124.93
1723096800000,114.41
1723100400000,106.84
1723104000000,86.1
1723107600000,71.6
1723111200000,57.09
1723114800000,40.49
1723118400000,32.18
1723122000000,40.24
1723125600000,57.81
1723129200000,80.52
1723132800000,101.92
1723136400000,138.49
1723140000000,197.31
1723143600000,135.0
1723147200000,102.0
1723150800000,93.56
1723154400000,103.71
1723158000000,83.92
1723161600000,67.34
1723165200000,64.3
1723168800000,53.31
1723172400000,64.36
1723176000000,80.0
1723179600000,88.41
1723183200000,59.4
1723186800000,31.31
1723190400000,8.98
1723194000000,0.6
1723197600000,-0.03
1723201200000,-0.16
1723204800000,-0.8
1723208400000,-0.11
1723212000000,-0.01
1723215600000,2.55
1723219200000,41.78
1723222800000,81.04
1723226400000,124.97
1723230000000,118.05
1723233600000,113.46
1723237200000,93.23
1723240800000,85.09
1723244400000,92.13
1723248000000,87.28
1723251600000,84.67
1723255200000,82.93
1723258800000,85.52
1723262400000,88.68
1723266000000,76.01
1723269600000,31.86
1723273200000,0.2
1723276800000,-3.0
1723280400000,-12.2
1723284000000,-22.49
1723287600000,-40.77
1723291200000,-40.09
1723294800000,-29.67
1723298400000,-8.2
1723302000000,0.07
1723305600000,48.84
1723309200000,106.55
1723312800000,125.43
1723316400000,133.0
1723320000000,117.85
1723323600000,106.64
1723327200000,106.71
1723330800000,104.17
1723334400000,99.96
1723338000000,95.14
1723341600000,96.49
1723345200000,114.97
1723348800000,106.44
1723352400000,71.02
1723356000000,27.8
1723359600000,0.0
1723363200000,-5.01
1723366800000,-14.99
1723370400000,-32.04
1723374000000,-59.96
1723377600000,-50.09
1723381200000,-31.42
1723384800000,-4.97
1723388400000,1.46
1723392000000,88.14
1723395600000,128.8
1723399200000,137.18
1723402800000,126.15
1723406400000,109.99
1723410000000,97.28
1723413600000,104.98
1723417200000,94.62
1723420800000,85.3
1723424400000,86.6
1723428000000,88.85
1723431600000,114.54
1723435200000,153.82
1723438800000,153.82
1723442400000,115.25
1723446000000,69.9
1723449600000,40.12
1723453200000,16.04
1723456800000,10.06
1723460400000,6.98
1723464000000,13.8
1723467600000,27.87
1723471200000,48.65
1723474800000,89.29
1723478400000,122.78
1723482000000,206.02
1723485600000,224.84
1723489200000,128.34
1723492800000,106.88
1723496400000,100.05
1723500000000,99.64
1723503600000,87.91
1723507200000,86.6
1723510800000,84.79
1723514400000,84.76
1723518000000,101.37
1723521600000,125.66
1723525200000,133.71
1723528800000,117.89
1723532400000,87.81
1723536000000,66.67
1723539600000,55.94
1723543200000,43.01
1723546800000,40.37
1723550400000,47.96
1723554000000,64.15
1723557600000,86.0
1723561200000,105.0
1723564800000,121.04
1723568400000,202.72
1723572000000,205.35
1723575600000,128.9
1723579200000,111.48
1723582800000,104.99
1723586400000,87.73
1723590000000,90.79
1723593600000,87.73
1723597200000,93.4
1723600800000,93.6
1723604400000,107.1
1723608000000,129.74
1723611600000,136.62
1723615200000,120.96
1723618800000,108.79
1723622400000,83.08
1723626000000,77.24
1723629600000,72.85
1723633200000,75.38
1723636800000,74.71
1723640400000,81.74
1723644000000,94.36
1723647600000,105.59
1723651200000,111.48
1723654800000,161.41
1723658400000,218.92
1723662000000,148.7
1723665600000,120.43
1723669200000,109.95
1723672800000,110.33
1723676400000,109.66
1723680000000,105.3
1723683600000,94.74
1723687200000,96.02
1723690800000,108.91
1723694400000,119.75
1723698000000,120.71
1723701600000,114.97
1723705200000,91.12
1723708800000,59.1
1723712400000,19.94
1723716000000,9.86
1723719600000,0.01
1723723200000,-0.04
1723726800000,4.25
1723730400000,33.41
1723734000000,77.26
1723737600000,119.93
1723741200000,142.51
1723744800000,160.3
1723748400000,140.84
1723752000000,118.87
1723755600000,94.94
1723759200000,108.97
1723762800000,86.78
1723766400000,85.58
1723770000000,85.83
1723773600000,87.76
1723777200000,92.05
1723780800000,128.42
1723784400000,134.91
1723788000000,124.83
1723791600000,100.95
1723795200000,76.15
1723798800000,59.83
1723802400000,50.68
1723806000000,49.93
1723809600000,47.57
1723813200000,55.16
1723816800000,82.67
1723820400000,103.76
1723824000000,134.92
1723827600000,230.52
1723831200000,243.12
1723834800000,171.83
1723838400000,134.54
1723842000000,116.17
1723845600000,107.11
1723849200000,109.26
1723852800000,103.13
1723856400000,101.82
1723860000000,110.59
1723863600000,110.84
1723867200000,106.7
1723870800000,103.97
1723874400000,103.43
1723878000000,84.0
1723881600000,69.49
1723885200000,54.28
1723888800000,46.93
1723892400000,40.71
1723896000000,39.43
1723899600000,39.56
1723903200000,59.09
1723906800000,88.4
1723910400000,119.68
1723914000000,140.56
1723917600000,149.18
1723921200000,126.98
1723924800000,116.7
1723928400000,105.82
1723932000000,111.82
1723935600000,112.8
1723939200000,106.17
1723942800000,106.22
1723946400000,104.75
1723950000000,104.97
1723953600000,99.53
1723957200000,95.2
1723960800000,88.2
1723964400000,82.32
1723968000000,72.12
1723971600000,72.52
1723975200000,66.03
1723978800000,33.64
1723982400000,17.72
1723986000000,51.28
1723989600000,69.86
1723993200000,82.39
1723996800000,93.85
1724000400000,109.93
1724004000000,115.68
1724007600000,109.83
1724011200000,111.4
1724014800000,99.45
1724018400000,97.39
1724022000000,90.1
1724025600000,88.7
1724029200000,84.86
1724032800000,84.5
1724036400000,87.97
1724040000000,129.0
1724043600000,152.33
1724047200000,129.6
1724050800000,112.58
1724054400000,96.9
1724058000000,89.74
1724061600000,84.38
1724065200000,78.87
1724068800000,80.21
1724072400000,79.9
1724076000000,84.05
1724079600000,100.7
1724083200000,113.97
1724086800000,200.0
1724090400000,203.83
1724094000000,140.11
1724097600000,100.82
1724101200000,86.2
1724104800000,93.6
1724108400000,89.55
1724112000000,88.5
1724115600000,89.31
1724119200000,86.19
1724122800000,89.97
1724126400000,123.06
1724130000000,133.23
1724133600000,122.97
1724137200000,103.09
1724140800000,75.01
1724144400000,50.13
1724148000000,37.69
1724151600000,18.22
1724155200000,20.36
1724158800000,48.9
1724162400000,82.15
1724166000000,104.5
1724169600000,118.07
1724173200000,158.81
1724176800000,154.71
1724180400000,120.89
1724184000000,103.82
1724187600000,97.96
1724191200000,87.36
1724194800000,82.0
1724198400000,65.93
1724202000000,56.09
1724205600000,60.42
1724209200000,59.95
1724212800000,81.3
1724216400000,85.92
1724220000000,87.38
1724223600000,53.16
1724227200000,0.16
1724230800000,-4.95
1724234400000,-13.01
1724238000000,-20.32
1724241600000,-21.28
1724245200000,-16.05
1724248800000,-12.64
1724252400000,2.01
1724256000000,67.26
1724259600000,101.89
1724263200000,140.35
1724266800000,130.96
1724270400000,103.42
1724274000000,85.65
1724277600000,78.94
1724281200000,73.04
1724284800000,80.46
1724288400000,80.17
1724292000000,70.23
1724295600000,85.42
1724299200000,99.95
1724302800000,129.46
1724306400000,113.05
1724310000000,73.1
1724313600000,14.8
1724317200000,0.0
1724320800000,-0.38
1724324400000,-2.56
1724328000000,-1.51
1724331600000,-4.35
1724335200000,-0.09
1724338800000,24.89
1724342400000,89.46
1724346000000,112.74
1724349600000,111.5
1724353200000,109.99
1724356800000,95.48
1724360400000,79.22
1724364000000,51.9
1724367600000,45.87
1724371200000,38.51
1724374800000,26.36
1724378400000,26.48
1724382000000,30.59
1724385600000,64.22
1724389200000,60.63
1724392800000,43.64
1724396400000,4.06
1724400000000,-0.01
1724403600000,-3.97
1724407200000,-9.54
1724410800000,-15.32
1724414400000,-16.55
1724418000000,-10.15
1724421600000,-9.18
1724425200000,-0.03
1724428800000,50.2
1724432400000,99.53
1724436000000,118.57
1724439600000,123.15
1724443200000,119.54
1724446800000,100.5
1724450400000,110.45
1724454000000,103.78
1724457600000,100.42
1724461200000,100.28
1724464800000,100.9
1724468400000,105.4
1724472000000,101.02
1724475600000,102.23
1724479200000,76.22
1724482800000,15.0
1724486400000,-0.03
1724490000000,-6.85
1724493600000,-18.68
1724497200000,-40.09
1724500800000,-44.18
1724504400000,-27.64
1724508000000,-8.15
1724511600000,-0.99
1724515200000,71.68
1724518800000,91.52
1724522400000,80.08
1724526000000,68.91
1724529600000,64.14
1724533200000,50.0
1724536800000,0.37
1724540400000,-0.02
1724544000000,-0.34
1724547600000,-1.0
1724551200000,-0.89
1724554800000,-0.42
1724558400000,-0.05
1724562000000,-0.01
1724565600000,-0.01
1724569200000,-1.39
1724572800000,-6.07
1724576400000,-10.1
1724580000000,-15.5
1724583600000,-20.01
1724587200000,-19.83
1724590800000,-10.15
1724594400000,-5.01
1724598000000,1.0
1724601600000,87.04
1724605200000,110.0
1724608800000,119.45
1724612400000,105.49
1724616000000,99.7
1724619600000,92.48
1724623200000,92.75
1724626800000,85.65
1724630400000,80.94
1724634000000,83.36
1724637600000,82.43
1724641200000,83.48
1724644800000,113.11
1724648400000,153.69
1724652000000,130.97
1724655600000,98.93
1724659200000,77.0
1724662800000,65.31
1724666400000,23.07
1724670000000,17.55
1724673600000,42.88
1724677200000,71.05
1724680800000,88.0
1724684400000,99.47
1724688000000,116.82
1724691600000,190.31
1724695200000,231.06
1724698800000,143.82
1724702400000,110.86
1724706000000,107.54
1724709600000,98.41
1724713200000,89.91
1724716800000,86.45
1724720400000,87.3
1724724000000,89.1
1724727600000,100.16
1724731200000,125.76
1724734800000,137.99
1724738400000,116.01
1724742000000,89.94
1724745600000,73.72
1724749200000,29.13
1724752800000,5.07
1724756400000,1.18
1724760000000,2.33
1724763600000,23.45
1724767200000,52.5
1724770800000,88.71
1724774400000,116.06
1724778000000,232.25
1724781600000,217.92
1724785200000,120.52
1724788800000,105.21
1724792400000,92.47
1724796000000,90.47
1724799600000,91.31
1724803200000,87.48
1724806800000,89.2
1724810400000,91.74
1724814000000,92.35
1724817600000,114.99
1724821200000,128.57
1724824800000,121.0
1724828400000,105.4
1724832000000,87.56
1724835600000,68.78
1724839200000,35.14
1724842800000,10.4
1724846400000,8.17
1724850000000,54.84
1724853600000,78.56
1724857200000,92.37
1724860800000,111.57
1724864400000,201.91
1724868000000,204.03
1724871600000,124.84
1724875200000,111.76
1724878800000,99.7
1724882400000,93.53
1724886000000,93.98
1724889600000,89.81
1724893200000,88.68
1724896800000,89.37
1724900400000,101.23
1724904000000,125.46
1724907600000,134.47
1724911200000,126.24
1724914800000,108.71
1724918400000,92.19
1724922000000,84.4
1724925600000,65.78
1724929200000,45.25
1724932800000,51.32
1724936400000,79.45
1724940000000,90.15
1724943600000,105.38
1724947200000,123.51
1724950800000,227.49
1724954400000,289.27
1724958000000,169.09
1724961600000,125.0
1724965200000,110.1
1724968800000,109.88
1724972400000,100.3
1724976000000,93.53
1724979600000,93.28
1724983200000,97.62
1724986800000,107.37
1724990400000,136.83
1724994000000,151.06
1724997600000,133.55
1725001200000,113.7
1725004800000,98.24
1725008400000,89.95
1725012000000,86.13
1725015600000,80.2
1725019200000,79.08
1725022800000,81.98
1725026400000,86.35
1725030000000,101.96
1725033600000,119.99
1725037200000,156.11
1725040800000,137.29
1725044400000,112.71
1725048000000,96.83
1725051600000,95.36
1725055200000,107.67
1725058800000,105.44
1725062400000,102.06
1725066000000,99.04
1725069600000,96.65
1725073200000,98.07
1725076800000,109.97
1725080400000,110.75
1725084000000,109.97
1725087600000,84.92
1725091200000,60.13
1725094800000,18.34
1725098400000,0.47
1725102000000,-0.59
1725105600000,-0.8
1725109200000,2.55
1725112800000,23.71
1725116400000,80.02
1725120000000,117.3
1725123600000,148.29
1725127200000,126.78
1725130800000,107.29
1725134400000,99.85
1725138000000,89.23
1725141600000,93.76
1725145200000,85.98
1725148800000,80.37
1725152400000,80.14
1725156000000,81.2
1725159600000,80.16
1725163200000,79.49
1725166800000,73.1
1725170400000,60.63
1725174000000,41.27
1725177600000,12.73
1725181200000,-0.79
1725184800000,-9.17
1725188400000,-24.0
1725192000000,-19.94
1725195600000,-4.99
1725199200000,25.56
1725202800000,78.28
1725206400000,109.11
1725210000000,131.6
1725213600000,123.91
1725217200000,107.63
1725220800000,102.02
1725224400000,91.5
1725228000000,91.24
1725231600000,94.77
1725235200000,92.39
1725238800000,92.51
1725242400000,91.59
1725246000000,101.52
1725249600000,114.73
1725253200000,134.95
1725256800000,131.94
1725260400000,122.64
1725264000000,102.83
1725267600000,90.82
1725271200000,85.05
1725274800000,81.19
1725278400000,83.63
1725282000000,88.24
1725285600000,93.63
1725289200000,112.88
1725292800000,137.78
1725296400000,255.4
1725300000000,212.06
1725303600000,131.9
1725307200000,114.24
1725310800000,103.84
1725314400000,99.6
1725318000000,93.1
1725321600000,91.56
1725325200000,93.27
1725328800000,96.24
1725332400000,102.68
1725336000000,137.21
1725339600000,151.06
1725343200000,133.95
1725346800000,115.98
1725350400000,98.88
1725354000000,90.02
1725357600000,84.8
1725361200000,82.69
1725364800000,84.13
1725368400000,86.67
1725372000000,91.21
1725375600000,123.93
1725379200000,300.01
1725382800000,656.37
1725386400000,520.32
1725390000000,216.97
1725393600000,133.2
1725397200000,117.56
1725400800000,108.17
1725404400000,101.02
1725408000000,99.03
1725411600000,99.98
1725415200000,99.06
1725418800000,109.37
1725422400000,144.02
1725426000000,181.16
1725429600000,155.89
1725433200000,125.29
1725436800000,107.21
1725440400000,96.06
1725444000000,92.0
1725447600000,90.49
1725451200000,89.2
1725454800000,92.72
1725458400000,101.85
1725462000000,123.97
1725465600000,155.7
1725469200000,320.07
1725472800000,189.23
1725476400000,130.42
1725480000000,108.59
1725483600000,99.58
1725487200000,101.27
1725490800000,94.6
1725494400000,90.0
1725498000000,87.11
1725501600000,80.92
1725505200000,84.7
1725508800000,109.05
1725512400000,113.6
1725516000000,119.04
1725519600000,97.68
1725523200000,71.04
1725526800000,0.11
1725530400000,-3.05
1725534000000,-11.7
1725537600000,-19.68
1725541200000,-7.02
1725544800000,-0.01
1725548400000,36.13
1725552000000,84.95
1725555600000,99.74
1725559200000,92.93
1725562800000,80.1
1725566400000,80.03
1725570000000,64.61
1725573600000,64.79
1725577200000,61.0
1725580800000,51.22
1725584400000,48.58
1725588000000,57.75
1725591600000,69.86
1725595200000,93.29
1725598800000,119.48
1725602400000,120.37
1725606000000,100.09
1725609600000,80.0
1725613200000,59.51
1725616800000,31.54
1725620400000,12.48
1725624000000,14.53
1725627600000,30.06
1725631200000,71.18
1725634800000,87.56
1725638400000,100.27
1725642000000,129.0
1725645600000,136.49
1725649200000,99.76
1725652800000,95.36
1725656400000,92.88
1725660000000,102.47
1725663600000,96.9
1725667200000,96.3
1725670800000,95.31
1725674400000,98.29
1725678000000,101.02
1725681600000,103.88
1725685200000,104.71
1725688800000,95.44
1725692400000,84.19
1725696000000,51.52
1725699600000,14.17
1725703200000,5.48
1725706800000,1.02
1725710400000,0.44
1725714000000,8.41
1725717600000,49.62
1725721200000,101.4
1725724800000,128.57
1725728400000,150.4
1725732000000,133.0
1725735600000,101.9
1725739200000,92.32
1725742800000,89.24
1725746400000,93.91
1725750000000,86.46
1725753600000,83.68
1725757200000,82.0
1725760800000,82.39
1725764400000,85.1
1725768000000,83.36
1725771600000,82.07
1725775200000,76.73
1725778800000,40.58
1725782400000,8.29
1725786000000,0.44
1725789600000,0.04
1725793200000,0.01
1725796800000,1.16
1725800400000,3.17
1725804000000,58.62
1725807600000,95.99
1725811200000,119.55
1725814800000,124.15
1725818400000,128.12
1725822000000,117.2
1725825600000,105.8
1725829200000,97.13
1725832800000,86.41
1725836400000,85.76
1725840000000,84.1
1725843600000,82.03
1725847200000,85.11
1725850800000,85.79
1725854400000,118.47
1725858000000,140.62
1725861600000,159.57
1725865200000,129.68
1725868800000,110.87
1725872400000,100.74
1725876000000,94.98
1725879600000,89.17
1725883200000,82.06
1725886800000,83.98
1725890400000,78.68
1725894000000,92.8
1725897600000,113.15
1725901200000,114.56
1725904800000,111.53
1725908400000,96.02
1725912000000,87.94
1725915600000,79.52
1725919200000,67.34
1725922800000,59.79
1725926400000,61.47
1725930000000,61.36
1725933600000,67.3
1725937200000,80.92
1725940800000,103.12
1725944400000,129.9
1725948000000,114.94
1725951600000,100.0
1725955200000,59.92
1725958800000,9.52
1725962400000,0.04
1725966000000,-0.07
1725969600000,-0.16
1725973200000,-0.04
1725976800000,0.22
1725980400000,21.77
1725984000000,80.4
1725987600000,92.91
1725991200000,83.25
1725994800000,82.02
1725998400000,76.63
1726002000000,64.38
1726005600000,40.0
1726009200000,39.91
1726012800000,32.99
1726016400000,33.73
1726020000000,38.93
1726023600000,61.56
1726027200000,86.79
1726030800000,97.55
1726034400000,110.72
1726038000000,97.6
1726041600000,76.81
1726045200000,67.51
1726048800000,62.45
1726052400000,63.85
1726056000000,69.0
1726059600000,69.05
1726063200000,76.75
1726066800000,101.39
1726070400000,115.14
1726074000000,142.86
1726077600000,138.36
1726081200000,115.14
1726084800000,102.97
1726088400000,101.49
1726092000000,90.06
1726095600000,84.1
1726099200000,83.93
1726102800000,83.45
1726106400000,85.02
1726110000000,86.92
1726113600000,107.96
1726117200000,134.94
1726120800000,135.94
1726124400000,103.36
1726128000000,85.0
1726131600000,80.41
1726135200000,78.62
1726138800000,78.23
1726142400000,80.11
1726146000000,84.93
1726149600000,91.67
1726153200000,109.74
1726156800000,145.19
1726160400000,300.01
1726164000000,250.02
1726167600000,125.0
1726171200000,99.47
1726174800000,92.04
1726178400000,99.97
1726182000000,91.52
1726185600000,87.31
1726189200000,86.76
1726192800000,84.63
1726196400000,87.92
1726200000000,100.49
1726203600000,119.96
1726207200000,132.24
1726210800000,116.24
1726214400000,102.54
1726218000000,94.99
1726221600000,88.55
1726225200000,77.5
1726228800000,66.96
1726232400000,72.2
1726236000000,74.3
1726239600000,79.85
1726243200000,96.47
1726246800000,100.0
1726250400000,94.25
1726254000000,84.57
1726257600000,79.3
1726261200000,60.99
1726264800000,55.61
1726268400000,50.01
1726272000000,43.33
1726275600000,45.18
1726279200000,46.7
1726282800000,44.27
1726286400000,55.35
1726290000000,65.0
1726293600000,75.54
1726297200000,66.6
1726300800000,41.02
1726304400000,8.08
1726308000000,0.86
1726311600000,-0.06
1726315200000,-0.46
1726318800000,-0.07
1726322400000,9.54
1726326000000,65.09
1726329600000,94.39
1726333200000,126.58
1726336800000,117.85
1726340400000,103.09
1726344000000,93.75
1726347600000,84.76
1726351200000,78.11
1726354800000,70.07
1726358400000,66.6
1726362000000,67.15
1726365600000,63.66
1726369200000,65.61
1726372800000,69.18
1726376400000,85.42
1726380000000,76.96
1726383600000,54.07
1726387200000,10.92
1726390800000,0.07
1726394400000,0.0
1726398000000,-0.01
1726401600000,-0.41
1726405200000,-0.27
1726408800000,19.7
1726412400000,82.25
1726416000000,112.8
1726419600000,133.16
1726423200000,123.6
1726426800000,112.68
1726430400000,107.11
1726434000000,92.6
1726437600000,92.99
1726441200000,88.14
1726444800000,87.26
1726448400000,84.93
1726452000000,84.34
1726455600000,88.31
1726459200000,110.97
1726462800000,130.0
1726466400000,146.06
1726470000000,126.4
1726473600000,112.63
1726477200000,105.02
1726480800000,96.02
1726484400000,86.89
1726488000000,80.86
1726491600000,75.37
1726495200000,76.3
1726498800000,86.98
1726502400000,107.87
1726506000000,112.57
1726509600000,109.01
1726513200000,90.1
1726516800000,78.81
1726520400000,81.53
1726524000000,85.54
1726527600000,82.3
1726531200000,80.51
1726534800000,79.84
1726538400000,80.04
1726542000000,91.52
1726545600000,108.32
1726549200000,133.94
1726552800000,137.52
1726556400000,108.91
1726560000000,96.52
1726563600000,82.39
1726567200000,59.81
1726570800000,41.77
1726574400000,25.64
1726578000000,44.44
1726581600000,74.29
1726585200000,93.5
1726588800000,112.99
1726592400000,132.53
1726596000000,111.24
1726599600000,96.12
1726603200000,89.94
1726606800000,83.84
1726610400000,85.16
1726614000000,80.94
1726617600000,83.71
1726621200000,83.67
1726624800000,82.51
1726628400000,89.92
1726632000000,105.09
1726635600000,141.92
1726639200000,133.07
1726642800000,102.44
1726646400000,79.0
1726650000000,55.32
1726653600000,5.49
1726657200000,0.0
1726660800000,-0.09
1726664400000,1.04
1726668000000,40.05
1726671600000,87.52
1726675200000,113.91
1726678800000,129.92
1726682400000,108.2
1726686000000,93.25
1726689600000,89.92
1726693200000,79.49
1726696800000,76.4
1726700400000,77.53
1726704000000,78.03
1726707600000,77.35
1726711200000,79.26
1726714800000,89.99
1726718400000,113.47
1726722000000,143.24
1726725600000,124.12
1726729200000,97.64
1726732800000,74.81
1726736400000,50.41
1726740000000,4.97
1726743600000,-0.06
1726747200000,-0.09
1726750800000,10.91
1726754400000,58.55
1726758000000,91.05
1726761600000,114.53
1726765200000,134.3
1726768800000,113.5
1726772400000,91.1
1726776000000,88.97
1726779600000,78.87
1726783200000,72.61
1726786800000,74.04
1726790400000,73.42
1726794000000,73.17
1726797600000,74.52
1726801200000,89.09
1726804800000,108.06
1726808400000,141.45
1726812000000,108.6
1726815600000,88.92
1726819200000,62.05
1726822800000,24.69
1726826400000,8.24
1726830000000,-0.01
1726833600000,0.07
1726837200000,7.56
1726840800000,43.68
1726844400000,84.12
1726848000000,106.01
1726851600000,145.72
1726855200000,108.84
1726858800000,91.07
1726862400000,87.8
1726866000000,87.08
1726869600000,88.29
1726873200000,85.3
1726876800000,82.0
1726880400000,82.19
1726884000000,86.38
1726887600000,89.48
1726891200000,99.69
1726894800000,97.76
1726898400000,85.3
1726902000000,60.99
1726905600000,22.0
1726909200000,3.15
1726912800000,0.0
1726916400000,-3.36
1726920000000,-3.95
1726923600000,1.09
1726927200000,47.26
1726930800000,97.19
1726934400000,127.5
1726938000000,141.99
1726941600000,112.5
1726945200000,95.93
1726948800000,93.6
1726952400000,88.3
1726956000000,97.73
1726959600000,90.05
1726963200000,89.99
1726966800000,89.5
1726970400000,90.75
1726974000000,90.65
1726977600000,94.88
1726981200000,97.31
1726984800000,86.48
1726988400000,62.79
1726992000000,26.17
1726995600000,11.13
1726999200000,7.69
1727002800000,-0.08
1727006400000,0.01
1727010000000,9.66
1727013600000,61.6
1727017200000,106.27
1727020800000,132.23
1727024400000,157.18
1727028000000,126.11
1727031600000,109.54
1727035200000,98.72
1727038800000,92.0
1727042400000,90.8
1727046000000,84.08
1727049600000,85.2
1727053200000,87.15
1727056800000,86.93
1727060400000,97.3
1727064000000,133.4
1727067600000,203.73
1727071200000,151.33
1727074800000,109.99
1727078400000,94.66
1727082000000,80.16
1727085600000,78.94
1727089200000,76.55
1727092800000,76.77
1727096400000,80.98
1727100000000,102.25
1727103600000,136.01
1727107200000,240.26
1727110800000,328.39
1727114400000,178.64
1727118000000,116.71
1727121600000,100.93
1727125200000,91.54
1727128800000,88.2
1727132400000,82.51
1727136000000,83.69
1727139600000,85.02
1727143200000,83.26
1727146800000,88.29
1727150400000,110.75
1727154000000,141.96
1727157600000,127.4
1727161200000,106.02
1727164800000,92.61
1727168400000,83.87
1727172000000,75.75
1727175600000,68.99
1727179200000,61.59
1727182800000,74.94
1727186400000,83.27
1727190000000,104.04
1727193600000,119.05
1727197200000,124.13
1727200800000,101.7
1727204400000,80.44
1727208000000,74.48
1727211600000,60.58
1727215200000,51.48
1727218800000,42.18
1727222400000,39.2
1727226000000,39.45
1727229600000,54.77
1727233200000,63.95
1727236800000,78.34
1727240400000,83.77
1727244000000,88.15
1727247600000,70.32
1727251200000,49.46
1727254800000,25.24
1727258400000,19.1
1727262000000,18.78
1727265600000,55.53
1727269200000,72.23
1727272800000,89.69
1727276400000,107.85
1727280000000,156.2
1727283600000,195.42
1727287200000,131.84
1727290800000,96.61
1727294400000,91.64
1727298000000,82.22
1727301600000,66.02
1727305200000,58.78
1727308800000,52.34
1727312400000,49.87
1727316000000,45.53
1727319600000,49.71
1727323200000,72.03
1727326800000,85.2
1727330400000,83.4
1727334000000,67.33
1727337600000,49.23
1727341200000,31.62
1727344800000,17.0
1727348400000,12.08
1727352000000,12.68
1727355600000,37.9
1727359200000,54.91
1727362800000,73.65
1727366400000,80.0
1727370000000,89.0
1727373600000,78.93
1727377200000,62.84
1727380800000,53.72
1727384400000,36.3
1727388000000,-0.06
1727391600000,0.04
1727395200000,-0.01
1727398800000,-0.59
1727402400000,-0.2
1727406000000,-0.03
1727409600000,0.0
1727413200000,25.92
1727416800000,39.92
1727420400000,5.53
1727424000000,-0.09
1727427600000,-3.75
1727431200000,-5.56
1727434800000,-6.32
1727438400000,-5.05
1727442000000,-0.11
1727445600000,0.0
1727449200000,37.83
1727452800000,62.55
1727456400000,60.47
1727460000000,59.57
1727463600000,33.09
1727467200000,26.03
1727470800000,25.0
1727474400000,1.77
1727478000000,3.03
1727481600000,3.29
1727485200000,3.16
1727488800000,3.27
1727492400000,4.15
1727496000000,11.96
1727499600000,22.28
1727503200000,26.21
1727506800000,18.91
1727510400000,9.75
1727514000000,3.78
1727517600000,0.65
1727521200000,0.0
1727524800000,0.0
1727528400000,0.06
1727532000000,9.82
1727535600000,63.23
1727539200000,80.28
1727542800000,100.08
1727546400000,96.31
1727550000000,80.7
1727553600000,80.28
1727557200000,74.73
1727560800000,60.66
1727564400000,45.5
1727568000000,44.16
1727571600000,43.35
1727575200000,57.74
1727578800000,73.63
1727582400000,77.0
1727586000000,98.0
1727589600000,96.88
1727593200000,54.43
1727596800000,1.33
1727600400000,0.0
1727604000000,-0.01
1727607600000,-0.5
1727611200000,-0.45
1727614800000,0.0
1727618400000,43.24
1727622000000,94.01
1727625600000,152.59
1727629200000,167.32
1727632800000,109.61
1727636400000,80.13
1727640000000,64.3
1727643600000,37.39
1727647200000,19.0
1727650800000,11.45
1727654400000,8.4
1727658000000,5.53
1727661600000,5.61
1727665200000,16.98
1727668800000,45.64
1727672400000,90.42
1727676000000,93.55
1727679600000,68.46
1727683200000,44.41
1727686800000,20.91
1727690400000,9.28
1727694000000,2.06
1727697600000,7.63
1727701200000,21.96
1727704800000,35.13
1727708400000,64.6
1727712000000,70.36
1727715600000,64.24
1727719200000,42.35
1727722800000,21.93
1727726400000,20.01
1727730000000,9.84
1727733600000,3.21
1727737200000,0.07
1727740800000,0.05
1727744400000,0.02
1727748000000,0.09
1727751600000,6.8
1727755200000,63.96
1727758800000,103.35
1727762400000,114.98
1727766000000,100.41
1727769600000,76.48
1727773200000,68.21
1727776800000,58.6
1727780400000,55.66
1727784000000,56.51
1727787600000,62.18
1727791200000,98.94
1727794800000,109.58
1727798400000,133.9
1727802000000,136.51
1727805600000,118.54
1727809200000,92.3
1727812800000,91.45
1727816400000,76.24
1727820000000,85.44
1727823600000,80.88
1727827200000,77.09
1727830800000,74.93
1727834400000,77.14
1727838000000,81.1
1727841600000,96.53
1727845200000,118.83
1727848800000,135.7
1727852400000,117.59
1727856000000,103.21
1727859600000,96.52
1727863200000,90.45
1727866800000,86.44
1727870400000,78.87
1727874000000,82.07
1727877600000,81.51
1727881200000,100.1
1727884800000,117.01
1727888400000,130.07
1727892000000,114.37
1727895600000,96.54
1727899200000,93.3
1727902800000,85.0
1727906400000,67.33
1727910000000,65.86
1727913600000,65.14
1727917200000,64.18
1727920800000,63.98
1727924400000,64.4
1727928000000,65.43
1727931600000,73.37
1727935200000,76.67
1727938800000,72.9
1727942400000,69.28
1727946000000,63.04
1727949600000,47.09
1727953200000,33.98
1727956800000,39.14
1727960400000,51.36
1727964000000,66.04
1727967600000,89.7
1727971200000,110.07
1727974800000,115.32
1727978400000,108.28
1727982000000,98.76
1727985600000,90.96
1727989200000,81.46
1727992800000,73.9
1727996400000,72.52
1728000000000,72.1
1728003600000,72.0
1728007200000,72.33
1728010800000,77.1
1728014400000,103.0
1728018000000,126.54
1728021600000,141.42
1728025200000,116.27
1728028800000,100.09
1728032400000,85.0
1728036000000,75.07
1728039600000,73.49
1728043200000,75.82
1728046800000,79.07
1728050400000,89.8
1728054000000,107.1
1728057600000,131.97
1728061200000,149.02
1728064800000,123.7
1728068400000,99.9
1728072000000,99.9
1728075600000,90.0
1728079200000,93.1
1728082800000,84.64
1728086400000,81.4
1728090000000,75.54
1728093600000,75.72
1728097200000,79.82
1728100800000,86.2
1728104400000,100.4
1728108000000,110.62
1728111600000,103.0
1728115200000,82.42
1728118800000,68.27
1728122400000,51.44
1728126000000,38.88
1728129600000,43.49
1728133200000,62.92
1728136800000,77.12
1728140400000,99.48
1728144000000,148.65
1728147600000,143.28
1728151200000,107.23
1728154800000,96.56
1728158400000,85.23
1728162000000,67.0
1728165600000,67.04
1728169200000,63.97
1728172800000,62.83
1728176400000,63.35
1728180000000,62.71
1728183600000,63.97
1728187200000,63.41
1728190800000,72.81
1728194400000,77.2
1728198000000,66.06
1728201600000,35.28
1728205200000,16.68
1728208800000,5.25
1728212400000,-0.01
1728216000000,-0.01
1728219600000,0.2
1728223200000,59.6
1728226800000,90.94
1728230400000,106.3
1728234000000,97.22
1728237600000,72.98
1728241200000,59.37
1728244800000,58.69
1728248400000,51.71
1728252000000,34.58
1728255600000,35.34
1728259200000,33.25
1728262800000,30.15
1728266400000,36.09
1728270000000,46.73
1728273600000,67.59
1728277200000,100.92
1728280800000,108.32
1728284400000,91.86
1728288000000,66.09
1728291600000,60.22
1728295200000,54.11
1728298800000,43.29
1728302400000,55.0
1728306000000,67.01
1728309600000,97.9
1728313200000,120.71
1728316800000,237.65
1728320400000,229.53
1728324000000,121.98
1728327600000,99.93
1728331200000,91.91
1728334800000,79.12
1728338400000,72.33
1728342000000,67.07
1728345600000,63.99
1728349200000,59.67
1728352800000,59.69
1728356400000,67.43
1728360000000,85.97
1728363600000,110.37
1728367200000,106.24
1728370800000,85.0
1728374400000,80.33
1728378000000,80.5
1728381600000,76.0
1728385200000,82.53
1728388800000,88.39
1728392400000,90.08
1728396000000,101.19
1728399600000,126.34
1728403200000,156.77
1728406800000,168.2
1728410400000,114.41
1728414000000,94.9
1728417600000,86.6
1728421200000,67.6
1728424800000,61.93
1728428400000,60.0
1728432000000,57.48
1728435600000,54.32
1728439200000,57.32
1728442800000,63.87
1728446400000,86.7
1728450000000,111.19
1728453600000,110.98
1728457200000,87.0
1728460800000,72.09
1728464400000,59.9
1728468000000,59.8
1728471600000,59.85
1728475200000,67.63
1728478800000,77.17
1728482400000,95.0
1728486000000,117.45
1728489600000,122.53
1728493200000,127.12
1728496800000,111.05
1728500400000,95.8
1728504000000,95.1
1728507600000,82.34
1728511200000,61.19
1728514800000,46.89
1728518400000,37.75
1728522000000,32.0
1728525600000,29.64
1728529200000,39.6
1728532800000,62.1
1728536400000,84.9
1728540000000,80.46
1728543600000,67.5
1728547200000,52.01
1728550800000,38.93
1728554400000,21.89
1728558000000,15.94
1728561600000,20.01
1728565200000,38.37
1728568800000,58.5
1728572400000,85.82
1728576000000,96.07
1728579600000,119.32
1728583200000,101.19
1728586800000,90.41
1728590400000,83.16
1728594000000,69.93
1728597600000,79.96
1728601200000,73.21
1728604800000,71.7
1728608400000,67.91
1728612000000,69.56
1728615600000,73.39
1728619200000,99.95
1728622800000,140.41
1728626400000,155.49
1728630000000,110.01
1728633600000,90.0
1728637200000,72.35
1728640800000,61.65
1728644400000,57.17
1728648000000,59.56
1728651600000,66.96
1728655200000,73.35
1728658800000,112.78
1728662400000,167.86
1728666000000,174.24
1728669600000,121.31
1728673200000,99.79
1728676800000,98.41
1728680400000,87.83
1728684000000,90.09
1728687600000,79.42
1728691200000,75.58
1728694800000,75.02
1728698400000,71.92
1728702000000,67.9
1728705600000,71.63
1728709200000,68.73
1728712800000,68.91
1728716400000,41.82
1728720000000,35.3
1728723600000,34.28
1728727200000,24.79
1728730800000,14.33
1728734400000,23.34
1728738000000,46.35
1728741600000,63.18
1728745200000,76.02
1728748800000,80.86
1728752400000,77.62
1728756000000,60.19
1728759600000,45.42
1728763200000,34.87
1728766800000,25.37
1728770400000,0.0
1728774000000,-0.01
1728777600000,-0.07
1728781200000,-0.37
1728784800000,-0.51
1728788400000,-0.09
1728792000000,-0.3
1728795600000,-0.04
1728799200000,-0.07
1728802800000,-0.86
1728806400000,-0.64
1728810000000,-1.97
1728813600000,-7.49
1728817200000,-15.16
1728820800000,-15.69
1728824400000,-5.01
1728828000000,-1.99
1728831600000,0.06
1728835200000,35.83
1728838800000,54.05
1728842400000,39.51
1728846000000,38.43
1728849600000,40.13
1728853200000,36.81
1728856800000,37.1
1728860400000,35.25
1728864000000,35.17
1728867600000,34.36
1728871200000,39.33
1728874800000,62.2
1728878400000,98.74
1728882000000,132.89
1728885600000,153.61
1728889200000,117.94
1728892800000,100.95
1728896400000,95.53
1728900000000,88.36
1728903600000,82.6
1728907200000,74.16
1728910800000,87.08
1728914400000,105.79
1728918000000,159.59
1728921600000,257.1
1728925200000,269.74
1728928800000,158.0
1728932400000,114.12
1728936000000,99.66
1728939600000,94.8
1728943200000,91.23
1728946800000,86.49
1728950400000,88.35
1728954000000,84.04
1728957600000,80.8
1728961200000,89.51
1728964800000,114.53
1728968400000,185.39
1728972000000,176.61
1728975600000,110.54
1728979200000,92.75
1728982800000,83.05
1728986400000,78.47
1728990000000,71.75
1728993600000,75.9
1728997200000,83.36
1729000800000,89.03
1729004400000,120.69
1729008000000,136.79
1729011600000,97.31
1729015200000,76.26
1729018800000,66.65
1729022400000,59.65
1729026000000,40.78
1729029600000,23.35
1729033200000,12.8
1729036800000,5.3
1729040400000,3.61
1729044000000,3.16
1729047600000,8.2
1729051200000,42.59
1729054800000,67.29
1729058400000,66.52
1729062000000,54.29
1729065600000,26.68
1729069200000,14.16
1729072800000,4.09
1729076400000,2.04
1729080000000,4.0
1729083600000,14.18
1729087200000,54.92
1729090800000,72.95
1729094400000,84.47
1729098000000,88.38
1729101600000,65.31
1729105200000,61.86
1729108800000,35.14
1729112400000,26.54
1729116000000,17.04
1729119600000,12.15
1729123200000,10.48
1729126800000,5.61
1729130400000,10.01
1729134000000,29.8
1729137600000,70.51
1729141200000,101.39
1729144800000,92.53
1729148400000,73.76
1729152000000,62.22
1729155600000,52.02
1729159200000,46.54
1729162800000,47.52
1729166400000,60.04
1729170000000,63.55
1729173600000,92.68
1729177200000,123.6
1729180800000,186.21
1729184400000,172.19
1729188000000,117.5
1729191600000,97.81
1729195200000,89.05
1729198800000,82.21
1729202400000,80.95
1729206000000,81.16
1729209600000,82.73
1729213200000,78.84
1729216800000,81.19
1729220400000,84.34
1729224000000,98.89
1729227600000,149.78
1729231200000,156.24
1729234800000,111.0
1729238400000,95.76
1729242000000,85.3
1729245600000,82.96
1729249200000,80.2
1729252800000,81.19
1729256400000,84.34
1729260000000,103.29
1729263600000,133.67
1729267200000,181.28
1729270800000,142.58
1729274400000,103.25
1729278000000,96.83
1729281600000,93.26
1729285200000,85.54
1729288800000,87.06
1729292400000,83.03
1729296000000,79.91
1729299600000,75.26
1729303200000,75.87
1729306800000,76.77
1729310400000,80.0
1729314000000,91.91
1729317600000,89.66
1729321200000,84.6
1729324800000,78.8
1729328400000,73.32
1729332000000,66.16
1729335600000,60.96
1729339200000,63.89
1729342800000,79.07
1729346400000,98.09
1729350000000,109.14
1729353600000,135.82
1729357200000,118.93
1729360800000,96.8
1729364400000,90.18
1729368000000,83.83
1729371600000,73.33
1729375200000,55.57
1729378800000,54.9
1729382400000,57.23
1729386000000,59.82
1729389600000,62.92
1729393200000,66.91
1729396800000,64.23
1729400400000,75.32
1729404000000,68.28
1729407600000,45.75
1729411200000,6.37
1729414800000,0.08
1729418400000,0.0
1729422000000,-0.98
1729425600000,-2.01
1729429200000,0.0
1729432800000,5.1
1729436400000,57.69
1729440000000,60.7
1729443600000,45.08
1729447200000,34.35
1729450800000,20.95
1729454400000,12.15
1729458000000,1.93
1729461600000,-0.1
1729465200000,-0.1
1729468800000,-0.14
1729472400000,-0.08
1729476000000,-0.04
1729479600000,3.45
1729483200000,66.6
1729486800000,104.98
1729490400000,120.39
1729494000000,103.9
1729497600000,89.04
1729501200000,81.03
1729504800000,73.19
1729508400000,81.36
1729512000000,81.65
1729515600000,98.59
1729519200000,123.5
1729522800000,131.54
1729526400000,222.11
1729530000000,190.87
1729533600000,128.44
1729537200000,102.0
1729540800000,97.8
1729544400000,92.97
1729548000000,91.67
1729551600000,89.43
1729555200000,85.69
1729558800000,83.6
1729562400000,83.19
1729566000000,89.95
1729569600000,100.58
1729573200000,156.09
1729576800000,170.12
1729580400000,113.44
1729584000000,99.22
1729587600000,87.75
1729591200000,77.11
1729594800000,70.88
1729598400000,73.53
1729602000000,87.08
1729605600000,107.45
1729609200000,109.97
1729612800000,140.36
1729616400000,157.75
1729620000000,114.02
1729623600000,99.4
1729627200000,95.72
1729630800000,88.35
1729634400000,80.83
1729638000000,83.23
1729641600000,82.02
1729645200000,83.21
1729648800000,85.8
1729652400000,93.6
1729656000000,108.19
1729659600000,172.79
1729663200000,183.13
1729666800000,128.42
1729670400000,104.1
1729674000000,93.86
1729677600000,85.62
1729681200000,80.99
1729684800000,78.97
1729688400000,88.62
1729692000000,101.9
1729695600000,147.15
1729699200000,218.18
1729702800000,177.6
1729706400000,111.71
1729710000000,101.51
1729713600000,103.33
1729717200000,93.16
1729720800000,91.75
1729724400000,82.42
1729728000000,80.67
1729731600000,80.29
1729735200000,80.45
1729738800000,83.82
1729742400000,103.21
1729746000000,148.29
1729749600000,171.27
1729753200000,117.3
1729756800000,101.91
1729760400000,93.05
1729764000000,83.96
1729767600000,79.15
1729771200000,81.51
1729774800000,95.7
1729778400000,116.17
1729782000000,129.9
1729785600000,141.53
1729789200000,114.19
1729792800000,96.61
1729796400000,93.64
1729800000000,89.9
1729803600000,83.61
1729807200000,82.5
1729810800000,82.07
1729814400000,79.69
1729818000000,82.6
1729821600000,84.47
1729825200000,94.59
1729828800000,108.94
1729832400000,123.75
1729836000000,150.59
1729839600000,122.43
1729843200000,108.15
1729846800000,93.9
1729850400000,81.08
1729854000000,78.18
1729857600000,82.47
1729861200000,99.33
1729864800000,118.03
1729868400000,158.73
1729872000000,227.32
1729875600000,184.85
1729879200000,123.86
1729882800000,116.29
1729886400000,113.96
1729890000000,107.4
1729893600000,115.29
1729897200000,109.64
1729900800000,106.95
1729904400000,107.79
1729908000000,105.7
1729911600000,106.82
1729915200000,113.93
1729918800000,125.71
1729922400000,126.0
1729926000000,117.57
1729929600000,101.39
1729933200000,81.48
1729936800000,68.35
1729940400000,63.3
1729944000000,64.55
1729947600000,81.44
1729951200000,100.6
1729954800000,125.73
1729958400000,150.9
1729962000000,118.74
1729965600000,96.48
1729969200000,88.76
1729972800000,87.5
1729976400000,76.63
1729980000000,92.22
1729983600000,84.0
1729987200000,82.23
1729990800000,80.43
1729994400000,79.41
1729998000000,78.79
1730001600000,85.14
1730005200000,89.21
1730008800000,88.05
1730012400000,84.34
1730016000000,66.48
1730019600000,54.72
1730023200000,42.5
1730026800000,39.99
1730030400000,40.0
1730034000000,64.33
1730037600000,111.53
1730041200000,123.67
1730044800000,148.3
1730048400000,145.71
1730052000000,130.47
1730055600000,118.15
1730059200000,112.01
1730062800000,113.68
1730066400000,102.99
1730070000000,95.6
1730073600000,94.37
1730077200000,88.74
1730080800000,84.09
1730084400000,86.26
1730088000000,99.93
1730091600000,109.92
1730095200000,130.01
1730098800000,127.38
1730102400000,116.18
1730106000000,97.61
1730109600000,98.31
1730113200000,94.93
1730116800000,101.33
1730120400000,113.93
1730124000000,121.36
1730127600000,124.2
1730131200000,141.11
1730134800000,148.8
1730138400000,146.12
1730142000000,124.19
1730145600000,115.59
1730149200000,109.96
1730152800000,102.41
1730156400000,101.34
1730160000000,100.04
1730163600000,98.83
1730167200000,98.17
1730170800000,100.02
1730174400000,113.1
1730178000000,127.38
1730181600000,157.73
1730185200000,151.32
1730188800000,129.69
1730192400000,120.7
1730196000000,112.97
1730199600000,105.45
1730203200000,117.73
1730206800000,135.94
1730210400000,172.26
1730214000000,212.72
1730217600000,285.8
1730221200000,257.44
1730224800000,203.82
1730228400000,140.6
1730232000000,124.05
1730235600000,118.08
1730239200000,103.09
1730242800000,100.71
1730246400000,100.52
1730250000000,98.16
1730253600000,98.05
1730257200000,100.56
1730260800000,106.32
1730264400000,123.54
1730268000000,139.68
1730271600000,138.91
1730275200000,124.34
1730278800000,115.0
1730282400000,109.68
1730286000000,102.53
1730289600000,106.95
1730293200000,111.31
1730296800000,126.16
1730300400000,160.0
1730304000000,193.88
1730307600000,192.89
1730311200000,159.44
1730314800000,133.56
1730318400000,122.67
1730322000000,115.34
1730325600000,112.37
1730329200000,105.16
1730332800000,98.51
1730336400000,96.58
1730340000000,94.81
1730343600000,98.03
1730347200000,102.34
1730350800000,121.15
1730354400000,135.53
1730358000000,133.47
1730361600000,123.28
1730365200000,105.14
1730368800000,98.05
1730372400000,88.91
1730376000000,92.55
1730379600000,99.38
1730383200000,111.5
1730386800000,123.17
1730390400000,129.0
1730394000000,128.41
1730397600000,117.84
1730401200000,105.8
1730404800000,85.34
1730408400000,80.44
1730412000000,64.56
1730415600000,63.34
1730419200000,62.95
1730422800000,57.1
1730426400000,54.54
1730430000000,56.99
1730433600000,63.21
1730437200000,69.68
1730440800000,70.35
1730444400000,64.18
1730448000000,61.2
1730451600000,55.01
1730455200000,32.04
1730458800000,29.49
1730462400000,34.9
1730466000000,63.83
1730469600000,89.33
1730473200000,115.98
1730476800000,119.87
1730480400000,117.97
1730484000000,117.59
1730487600000,113.2
1730491200000,104.64
1730494800000,98.41
1730498400000,85.64
1730502000000,95.75
1730505600000,91.31
1730509200000,88.76
1730512800000,86.0
1730516400000,86.85
1730520000000,92.13
1730523600000,96.97
1730527200000,100.11
1730530800000,101.16
1730534400000,109.64
1730538000000,91.19
1730541600000,94.44
1730545200000,88.68
1730548800000,91.51
1730552400000,103.42
1730556000000,122.3
1730559600000,137.61
1730563200000,158.56
1730566800000,149.92
1730570400000,134.96
1730574000000,122.79
1730577600000,111.26
1730581200000,106.28
1730584800000,100.61
1730588400000,101.19
1730592000000,96.63
1730595600000,89.05
1730599200000,85.09
1730602800000,87.43
1730606400000,88.5
1730610000000,95.56
1730613600000,98.11
1730617200000,88.47
1730620800000,83.97
1730624400000,70.71
1730628000000,60.78
1730631600000,52.63
1730635200000,61.08
1730638800000,84.37
1730642400000,100.95
1730646000000,115.16
1730649600000,127.91
1730653200000,126.09
1730656800000,120.72
1730660400000,110.8
1730664000000,102.0
1730667600000,100.69
1730671200000,94.53
1730674800000,92.04
1730678400000,89.96
1730682000000,90.07
1730685600000,89.86
1730689200000,90.8
1730692800000,98.52
1730696400000,124.89
1730700000000,144.91
1730703600000,139.18
1730707200000,120.63
1730710800000,100.0
1730714400000,97.12
1730718000000,95.16
1730721600000,98.47
1730725200000,103.17
1730728800000,130.4
1730732400000,181.47
1730736000000,290.21
1730739600000,241.04
1730743200000,162.09
1730746800000,123.0
1730750400000,112.27
1730754000000,107.98
1730757600000,97.6
1730761200000,101.77
1730764800000,94.0
1730768400000,91.2
1730772000000,93.0
1730775600000,95.39
1730779200000,104.88
1730782800000,127.95
1730786400000,149.32
1730790000000,139.15
1730793600000,118.23
1730797200000,105.87
1730800800000,95.28
1730804400000,94.92
1730808000000,99.25
1730811600000,110.35
1730815200000,155.99
1730818800000,331.83
1730822400000,505.31
1730826000000,468.74
1730829600000,341.7
1730833200000,172.14
1730836800000,130.77
1730840400000,117.77
1730844000000,110.03
1730847600000,106.39
1730851200000,99.05
1730854800000,95.47
1730858400000,97.04
1730862000000,100.51
1730865600000,110.25
1730869200000,163.4
1730872800000,299.99
1730876400000,240.54
1730880000000,144.94
1730883600000,133.46
1730887200000,123.2
1730890800000,123.2
1730894400000,125.55
1730898000000,141.76
1730901600000,270.09
1730905200000,524.25
1730908800000,820.11
1730912400000,805.08
1730916000000,450.0
1730919600000,207.35
1730923200000,133.48
1730926800000,119.35
1730930400000,111.73
1730934000000,109.54
1730937600000,102.98
1730941200000,99.74
1730944800000,99.85
1730948400000,102.73
1730952000000,116.89
1730955600000,157.41
1730959200000,219.56
1730962800000,191.99
1730966400000,152.92
1730970000000,148.9
1730973600000,134.81
1730977200000,135.06
1730980800000,132.91
1730984400000,139.94
1730988000000,189.42
1730991600000,261.16
1730995200000,408.26
1730998800000,296.78
1731002400000,175.11
1731006000000,129.41
1731009600000,113.92
1731013200000,111.77
1731016800000,99.87
1731020400000,99.57
1731024000000,99.73
1731027600000,97.97
1731031200000,97.69
1731034800000,97.45
1731038400000,98.21
1731042000000,107.19
1731045600000,127.55
1731049200000,132.91
1731052800000,126.52
1731056400000,117.34
1731060000000,110.94
1731063600000,105.59
1731067200000,106.81
1731070800000,112.25
1731074400000,123.59
1731078000000,129.1
1731081600000,128.56
1731085200000,132.9
1731088800000,127.19
1731092400000,115.74
1731096000000,109.48
1731099600000,113.0
1731103200000,104.06
1731106800000,105.1
1731110400000,99.96
1731114000000,98.0
1731117600000,96.68
1731121200000,98.41
1731124800000,100.69
1731128400000,104.31
1731132000000,109.87
1731135600000,114.1
1731139200000,114.6
1731142800000,109.97
1731146400000,106.4
1731150000000,106.88
1731153600000,108.0
1731157200000,110.18
1731160800000,121.46
1731164400000,137.23
1731168000000,146.93
1731171600000,147.8
1731175200000,139.9
1731178800000,128.32
1731182400000,117.96
1731186000000,114.53
1731189600000,110.1
1731193200000,104.99
1731196800000,102.28
1731200400000,102.01
1731204000000,100.86
1731207600000,100.88
1731211200000,101.98
1731214800000,100.32
1731218400000,102.45
1731222000000,105.38
1731225600000,110.99
1731229200000,112.62
1731232800000,110.13
1731236400000,110.92
1731240000000,108.6
1731243600000,112.36
1731247200000,126.22
1731250800000,134.02
1731254400000,148.72
1731258000000,146.01
1731261600000,138.61
1731265200000,125.31
1731268800000,115.28
1731272400000,111.1
1731276000000,108.02
1731279600000,109.65
1731283200000,103.68
1731286800000,100.0
1731290400000,97.86
1731294000000,97.5
1731297600000,103.89
1731301200000,115.69
1731304800000,128.35
1731308400000,135.06
1731312000000,132.94
1731315600000,128.5
1731319200000,124.21
1731322800000,119.84
1731326400000,129.02
1731330000000,130.44
1731333600000,139.05
1731337200000,140.94
1731340800000,153.18
1731344400000,147.09
1731348000000,133.7
1731351600000,121.94
1731355200000,112.88
1731358800000,111.56
1731362400000,105.4
1731366000000,110.31
1731369600000,104.64
1731373200000,102.69
1731376800000,103.99
1731380400000,107.5
1731384000000,118.01
1731387600000,147.67
1731391200000,185.52
1731394800000,201.64
1731398400000,223.33
1731402000000,190.24
1731405600000,171.08
1731409200000,161.59
1731412800000,156.47
1731416400000,174.37
1731420000000,218.78
1731423600000,272.73
1731427200000,317.89
1731430800000,225.33
1731434400000,171.35
1731438000000,149.12
1731441600000,131.9
1731445200000,125.21
1731448800000,115.59
1731452400000,117.15
1731456000000,111.71
1731459600000,107.85
1731463200000,107.45
1731466800000,110.63
1731470400000,119.0
1731474000000,131.1
1731477600000,164.78
1731481200000,225.45
1731484800000,227.43
1731488400000,200.8
1731492000000,177.7
1731495600000,160.99
1731499200000,162.07
1731502800000,159.9
1731506400000,165.6
1731510000000,178.28
1731513600000,178.43
1731517200000,173.9
1731520800000,161.79
1731524400000,125.22
1731528000000,114.86
1731531600000,113.51
1731535200000,106.62
1731538800000,101.7
1731542400000,99.83
1731546000000,96.01
1731549600000,92.25
1731553200000,91.41
1731556800000,92.24
1731560400000,103.44
1731564000000,115.61
1731567600000,127.14
1731571200000,123.92
1731574800000,125.65
1731578400000,124.84
1731582000000,121.68
1731585600000,127.4
1731589200000,134.01
1731592800000,142.18
1731596400000,147.41
1731600000000,155.91
1731603600000,154.09
1731607200000,148.29
1731610800000,138.58
1731614400000,129.44
1731618000000,122.89
1731621600000,112.48
1731625200000,110.44
1731628800000,106.71
1731632400000,107.01
1731636000000,103.62
1731639600000,104.42
1731643200000,108.6
1731646800000,129.26
1731650400000,144.16
1731654000000,157.77
1731657600000,150.86
1731661200000,138.84
1731664800000,135.08
1731668400000,121.74
1731672000000,121.8
1731675600000,131.89
1731679200000,141.75
1731682800000,133.95
1731686400000,136.26
1731690000000,134.77
1731693600000,128.39
1731697200000,115.73
1731700800000,110.74
1731704400000,108.19
1731708000000,98.1
1731711600000,101.92
1731715200000,95.43
1731718800000,89.87
1731722400000,86.57
1731726000000,88.81
1731729600000,86.95
1731733200000,73.82
1731736800000,90.1
1731740400000,104.75
1731744000000,109.77
1731747600000,107.6
1731751200000,99.03
1731754800000,96.98
1731758400000,96.97
1731762000000,93.72
1731765600000,100.22
1731769200000,108.99
1731772800000,118.93
1731776400000,114.95
1731780000000,104.18
1731783600000,82.67
1731787200000,72.82
1731790800000,73.83
1731794400000,65.67
1731798000000,80.1
1731801600000,69.28
1731805200000,72.48
1731808800000,58.72
1731812400000,42.0
1731816000000,34.81
1731819600000,42.36
1731823200000,60.69
1731826800000,64.8
1731830400000,65.4
1731834000000,68.3
1731837600000,64.79
1731841200000,54.9
1731844800000,46.86
1731848400000,61.25
1731852000000,64.8
1731855600000,70.1
1731859200000,102.84
1731862800000,80.7
1731866400000,65.4
1731870000000,57.41
1731873600000,64.79
1731877200000,68.76
1731880800000,62.02
1731884400000,65.42
1731888000000,64.39
1731891600000,59.86
1731895200000,42.39
1731898800000,58.17
1731902400000,74.23
1731906000000,95.55
1731909600000,121.66
1731913200000,121.91
1731916800000,119.56
1731920400000,111.51
1731924000000,92.98
1731927600000,79.5
1731931200000,94.13
1731934800000,109.52
1731938400000,119.98
1731942000000,132.48
1731945600000,159.9
1731949200000,161.82
1731952800000,152.96
1731956400000,128.94
1731960000000,117.62
1731963600000,116.99
1731967200000,108.7
1731970800000,107.06
1731974400000,101.4
1731978000000,95.58
1731981600000,91.73
1731985200000,95.28
1731988800000,98.73
1731992400000,116.27
1731996000000,131.59
1731999600000,155.06
1732003200000,157.57
1732006800000,156.26
1732010400000,152.81
1732014000000,148.19
1732017600000,144.14
1732021200000,140.15
1732024800000,128.78
1732028400000,132.89
1732032000000,140.19
1732035600000,134.65
1732039200000,125.93
1732042800000,117.1
1732046400000,109.37
1732050000000,105.25
1732053600000,89.84
1732057200000,100.14
1732060800000,92.0
1732064400000,86.6
1732068000000,81.52
1732071600000,81.96
1732075200000,93.29
1732078800000,107.55
1732082400000,135.62
1732086000000,142.87
1732089600000,140.09
1732093200000,120.35
1732096800000,107.77
1732100400000,97.26
1732104000000,97.36
1732107600000,106.64
1732111200000,130.84
1732114800000,135.09
1732118400000,142.0
1732122000000,142.58
1732125600000,140.26
1732129200000,135.98
1732132800000,123.05
1732136400000,116.42
1732140000000,103.5
1732143600000,93.96
1732147200000,90.4
1732150800000,86.8
1732154400000,84.15
1732158000000,84.23
1732161600000,92.48
1732165200000,107.17
1732168800000,121.44
1732172400000,132.99
1732176000000,134.98
1732179600000,127.33
1732183200000,115.47
1732186800000,113.57
1732190400000,120.83
1732194000000,141.62
1732197600000,154.85
1732201200000,174.97
1732204800000,182.26
1732208400000,161.34
1732212000000,154.05
1732215600000,131.33
1732219200000,123.05
1732222800000,122.9
1732226400000,107.46
1732230000000,116.12
1732233600000,106.21
1732237200000,97.85
1732240800000,91.37
1732244400000,88.65
1732248000000,92.16
1732251600000,117.06
1732255200000,135.3
1732258800000,144.08
1732262400000,141.58
1732266000000,135.75
1732269600000,116.84
1732273200000,105.14
1732276800000,95.23
1732280400000,96.18
1732284000000,106.24
1732287600000,111.21
1732291200000,128.44
1732294800000,134.28
1732298400000,128.8
1732302000000,106.21
1732305600000,106.35
1732309200000,93.25
1732312800000,77.0
1732316400000,80.0
1732320000000,76.87
1732323600000,77.88
1732327200000,79.04
1732330800000,79.35
1732334400000,82.54
1732338000000,82.05
1732341600000,89.27
1732345200000,97.48
1732348800000,85.62
1732352400000,78.54
1732356000000,73.5
1732359600000,71.2
1732363200000,75.85
1732366800000,85.68
1732370400000,104.55
1732374000000,87.31
1732377600000,95.56
1732381200000,86.08
1732384800000,71.0
1732388400000,59.55
1732392000000,48.03
1732395600000,39.1
1732399200000,18.46
1732402800000,1.01
1732406400000,0.0
1732410000000,0.0
1732413600000,-0.01
1732417200000,-0.02
1732420800000,-0.03
1732424400000,-0.05
1732428000000,-0.03
1732431600000,1.37
1732435200000,3.75
1732438800000,2.07
1732442400000,2.53
1732446000000,1.01
1732449600000,1.01
1732453200000,3.11
1732456800000,6.61
1732460400000,13.99
1732464000000,15.52
1732467600000,16.18
1732471200000,12.02
1732474800000,7.4
1732478400000,4.5
1732482000000,3.27
1732485600000,0.01
1732489200000,-1.25
1732492800000,-1.59
1732496400000,-1.42
1732500000000,-1.86
1732503600000,-1.42
1732507200000,-0.28
1732510800000,0.09
1732514400000,54.38
1732518000000,77.01
1732521600000,66.57
1732525200000,42.55
1732528800000,41.37
1732532400000,40.0
1732536000000,57.16
1732539600000,67.97
1732543200000,94.99
1732546800000,92.58
1732550400000,116.08
1732554000000,128.0
1732557600000,118.0
1732561200000,94.73
1732564800000,81.26
1732568400000,86.26
1732572000000,69.17
1732575600000,89.53
1732579200000,77.99
1732582800000,77.66
1732586400000,70.55
1732590000000,72.72
1732593600000,82.26
1732597200000,101.45
1732600800000,130.9
1732604400000,137.84
1732608000000,127.09
1732611600000,112.09
1732615200000,100.0
1732618800000,90.9
1732622400000,102.07
1732626000000,116.1
1732629600000,123.95
1732633200000,143.1
1732636800000,155.52
1732640400000,160.91
1732644000000,153.28
1732647600000,126.38
1732651200000,118.23
1732654800000,122.13
1732658400000,113.34
1732662000000,104.74
1732665600000,106.28
1732669200000,110.0
1732672800000,111.46
1732676400000,114.66
1732680000000,123.92
1732683600000,140.5
1732687200000,160.0
1732690800000,184.84
1732694400000,164.45
1732698000000,153.1
1732701600000,150.0
1732705200000,145.66
1732708800000,140.49
1732712400000,130.09
1732716000000,131.7
1732719600000,117.56
1732723200000,110.24
1732726800000,112.29
1732730400000,101.84
1732734000000,78.14
1732737600000,71.86
1732741200000,67.05
1732744800000,48.78
1732748400000,49.21
1732752000000,41.21
1732755600000,32.95
1732759200000,32.08
1732762800000,31.69
1732766400000,52.29
1732770000000,64.98
1732773600000,88.13
1732777200000,107.41
1732780800000,107.41
1732784400000,92.1
1732788000000,98.7
1732791600000,96.16
1732795200000,96.68
1732798800000,97.86
1732802400000,111.59
1732806000000,132.62
1732809600000,149.33
1732813200000,158.23
1732816800000,153.91
1732820400000,143.97
1732824000000,132.49
1732827600000,122.16
1732831200000,112.6
1732834800000,110.3
1732838400000,107.01
1732842000000,103.47
1732845600000,102.8
1732849200000,105.3
1732852800000,115.28
1732856400000,145.1
1732860000000,169.28
1732863600000,181.35
1732867200000,162.49
1732870800000,143.01
1732874400000,136.4
1732878000000,126.59
1732881600000,119.5
1732885200000,129.58
1732888800000,141.02
1732892400000,152.01
1732896000000,150.44
1732899600000,142.03
1732903200000,130.81
1732906800000,119.9
1732910400000,115.1
1732914000000,113.73
1732917600000,103.45
1732921200000,98.83
1732924800000,92.0
1732928400000,89.69
1732932000000,86.9
1732935600000,88.18
1732939200000,90.18
1732942800000,88.9
1732946400000,103.06
1732950000000,107.39
1732953600000,91.17
1732957200000,85.2
1732960800000,86.12
1732964400000,87.7
1732968000000,90.03
1732971600000,93.35
1732975200000,124.34
1732978800000,132.89
1732982400000,136.94
1732986000000,135.9
1732989600000,131.96
1732993200000,124.51
1732996800000,115.08
1733000400000,114.78
1733004000000,106.67
1733007600000,99.66
1733011200000,90.01
1733014800000,88.14
1733018400000,85.7
1733022000000,84.8
1733025600000,85.31
1733029200000,84.43
1733032800000,89.97
1733036400000,99.64
1733040000000,94.6
1733043600000,89.3
1733047200000,82.38
1733050800000,85.25
1733054400000,83.08
1733058000000,90.61
1733061600000,108.62
1733065200000,121.53
1733068800000,117.77
1733072400000,121.51
1733076000000,110.23
1733079600000,91.35
1733083200000,84.36
1733086800000,96.98
1733090400000,85.0
1733094000000,74.77
1733097600000,65.78
1733101200000,61.17
1733104800000,46.44
1733108400000,50.21
1733112000000,69.53
1733115600000,92.08
1733119200000,125.25
1733122800000,125.2
1733126400000,123.63
1733130000000,121.27
1733133600000,115.8
1733137200000,115.09
1733140800000,127.6
1733144400000,136.74
1733148000000,144.04
1733151600000,144.75
1733155200000,147.68
1733158800000,147.9
1733162400000,138.0
1733166000000,120.01
1733169600000,112.68
1733173200000,111.72
1733176800000,102.21
1733180400000,110.73
1733184000000,103.05
1733187600000,96.28
1733191200000,93.22
1733194800000,100.48
1733198400000,108.09
1733202000000,121.76
1733205600000,142.39
1733209200000,154.62
1733212800000,150.09
1733216400000,141.37
1733220000000,139.23
1733223600000,135.62
1733227200000,142.41
1733230800000,150.02
1733234400000,168.94
1733238000000,205.18
1733241600000,210.0
1733245200000,197.88
1733248800000,189.83
1733252400000,170.04
1733256000000,153.61
1733259600000,142.08
1733263200000,130.81
1733266800000,120.99
1733270400000,116.66
1733274000000,112.79
1733277600000,110.19
1733281200000,112.26
1733284800000,120.91
1733288400000,145.2
1733292000000,209.76
1733295600000,276.66
1733299200000,250.76
1733302800000,212.21
1733306400000,198.95
1733310000000,192.25
1733313600000,199.82
1733317200000,218.44
1733320800000,242.87
1733324400000,267.35
1733328000000,287.76
1733331600000,230.22
1733335200000,197.59
1733338800000,165.68
1733342400000,148.34
1733346000000,128.33
1733349600000,113.27
1733353200000,114.77
1733356800000,105.74
1733360400000,103.27
1733364000000,104.5
1733367600000,103.27
1733371200000,104.12
1733374800000,135.88
1733378400000,143.54
1733382000000,141.29
1733385600000,131.78
1733389200000,124.92
1733392800000,107.31
1733396400000,102.67
1733400000000,102.93
1733403600000,102.89
1733407200000,100.87
1733410800000,101.5
1733414400000,118.31
1733418000000,112.16
1733421600000,105.36
1733425200000,87.13
1733428800000,77.3
1733432400000,74.17
1733436000000,43.14
1733439600000,10.64
1733443200000,4.6
1733446800000,3.87
1733450400000,2.31
1733454000000,2.99
1733457600000,10.35
1733461200000,63.49
1733464800000,92.71
1733468400000,110.17
1733472000000,110.16
1733475600000,104.08
1733479200000,98.37
1733482800000,91.9
1733486400000,100.7
1733490000000,109.0
1733493600000,116.92
1733497200000,131.55
1733500800000,142.99
1733504400000,151.07
1733508000000,142.48
1733511600000,130.0
1733515200000,119.42
1733518800000,121.08
1733522400000,102.14
1733526000000,86.65
1733529600000,74.32
1733533200000,68.0
1733536800000,63.87
1733540400000,58.09
1733544000000,50.16
1733547600000,39.46
1733551200000,43.28
1733554800000,58.06
1733558400000,62.86
1733562000000,64.92
1733565600000,64.92
1733569200000,68.0
1733572800000,72.84
1733576400000,74.24
1733580000000,82.5
1733583600000,96.45
1733587200000,96.0
1733590800000,87.92
1733594400000,82.41
1733598000000,78.92
1733601600000,85.03
1733605200000,82.5
1733608800000,74.8
1733612400000,93.91
1733616000000,86.83
1733619600000,86.73
1733623200000,83.95
1733626800000,84.44
1733630400000,91.13
1733634000000,91.25
1733637600000,91.29
1733641200000,100.84
1733644800000,109.4
1733648400000,110.84
1733652000000,117.39
1733655600000,118.36
1733659200000,116.74
1733662800000,111.91
1733666400000,121.38
1733670000000,105.94
1733673600000,113.61
1733677200000,98.55
1733680800000,97.69
1733684400000,91.29
1733688000000,90.56
1733691600000,88.6
1733695200000,75.01
1733698800000,71.36
1733702400000,55.83
1733706000000,35.13
1733709600000,34.4
1733713200000,40.01
1733716800000,72.24
1733720400000,79.4
1733724000000,113.34
1733727600000,122.54
1733731200000,123.12
1733734800000,129.81
1733738400000,128.7
1733742000000,128.32
1733745600000,124.51
1733749200000,121.35
1733752800000,116.83
1733756400000,116.08
1733760000000,120.57
1733763600000,123.69
1733767200000,125.76
1733770800000,114.97
1733774400000,100.98
1733778000000,98.48
1733781600000,92.77
1733785200000,92.85
1733788800000,89.33
1733792400000,86.5
1733796000000,83.7
1733799600000,87.21
1733803200000,89.07
1733806800000,112.06
1733810400000,135.18
1733814000000,169.76
1733817600000,182.14
1733821200000,184.75
1733824800000,186.5
1733828400000,180.62
1733832000000,190.78
1733835600000,189.41
1733839200000,197.64
1733842800000,200.18
1733846400000,202.38
1733850000000,181.0
1733853600000,180.17
1733857200000,166.6
1733860800000,151.15
1733864400000,137.94
1733868000000,121.37
1733871600000,115.94
1733875200000,108.22
1733878800000,107.31
1733882400000,106.17
1733886000000,108.69
1733889600000,125.31
1733893200000,163.42
1733896800000,295.5
1733900400000,368.97
1733904000000,377.12
1733907600000,348.64
1733911200000,379.99
1733914800000,385.87
1733918400000,404.91
1733922000000,371.96
1733925600000,380.94
1733929200000,437.87
1733932800000,445.08
1733936400000,359.92
1733940000000,341.25
1733943600000,206.82
1733947200000,171.2
1733950800000,150.0
1733954400000,135.96
1733958000000,122.24
1733961600000,115.3
1733965200000,109.96
1733968800000,107.35
1733972400000,112.51
1733976000000,123.67
1733979600000,176.18
1733983200000,599.99
1733986800000,655.6
1733990400000,646.76
1733994000000,543.83
1733997600000,465.36
1734001200000,404.99
1734004800000,415.3
1734008400000,490.34
1734012000000,668.49
1734015600000,818.98
1734019200000,936.28
1734022800000,674.18
1734026400000,551.01
1734030000000,295.66
1734033600000,169.4
1734037200000,150.0
1734040800000,134.75
1734044400000,130.07
1734048000000,122.9
1734051600000,118.97
1734055200000,114.95
1734058800000,115.64
1734062400000,125.83
1734066000000,156.53
1734069600000,187.71
1734073200000,253.0
1734076800000,245.74
1734080400000,208.42
1734084000000,174.4
1734087600000,166.06
1734091200000,165.0
1734094800000,184.5
1734098400000,220.77
1734102000000,250.06
1734105600000,284.21
1734109200000,260.0
1734112800000,225.6
1734116400000,175.0
1734120000000,146.22
1734123600000,135.09
1734127200000,116.52
1734130800000,116.94
1734134400000,111.36
1734138000000,108.04
1734141600000,99.02
1734145200000,93.44
1734148800000,91.55
1734152400000,92.35
1734156000000,101.67
1734159600000,113.75
1734163200000,124.98
1734166800000,120.93
1734170400000,107.48
1734174000000,104.71
1734177600000,102.96
1734181200000,96.63
1734184800000,98.24
1734188400000,105.67
1734192000000,121.12
1734195600000,93.15
1734199200000,95.6
1734202800000,86.01
1734206400000,82.78
1734210000000,87.25
1734213600000,73.81
1734217200000,73.58
1734220800000,68.48
1734224400000,67.61
1734228000000,59.39
1734231600000,55.33
1734235200000,52.74
1734238800000,45.62
1734242400000,53.92
1734246000000,65.3
1734249600000,70.65
1734253200000,65.26
1734256800000,60.9
1734260400000,61.5
1734264000000,47.51
1734267600000,49.47
1734271200000,47.92
1734274800000,38.0
1734278400000,43.42
1734282000000,28.33
1734285600000,24.55
1734289200000,18.55
1734292800000,13.96
1734296400000,10.08
1734300000000,2.29
1734303600000,0.09
1734307200000,0.1
1734310800000,0.05
1734314400000,0.07
1734318000000,-0.01
1734321600000,1.75
1734325200000,7.73
1734328800000,59.3
1734332400000,71.79
1734336000000,75.91
1734339600000,75.46
1734343200000,80.13
1734346800000,85.22
1734350400000,81.7
1734354000000,81.7
1734357600000,81.7
1734361200000,74.0
1734364800000,81.56
1734368400000,72.01
1734372000000,70.94
1734375600000,61.5
1734379200000,44.41
1734382800000,44.4
1734386400000,16.59
1734390000000,37.45
1734393600000,21.57
1734397200000,20.94
1734400800000,25.01
1734404400000,28.98
1734408000000,57.27
1734411600000,67.77
1734415200000,104.94
1734418800000,115.92
1734422400000,114.04
1734426000000,108.4
1734429600000,102.38
1734433200000,102.72
1734436800000,106.2
1734440400000,109.63
1734444000000,116.42
1734447600000,117.1
1734451200000,127.33
1734454800000,121.6
1734458400000,108.1
1734462000000,98.51
1734465600000,95.84
1734469200000,92.44
1734472800000,70.66
1734476400000,69.18
1734480000000,52.31
1734483600000,48.41
1734487200000,45.0
1734490800000,30.25
1734494400000,38.0
1734498000000,49.91
1734501600000,57.9
1734505200000,77.58
1734508800000,72.82
1734512400000,65.99
1734516000000,63.08
1734519600000,63.07
1734523200000,63.08
1734526800000,63.08
1734530400000,55.63
1734534000000,46.81
1734537600000,57.9
1734541200000,63.08
1734544800000,63.08
1734548400000,57.9
1734552000000,50.69
1734555600000,43.14
1734559200000,21.44
1734562800000,11.28
1734566400000,13.23
1734570000000,5.45
1734573600000,1.25
1734577200000,0.31
1734580800000,2.0
1734584400000,8.57
1734588000000,53.95
1734591600000,67.44
1734595200000,68.42
1734598800000,65.84
1734602400000,67.7
1734606000000,69.72
1734609600000,70.4
1734613200000,69.72
1734616800000,70.47
1734620400000,71.46
1734624000000,81.52
1734627600000,92.58
1734631200000,87.36
1734634800000,75.37
1734638400000,70.0
1734642000000,69.72
1734645600000,55.01
1734649200000,47.72
1734652800000,31.48
1734656400000,16.31
1734660000000,17.43
1734663600000,22.82
1734667200000,48.49
1734670800000,66.15
1734674400000,102.4
1734678000000,109.72
1734681600000,106.65
1734685200000,103.14
1734688800000,97.44
1734692400000,87.56
1734696000000,83.84
1734699600000,88.03
1734703200000,98.67
1734706800000,105.24
1734710400000,109.89
1734714000000,101.18
1734717600000,98.65
1734721200000,89.73
1734724800000,71.82
1734728400000,70.34
1734732000000,58.26
1734735600000,27.75
1734739200000,22.75
1734742800000,21.56
1734746400000,19.41
1734750000000,18.11
1734753600000,20.04
1734757200000,20.0
1734760800000,21.21
1734764400000,22.87
1734768000000,29.33
1734771600000,31.43
1734775200000,31.01
1734778800000,31.23
1734782400000,29.9
1734786000000,25.92
1734789600000,27.28
1734793200000,29.31
1734796800000,29.27
1734800400000,27.95
1734804000000,20.73
1734807600000,15.3
1734811200000,4.9
1734814800000,3.0
1734818400000,1.0
1734822000000,0.0
1734825600000,-0.03
1734829200000,-0.46
1734832800000,-1.04
1734836400000,-2.06
1734840000000,-0.47
1734843600000,-0.68
1734847200000,-0.12
1734850800000,3.46
1734854400000,20.6
1734858000000,20.17
1734861600000,23.0
1734865200000,21.19
1734868800000,21.39
1734872400000,28.02
1734876000000,41.77
1734879600000,46.93
1734883200000,65.47
1734886800000,60.79
1734890400000,58.21
1734894000000,46.93
1734897600000,36.66
1734901200000,36.2
1734904800000,24.5
1734908400000,29.19
1734912000000,20.13
1734915600000,14.31
1734919200000,9.12
1734922800000,9.78
1734926400000,14.8
1734930000000,17.39
1734933600000,52.01
1734937200000,59.34
1734940800000,59.62
1734944400000,52.73
1734948000000,52.0
1734951600000,54.17
1734955200000,54.81
1734958800000,61.56
1734962400000,73.69
1734966000000,82.56
1734969600000,98.25
1734973200000,101.75
1734976800000,97.47
1734980400000,92.59
1734984000000,108.29
1734987600000,105.82
1734991200000,96.99
1734994800000,86.03
1734998400000,82.84
1735002000000,81.89
1735005600000,78.0
1735009200000,78.78
1735012800000,80.6
1735016400000,85.07
1735020000000,100.83
1735023600000,115.09
1735027200000,120.95
1735030800000,120.0
1735034400000,118.16
1735038000000,117.49
1735041600000,115.38
1735045200000,117.98
1735048800000,119.5
1735052400000,120.21
1735056000000,118.0
1735059600000,110.98
1735063200000,105.66
1735066800000,102.56
1735070400000,94.63
1735074000000,99.04
1735077600000,90.0
1735081200000,91.37
1735084800000,86.44
1735088400000,85.07
1735092000000,80.81
1735095600000,75.99
1735099200000,80.81
1735102800000,83.01
1735106400000,84.94
1735110000000,90.21
1735113600000,99.24
1735117200000,93.56
1735120800000,92.55
1735124400000,94.41
1735128000000,91.03
1735131600000,99.17
1735135200000,112.69
1735138800000,118.01
1735142400000,120.53
1735146000000,119.11
1735149600000,118.01
1735153200000,118.33
1735156800000,113.01
1735160400000,114.07
1735164000000,104.63
1735167600000,102.17
1735171200000,95.06
1735174800000,94.61
1735178400000,89.64
1735182000000,90.87
1735185600000,95.1
1735189200000,99.0
1735192800000,112.61
1735196400000,119.1
1735200000000,118.23
1735203600000,113.25
1735207200000,106.01
1735210800000,107.71
1735214400000,103.9
1735218000000,109.64
1735221600000,120.75
1735225200000,129.64
1735228800000,137.9
1735232400000,138.05
1735236000000,135.71
1735239600000,129.13
1735243200000,120.85
1735246800000,123.5
1735250400000,116.98
1735254000000,106.79
1735257600000,101.52
1735261200000,101.03
1735264800000,99.74
1735268400000,99.58
1735272000000,106.2
1735275600000,115.7
1735279200000,124.29
1735282800000,131.85
1735286400000,130.15
1735290000000,120.1
1735293600000,107.94
1735297200000,107.81
1735300800000,107.94
1735304400000,121.65
1735308000000,136.46
1735311600000,146.25
1735315200000,151.8
1735318800000,158.4
1735322400000,146.43
1735326000000,133.14
1735329600000,125.42
1735333200000,126.76
1735336800000,114.0
1735340400000,126.4
1735344000000,116.63
1735347600000,110.15
1735351200000,105.92
1735354800000,102.93
1735358400000,105.58
1735362000000,109.71
1735365600000,124.24
1735369200000,128.0
1735372800000,128.3
1735376400000,122.83
1735380000000,113.4
1735383600000,108.97
1735387200000,110.01
1735390800000,117.83
1735394400000,137.84
1735398000000,143.25
1735401600000,152.0
1735405200000,147.51
1735408800000,140.48
1735412400000,129.26
1735416000000,125.9
1735419600000,121.25
1735423200000,114.93
1735426800000,127.39
1735430400000,114.09
1735434000000,107.71
1735437600000,101.7
1735441200000,97.73
1735444800000,98.61
1735448400000,98.16
1735452000000,102.09
1735455600000,110.71
1735459200000,114.65
1735462800000,104.07
1735466400000,100.19
1735470000000,100.72
1735473600000,99.73
1735477200000,98.44
1735480800000,104.01
1735484400000,121.73
1735488000000,122.0
1735491600000,126.11
1735495200000,121.34
1735498800000,109.92
1735502400000,90.21
1735506000000,83.79
1735509600000,71.63
1735513200000,71.73
1735516800000,68.6
1735520400000,68.6
1735524000000,64.65
1735527600000,66.89
1735531200000,69.17
1735534800000,71.14
1735538400000,80.2
1735542000000,86.3
1735545600000,87.06
1735549200000,83.71
1735552800000,78.88
1735556400000,82.86
1735560000000,80.5
1735563600000,83.7
1735567200000,92.42
1735570800000,96.97
1735574400000,109.97
1735578000000,100.0
1735581600000,86.62
1735585200000,74.83
1735588800000,68.02
1735592400000,67.26
1735596000000,35.66
1735599600000,50.49
1735603200000,45.9
1735606800000,56.43
1735610400000,57.06
1735614000000,63.92
1735617600000,63.72
1735621200000,63.7
1735624800000,71.63
1735628400000,78.43
1735632000000,83.46
1735635600000,82.47
1735639200000,81.03
1735642800000,81.17
1735646400000,78.93
1735650000000,76.84
1735653600000,82.07
1735657200000,83.67
1735660800000,83.25
1735664400000,77.68
1735668000000,67.77
1735671600000,35.56
1735675200000,15.7
1735678800000,9.06
1735682400000,0.52
1735686000000,2.16
1735689600000,1.6
1735693200000,0.0
1735696800000,-0.01
1735700400000,-0.01
1735704000000,-0.06
1735707600000,-0.09
1735711200000,-0.01
1735714800000,-0.01
1735718400000,-0.04
1735722000000,-0.03
1735725600000,-0.1
1735729200000,-0.05
1735732800000,-0.1
1735736400000,-1.01
1735740000000,-0.01
1735743600000,-0.01
1735747200000,0.07
1735750800000,1.01
1735754400000,1.48
1735758000000,1.0
1735761600000,0.07
1735765200000,10.05
1735768800000,7.01
1735772400000,2.55
1735776000000,1.56
1735779600000,3.45
1735783200000,7.02
1735786800000,12.75
1735790400000,30.07
1735794000000,67.13
1735797600000,98.83
1735801200000,121.53
1735804800000,127.23
1735808400000,126.35
1735812000000,119.97
1735815600000,115.95
1735819200000,113.9
1735822800000,122.21
1735826400000,130.11
1735830000000,138.59
1735833600000,152.87
1735837200000,152.94
1735840800000,139.15
1735844400000,130.0
1735848000000,119.78
1735851600000,113.42
1735855200000,82.47
1735858800000,99.56
1735862400000,87.53
1735866000000,85.01
1735869600000,83.79
1735873200000,77.5
1735876800000,79.88
1735880400000,83.56
1735884000000,78.43
1735887600000,82.57
1735891200000,80.76
1735894800000,77.64
1735898400000,70.48
1735902000000,69.94
1735905600000,77.8
1735909200000,78.81
1735912800000,85.29
1735916400000,105.51
1735920000000,116.66
1735923600000,115.06
1735927200000,114.91
1735930800000,113.3
1735934400000,107.8
1735938000000,98.22
1735941600000,88.57
1735945200000,90.43
1735948800000,90.29
1735952400000,90.2
1735956000000,91.52
1735959600000,95.95
1735963200000,102.11
1735966800000,110.66
1735970400000,119.96
1735974000000,128.39
1735977600000,130.75
1735981200000,130.34
1735984800000,128.29
1735988400000,130.03
1735992000000,129.85
1735995600000,136.4
1735999200000,138.72
1736002800000,142.0
1736006400000,151.24
1736010000000,143.85
1736013600000,137.96
1736017200000,129.49
1736020800000,122.83
1736024400000,118.29
1736028000000,109.49
1736031600000,113.84
1736035200000,100.33
1736038800000,93.61
1736042400000,93.87
1736046000000,89.38
1736049600000,83.55
1736053200000,83.92
1736056800000,82.53
1736060400000,84.05
1736064000000,89.15
1736067600000,82.95
1736071200000,88.82
1736074800000,81.66
1736078400000,78.39
1736082000000,68.0
1736085600000,50.64
1736089200000,49.91
1736092800000,66.3
1736096400000,65.05
1736100000000,51.28
1736103600000,36.85
1736107200000,36.8
1736110800000,34.68
1736114400000,28.14
1736118000000,27.52
1736121600000,19.26
1736125200000,11.35
1736128800000,9.2
1736132400000,10.0
1736136000000,14.81
1736139600000,23.82
1736143200000,31.72
1736146800000,41.37
1736150400000,36.36
1736154000000,34.69
1736157600000,32.83
1736161200000,31.28
1736164800000,28.6
1736168400000,25.61
1736172000000,26.32
1736175600000,26.87
1736179200000,31.66
1736182800000,31.58
1736186400000,28.74
1736190000000,26.59
1736193600000,13.82
1736197200000,26.94
1736200800000,12.99
1736204400000,19.07
1736208000000,8.71
1736211600000,8.9
1736215200000,5.01
1736218800000,5.13
1736222400000,5.8
1736226000000,48.86
1736229600000,76.83
1736233200000,85.08
1736236800000,84.24
1736240400000,75.25
1736244000000,62.8
1736247600000,62.44
1736251200000,63.9
1736254800000,72.56
1736258400000,78.11
1736262000000,79.98
1736265600000,96.03
1736269200000,101.11
1736272800000,86.21
1736276400000,78.01
1736280000000,72.45
1736283600000,72.45
1736287200000,50.04
1736290800000,71.05
1736294400000,68.01
1736298000000,63.34
1736301600000,57.01
1736305200000,66.29
1736308800000,72.07
1736312400000,82.7
1736316000000,100.73
1736319600000,128.22
1736323200000,108.18
1736326800000,94.65
1736330400000,100.01
1736334000000,89.99
1736337600000,97.2
1736341200000,110.19
1736344800000,127.8
1736348400000,135.82
1736352000000,155.46
1736355600000,149.23
1736359200000,146.48
1736362800000,136.86
1736366400000,127.86
1736370000000,115.92
1736373600000,103.59
1736377200000,101.44
1736380800000,100.0
1736384400000,98.77
1736388000000,95.22
1736391600000,98.28
1736395200000,102.65
1736398800000,133.54
1736402400000,148.8
1736406000000,164.88
1736409600000,156.15
1736413200000,147.64
1736416800000,140.21
1736420400000,128.18
1736424000000,121.15
1736427600000,123.95
1736431200000,127.53
1736434800000,123.75
1736438400000,130.91
1736442000000,134.75
1736445600000,125.44
1736449200000,119.23
1736452800000,104.99
1736456400000,101.1
1736460000000,88.19
1736463600000,84.79
1736467200000,80.23
1736470800000,71.29
1736474400000,69.05
1736478000000,69.89
1736481600000,83.9
1736485200000,99.09
1736488800000,123.92
1736492400000,139.47
1736496000000,136.92
1736499600000,123.57
1736503200000,113.59
1736506800000,107.43
1736510400000,105.01
1736514000000,110.01
1736517600000,128.69
1736521200000,134.87
1736524800000,142.56
1736528400000,144.12
1736532000000,141.05
1736535600000,134.82
1736539200000,122.51
1736542800000,119.77
1736546400000,111.71
1736550000000,106.64
1736553600000,98.99
1736557200000,95.71
1736560800000,89.45
1736564400000,88.35
1736568000000,88.4
1736571600000,88.13
1736575200000,94.68
1736578800000,107.65
1736582400000,103.14
1736586000000,101.13
1736589600000,99.56
1736593200000,96.74
1736596800000,93.15
1736600400000,94.9
1736604000000,104.89
1736607600000,112.12
1736611200000,119.8
1736614800000,122.34
1736618400000,114.85
1736622000000,111.19
1736625600000,104.8
1736629200000,103.07
1736632800000,105.69
1736636400000,83.58
1736640000000,83.79
1736643600000,86.75
1736647200000,84.2
1736650800000,85.0
1736654400000,83.75
1736658000000,85.9
1736661600000,101.75
1736665200000,114.67
1736668800000,120.07
1736672400000,117.77
1736676000000,105.61
1736679600000,102.99
1736683200000,99.61
1736686800000,104.74
1736690400000,118.7
1736694000000,132.92
1736697600000,141.0
1736701200000,146.66
1736704800000,143.66
1736708400000,134.86
1736712000000,127.49
1736715600000,121.2
1736719200000,114.9
1736722800000,112.39
1736726400000,105.07
1736730000000,104.46
1736733600000,100.37
1736737200000,100.0
1736740800000,110.11
1736744400000,140.28
1736748000000,181.92
1736751600000,223.09
1736755200000,174.09
1736758800000,141.69
1736762400000,115.73
1736766000000,104.1
1736769600000,103.04
1736773200000,104.67
1736776800000,138.2
1736780400000,142.62
1736784000000,149.0
1736787600000,149.0
1736791200000,139.73
1736794800000,123.18
1736798400000,120.22
1736802000000,115.57
1736805600000,102.31
1736809200000,106.38
1736812800000,103.7
1736816400000,99.08
1736820000000,97.99
1736823600000,101.88
1736827200000,107.64
1736830800000,123.4
1736834400000,156.62
1736838000000,184.03
1736841600000,151.86
1736845200000,117.62
1736848800000,109.31
1736852400000,103.11
1736856000000,108.11
1736859600000,115.35
1736863200000,125.35
1736866800000,141.97
1736870400000,165.86
1736874000000,170.07
1736877600000,158.38
1736881200000,135.46
1736884800000,117.69
1736888400000,121.0
1736892000000,121.76
1736895600000,108.28
1736899200000,107.72
1736902800000,108.41
1736906400000,108.04
1736910000000,108.75
1736913600000,114.92
1736917200000,134.49
1736920800000,191.79
1736924400000,307.24
1736928000000,315.02
1736931600000,311.03
1736935200000,304.8
1736938800000,311.02
1736942400000,309.34
1736946000000,285.83
1736949600000,301.74
1736953200000,333.52
1736956800000,377.99
1736960400000,324.74
1736964000000,270.09
1736967600000,181.66
1736971200000,150.87
1736974800000,141.16
1736978400000,123.9
1736982000000,126.33
1736985600000,119.12
1736989200000,117.62
1736992800000,115.03
1736996400000,115.75
1737000000000,123.27
1737003600000,138.7
1737007200000,173.04
1737010800000,199.65
1737014400000,175.0
1737018000000,151.9
1737021600000,140.64
1737025200000,131.13
1737028800000,130.58
1737032400000,138.42
1737036000000,163.04
1737039600000,179.2
1737043200000,191.56
1737046800000,184.32
1737050400000,179.97
1737054000000,159.6
1737057600000,141.6
1737061200000,135.29
1737064800000,123.75
1737068400000,118.87
1737072000000,118.39
1737075600000,115.71
1737079200000,114.72
1737082800000,115.48
1737086400000,122.16
1737090000000,140.8
1737093600000,175.01
1737097200000,208.13
1737100800000,175.34
1737104400000,158.0
1737108000000,140.73
1737111600000,126.44
1737115200000,124.03
1737118800000,132.99
1737122400000,151.98
1737126000000,170.21
1737129600000,178.79
1737133200000,179.92
1737136800000,174.22
1737140400000,157.91
1737144000000,145.0
1737147600000,139.97
1737151200000,126.84
1737154800000,125.29
1737158400000,121.05
1737162000000,120.98
1737165600000,118.85
1737169200000,116.46
1737172800000,119.77
1737176400000,119.75
1737180000000,133.39
1737183600000,145.63
1737187200000,144.1
1737190800000,131.21
1737194400000,121.56
1737198000000,118.87
1737201600000,115.01
1737205200000,119.32
1737208800000,133.32
1737212400000,149.71
1737216000000,164.59
1737219600000,167.57
1737223200000,167.85
1737226800000,156.12
1737230400000,143.42
1737234000000,136.4
1737237600000,129.36
1737241200000,129.73
1737244800000,124.2
1737248400000,123.05
1737252000000,121.24
1737255600000,120.18
1737259200000,120.0
1737262800000,121.57
1737266400000,123.33
1737270000000,123.6
1737273600000,125.16
1737277200000,125.19
1737280800000,121.56
1737284400000,112.25
1737288000000,107.51
1737291600000,116.81
1737295200000,126.29
1737298800000,140.15
1737302400000,149.67
1737306000000,159.04
1737309600000,156.6
1737313200000,149.06
1737316800000,139.26
1737320400000,130.99
1737324000000,122.94
1737327600000,122.27
1737331200000,119.44
1737334800000,116.56
1737338400000,114.41
1737342000000,115.45
1737345600000,127.54
1737349200000,161.71
1737352800000,276.48
1737356400000,431.99
1737360000000,291.7
1737363600000,236.29
1737367200000,187.48
1737370800000,176.0
1737374400000,171.39
1737378000000,191.85
1737381600000,277.17
1737385200000,402.12
1737388800000,583.4
1737392400000,473.28
1737396000000,295.57
1737399600000,220.0
1737403200000,170.0
1737406800000,152.51
1737410400000,137.98
1737414000000,127.52
1737417600000,121.65
1737421200000,116.67
1737424800000,113.86
1737428400000,113.54
1737432000000,122.34
1737435600000,142.2
1737439200000,190.06
1737442800000,248.32
1737446400000,211.68
1737450000000,198.05
1737453600000,161.5
1737457200000,147.44
1737460800000,142.83
1737464400000,150.05
1737468000000,173.43
1737471600000,212.13
1737475200000,301.15
1737478800000,251.93
1737482400000,202.68
1737486000000,174.84
1737489600000,155.19
1737493200000,138.6
1737496800000,125.29
1737500400000,128.0
1737504000000,125.06
1737507600000,122.22
1737511200000,121.66
1737514800000,123.16
1737518400000,128.32
1737522000000,156.92
1737525600000,208.25
1737529200000,238.6
1737532800000,199.41
1737536400000,179.06
1737540000000,172.94
1737543600000,165.0
1737547200000,170.0
1737550800000,179.92
1737554400000,195.67
1737558000000,199.04
1737561600000,208.99
1737565200000,180.43
1737568800000,167.08
1737572400000,134.49
1737576000000,127.78
1737579600000,128.09
1737583200000,114.68
1737586800000,113.7
1737590400000,108.88
1737594000000,105.58
1737597600000,100.01
1737601200000,97.59
1737604800000,100.01
1737608400000,106.41
1737612000000,136.6
1737615600000,159.03
1737619200000,155.42
1737622800000,130.94
1737626400000,116.1
1737630000000,94.93
1737633600000,88.56
1737637200000,85.86
1737640800000,89.8
1737644400000,89.87
1737648000000,106.75
1737651600000,112.0
1737655200000,101.87
1737658800000,86.36
1737662400000,74.28
1737666000000,75.68
1737669600000,58.23
1737673200000,69.03
1737676800000,58.16
1737680400000,45.05
1737684000000,40.6
1737687600000,50.17
1737691200000,73.2
1737694800000,85.44
1737698400000,109.16
1737702000000,116.23
1737705600000,96.34
1737709200000,88.9
1737712800000,78.44
1737716400000,76.48
1737720000000,74.69
1737723600000,74.51
1737727200000,74.51
1737730800000,75.25
1737734400000,83.02
1737738000000,88.59
1737741600000,91.78
1737745200000,84.99
1737748800000,80.79
1737752400000,91.97
1737756000000,86.29
1737759600000,59.04
1737763200000,64.96
1737766800000,63.55
1737770400000,67.17
1737774000000,76.77
1737777600000,76.89
1737781200000,79.32
1737784800000,76.89
1737788400000,88.99
1737792000000,87.31
1737795600000,86.32
1737799200000,88.15
1737802800000,82.55
1737806400000,81.98
1737810000000,89.0
1737813600000,111.07
1737817200000,132.97
1737820800000,145.85
1737824400000,151.0
1737828000000,147.53
1737831600000,137.6
1737835200000,134.61
1737838800000,132.26
1737842400000,122.03
1737846000000,126.21
1737849600000,115.79
1737853200000,111.3
1737856800000,106.85
1737860400000,105.43
1737864000000,107.86
1737867600000,110.6
1737871200000,117.62
1737874800000,124.17
1737878400000,121.97
1737882000000,105.51
1737885600000,102.57
1737889200000,96.73
1737892800000,90.02
1737896400000,92.52
1737900000000,111.63
1737903600000,125.92
1737907200000,132.77
1737910800000,118.94
1737914400000,90.32
1737918000000,78.93
1737921600000,68.26
1737925200000,49.25
1737928800000,23.89
1737932400000,40.14
1737936000000,35.26
1737939600000,26.38
1737943200000,14.07
1737946800000,10.1
1737950400000,21.52
1737954000000,34.1
1737957600000,56.99
1737961200000,71.76
1737964800000,62.96
1737968400000,45.57
1737972000000,40.11
1737975600000,35.66
1737979200000,38.37
1737982800000,53.95
1737986400000,86.79
1737990000000,102.46
1737993600000,118.56
1737997200000,118.67
1738000800000,100.05
1738004400000,94.07
1738008000000,85.08
1738011600000,82.26
1738015200000,69.28
1738018800000,76.92
1738022400000,71.53
1738026000000,57.33
1738029600000,69.28
1738033200000,76.92
1738036800000,77.59
1738040400000,98.22
1738044000000,125.45
1738047600000,147.5
1738051200000,135.3
1738054800000,120.53
1738058400000,116.34
1738062000000,114.75
1738065600000,117.39
1738069200000,121.33
1738072800000,139.91
1738076400000,147.0
1738080000000,149.6
1738083600000,134.94
1738087200000,128.9
1738090800000,94.76
1738094400000,87.26
1738098000000,79.8
1738101600000,64.43
1738105200000,87.72
1738108800000,83.39
1738112400000,78.16
1738116000000,75.64
1738119600000,79.01
1738123200000,86.98
1738126800000,93.14
1738130400000,141.42
1738134000000,142.54
1738137600000,130.45
1738141200000,105.05
1738144800000,89.25
1738148400000,85.0
1738152000000,85.53
1738155600000,87.67
1738159200000,102.75
1738162800000,132.66
1738166400000,149.57
1738170000000,150.09
1738173600000,146.3
1738177200000,131.95
1738180800000,119.65
1738184400000,111.99
1738188000000,99.33
1738191600000,92.41
1738195200000,92.43
1738198800000,93.33
1738202400000,92.95
1738206000000,92.43
1738209600000,108.65
1738213200000,139.83
1738216800000,152.64
1738220400000,160.3
1738224000000,151.51
1738227600000,135.09
1738231200000,123.25
1738234800000,115.89
1738238400000,113.3
1738242000000,129.41
1738245600000,153.22
1738249200000,160.87
1738252800000,180.36
1738256400000,176.58
1738260000000,161.28
1738263600000,150.2
1738267200000,134.17
1738270800000,126.46
1738274400000,120.2
1738278000000,120.0
1738281600000,117.08
1738285200000,113.89
1738288800000,113.12
1738292400000,115.98
1738296000000,120.74
1738299600000,131.87
1738303200000,157.97
1738306800000,163.7
1738310400000,154.82
1738314000000,130.1
1738317600000,126.2
1738321200000,120.06
1738324800000,121.19
1738328400000,119.76
1738332000000,149.87
1738335600000,168.26
1738339200000,185.26
1738342800000,184.48
1738346400000,178.99
1738350000000,162.66
1738353600000,152.7
1738357200000,144.31
1738360800000,131.41
1738364400000,136.93
1738368000000,129.42
1738371600000,124.24
1738375200000,119.12
1738378800000,118.86
1738382400000,120.54
1738386000000,127.1
1738389600000,144.74
1738393200000,153.46
1738396800000,142.44
1738400400000,128.4
1738404000000,120.08
1738407600000,110.29
1738411200000,103.4
1738414800000,113.7
1738418400000,129.49
1738422000000,154.43
1738425600000,168.27
1738429200000,167.51
1738432800000,162.98
1738436400000,156.6
1738440000000,145.24
1738443600000,141.73
1738447200000,131.74
1738450800000,133.26
1738454400000,126.91
1738458000000,122.99
1738461600000,120.66
1738465200000,122.34
1738468800000,123.41
1738472400000,128.09
1738476000000,135.9
1738479600000,137.3
1738483200000,137.7
1738486800000,130.04
1738490400000,129.33
1738494000000,122.24
1738497600000,111.88
1738501200000,116.42
1738504800000,127.97
1738508400000,151.21
1738512000000,164.03
1738515600000,172.49
1738519200000,173.95
1738522800000,165.5
1738526400000,155.77
1738530000000,148.44
1738533600000,133.24
1738537200000,129.54
1738540800000,126.63
1738544400000,124.72
1738548000000,120.04
1738551600000,123.24
1738555200000,127.77
1738558800000,159.18
1738562400000,207.88
1738566000000,243.23
1738569600000,178.04
1738573200000,149.95
1738576800000,126.05
1738580400000,117.27
1738584000000,115.29
1738587600000,124.18
1738591200000,145.86
1738594800000,170.71
1738598400000,216.0
1738602000000,200.73
1738605600000,201.1
1738609200000,167.74
1738612800000,153.0
1738616400000,144.23
1738620000000,135.81
1738623600000,132.4
1738627200000,125.54
1738630800000,123.18
1738634400000,123.99
1738638000000,123.25
1738641600000,127.63
1738645200000,155.42
1738648800000,192.24
1738652400000,211.99
1738656000000,163.31
1738659600000,136.53
1738663200000,126.57
1738666800000,116.89
1738670400000,113.17
1738674000000,120.09
1738677600000,127.47
1738681200000,164.81
1738684800000,168.99
1738688400000,175.0
1738692000000,162.04
1738695600000,145.01
1738699200000,132.43
1738702800000,129.42
1738706400000,120.62
1738710000000,113.34
1738713600000,109.67
1738717200000,109.4
1738720800000,108.18
1738724400000,115.17
1738728000000,122.42
1738731600000,139.81
1738735200000,165.32
1738738800000,180.81
1738742400000,159.33
1738746000000,132.19
1738749600000,119.96
1738753200000,115.46
1738756800000,118.8
1738760400000,128.85
1738764000000,144.12
1738767600000,160.58
1738771200000,177.19
1738774800000,189.9
1738778400000,189.63
1738782000000,170.0
1738785600000,155.42
1738789200000,143.7
1738792800000,133.21
1738796400000,133.67
1738800000000,129.57
1738803600000,125.87
1738807200000,125.0
1738810800000,125.01
1738814400000,135.28
1738818000000,156.12
1738821600000,180.09
1738825200000,219.42
1738828800000,178.99
1738832400000,160.14
1738836000000,152.56
1738839600000,147.89
1738843200000,145.48
1738846800000,137.79
1738850400000,150.8
1738854000000,164.89
1738857600000,171.59
1738861200000,170.48
1738864800000,162.95
1738868400000,141.33
1738872000000,131.26
1738875600000,134.0
1738879200000,121.95
1738882800000,126.05
1738886400000,112.7
1738890000000,108.82
1738893600000,105.0
1738897200000,104.81
1738900800000,105.07
1738904400000,112.39
1738908000000,141.66
1738911600000,164.21
1738915200000,150.36
1738918800000,133.88
1738922400000,115.14
1738926000000,111.49
1738929600000,106.77
1738933200000,109.59
1738936800000,111.68
1738940400000,126.61
1738944000000,142.85
1738947600000,149.05
1738951200000,144.32
1738954800000,126.93
1738958400000,100.0
1738962000000,98.72
1738965600000,100.14
1738969200000,81.34
1738972800000,84.85
1738976400000,85.8
1738980000000,87.08
1738983600000,89.69
1738987200000,90.99
1738990800000,90.8
1738994400000,95.31
1738998000000,111.11
1739001600000,92.68
1739005200000,79.42
1739008800000,68.75
1739012400000,67.71
1739016000000,79.85
1739019600000,89.85
1739023200000,118.0
1739026800000,140.87
1739030400000,150.0
1739034000000,160.49
1739037600000,161.1
1739041200000,156.42
1739044800000,149.0
1739048400000,144.0
1739052000000,136.31
1739055600000,135.0
1739059200000,134.51
1739062800000,130.18
1739066400000,119.3
1739070000000,116.79
1739073600000,117.0
1739077200000,117.0
1739080800000,133.43
1739084400000,136.77
1739088000000,123.97
1739091600000,114.79
1739095200000,105.65
1739098800000,98.71
1739102400000,95.53
1739106000000,109.9
1739109600000,120.4
1739113200000,141.96
1739116800000,148.58
1739120400000,161.93
1739124000000,156.13
1739127600000,150.65
1739131200000,142.92
1739134800000,143.0
1739138400000,127.97
1739142000000,118.58
1739145600000,111.82
1739149200000,109.22
1739152800000,106.29
1739156400000,105.85
1739160000000,112.0
1739163600000,145.38
1739167200000,162.02
1739170800000,181.36
1739174400000,163.18
1739178000000,135.9
1739181600000,115.28
1739185200000,109.36
1739188800000,109.74
1739192400000,123.07
1739196000000,128.54
1739199600000,133.58
1739203200000,133.82
1739206800000,142.11
1739210400000,114.85
1739214000000,94.37
1739217600000,91.48
1739221200000,88.87
1739224800000,87.38
1739228400000,77.45
1739232000000,71.1
1739235600000,71.62
1739239200000,74.89
1739242800000,77.45
1739246400000,87.44
1739250000000,100.46
1739253600000,134.93
1739257200000,155.53
1739260800000,141.42
1739264400000,96.65
1739268000000,92.78
1739271600000,97.68
1739275200000,111.11
1739278800000,123.46
1739282400000,143.69
1739286000000,144.47
1739289600000,159.97
1739293200000,168.19
1739296800000,167.45
1739300400000,162.63
1739304000000,148.75
1739307600000,142.95
1739311200000,128.24
1739314800000,129.13
1739318400000,127.77
1739322000000,126.82
1739325600000,126.59
1739329200000,128.74
1739332800000,131.24
1739336400000,151.13
1739340000000,163.64
1739343600000,180.0
1739347200000,174.92
1739350800000,162.05
1739354400000,144.01
1739358000000,137.28
1739361600000,142.03
1739365200000,149.4
1739368800000,159.67
1739372400000,173.21
1739376000000,184.59
1739379600000,197.13
1739383200000,192.57
1739386800000,173.9
1739390400000,155.78
1739394000000,150.38
1739397600000,141.81
1739401200000,140.33
1739404800000,137.75
1739408400000,140.79
1739412000000,136.59
1739415600000,140.0
1739419200000,142.0
1739422800000,159.99
1739426400000,190.33
1739430000000,222.36
1739433600000,220.05
1739437200000,203.89
1739440800000,184.68
1739444400000,174.52
1739448000000,170.1
1739451600000,166.7
1739455200000,170.1
1739458800000,182.0
1739462400000,213.05
1739466000000,207.17
1739469600000,196.52
1739473200000,177.03
1739476800000,162.92
1739480400000,153.12
1739484000000,138.97
1739487600000,139.21
1739491200000,132.8
1739494800000,128.5
1739498400000,127.65
1739502000000,129.58
1739505600000,139.59
1739509200000,162.89
1739512800000,227.08
1739516400000,265.64
1739520000000,215.11
1739523600000,181.03
1739527200000,163.01
1739530800000,149.86
1739534400000,148.61
1739538000000,155.8
1739541600000,175.06
1739545200000,200.0
1739548800000,298.91
1739552400000,293.06
1739556000000,225.7
1739559600000,183.55
1739563200000,163.79
1739566800000,153.0
1739570400000,140.03
1739574000000,135.29
1739577600000,130.34
1739581200000,120.0
1739584800000,118.24
1739588400000,118.45
1739592000000,120.37
1739595600000,133.74
1739599200000,148.58
1739602800000,150.67
1739606400000,137.01
1739610000000,124.59
1739613600000,118.36
1739617200000,112.39
1739620800000,110.01
1739624400000,116.15
1739628000000,128.83
1739631600000,145.89
1739635200000,164.54
1739638800000,174.7
1739642400000,164.76
1739646000000,149.65
1739649600000,128.31
1739653200000,132.37
1739656800000,124.54
1739660400000,134.11
1739664000000,128.9
1739667600000,123.57
1739671200000,119.9
1739674800000,119.57
1739678400000,120.18
1739682000000,119.92
1739685600000,127.51
1739689200000,129.6
1739692800000,130.49
1739696400000,127.7
1739700000000,124.03
1739703600000,124.67
1739707200000,118.77
1739710800000,121.02
1739714400000,129.55
1739718000000,137.68
1739721600000,153.98
1739725200000,169.98
1739728800000,160.29
1739732400000,153.72
1739736000000,139.34
1739739600000,137.62
1739743200000,131.51
1739746800000,128.05
1739750400000,121.06
1739754000000,120.34
1739757600000,125.52
1739761200000,128.94
1739764800000,131.54
1739768400000,153.16
1739772000000,204.74
1739775600000,209.79
1739779200000,171.3
1739782800000,139.67
1739786400000,117.19
1739790000000,109.47
1739793600000,106.78
1739797200000,111.89
1739800800000,132.27
1739804400000,158.96
1739808000000,222.92
1739811600000,271.0
1739815200000,215.36
1739818800000,177.86
1739822400000,155.19
1739826000000,139.39
1739829600000,129.57
1739833200000,132.95
1739836800000,125.0
1739840400000,123.56
1739844000000,117.11
1739847600000,115.66
1739851200000,121.93
1739854800000,143.61
1739858400000,190.34
1739862000000,193.8
1739865600000,143.53
1739869200000,124.24
1739872800000,109.71
1739876400000,96.41
1739880000000,88.53
1739883600000,98.35
1739887200000,110.0
1739890800000,128.16
1739894400000,177.61
1739898000000,174.32
1739901600000,155.91
1739905200000,142.42
1739908800000,129.41
1739912400000,121.9
1739916000000,114.45
1739919600000,104.54
1739923200000,99.29
1739926800000,99.6
1739930400000,97.29
1739934000000,94.5
1739937600000,97.48
1739941200000,115.0
1739944800000,149.5
1739948400000,166.37
1739952000000,128.76
1739955600000,107.91
1739959200000,89.28
1739962800000,81.52
1739966400000,82.74
1739970000000,85.2
1739973600000,90.63
1739977200000,110.03
1739980800000,131.28
1739984400000,142.98
1739988000000,144.42
1739991600000,120.9
1739995200000,113.75
1739998800000,107.13
1740002400000,99.81
1740006000000,86.17
1740009600000,85.2
1740013200000,84.56
1740016800000,83.64
1740020400000,82.18
1740024000000,83.84
1740027600000,86.31
1740031200000,110.41
1740034800000,127.98
1740038400000,105.87
1740042000000,93.72
1740045600000,87.23
1740049200000,86.87
1740052800000,84.51
1740056400000,84.78
1740060000000,90.05
1740063600000,98.34
1740067200000,110.13
1740070800000,112.38
1740074400000,122.45
1740078000000,105.91
1740081600000,92.41
1740085200000,90.84
1740088800000,83.0
1740092400000,75.51
1740096000000,74.99
1740099600000,79.8
1740103200000,83.4
1740106800000,82.4
1740110400000,82.03
1740114000000,106.47
1740117600000,152.5
1740121200000,145.21
1740124800000,120.98
1740128400000,98.68
1740132000000,83.4
1740135600000,78.0
1740139200000,76.41
1740142800000,79.52
1740146400000,82.94
1740150000000,103.47
1740153600000,103.45
1740157200000,101.98
1740160800000,81.95
1740164400000,80.25
1740168000000,70.85
1740171600000,70.64
1740175200000,64.33
1740178800000,50.99
1740182400000,48.62
1740186000000,47.96
1740189600000,42.62
1740193200000,41.2
1740196800000,49.15
1740200400000,49.11
1740204000000,61.22
1740207600000,68.25
1740211200000,67.74
1740214800000,53.21
1740218400000,47.13
1740222000000,40.4
1740225600000,52.69
1740229200000,68.0
1740232800000,85.6
1740236400000,100.95
1740240000000,108.38
1740243600000,106.98
1740247200000,115.18
1740250800000,103.0
1740254400000,101.58
1740258000000,94.27
1740261600000,83.51
1740265200000,91.1
1740268800000,84.99
1740272400000,86.21
1740276000000,83.63
1740279600000,85.77
1740283200000,87.33
1740286800000,87.7
1740290400000,108.0
1740294000000,112.24
1740297600000,99.35
1740301200000,83.0
1740304800000,81.5
1740308400000,71.12
1740312000000,69.2
1740315600000,64.75
1740319200000,69.11
1740322800000,84.7
1740326400000,150.45
1740330000000,154.69
1740333600000,117.02
1740337200000,96.03
1740340800000,77.32
1740344400000,73.81
1740348000000,65.99
1740351600000,70.83
1740355200000,67.99
1740358800000,40.98
1740362400000,37.1
1740366000000,65.34
1740369600000,70.03
1740373200000,81.0
1740376800000,84.8
1740380400000,106.68
1740384000000,93.26
1740387600000,79.04
1740391200000,83.44
1740394800000,81.63
1740398400000,83.0
1740402000000,86.4
1740405600000,92.55
1740409200000,100.7
1740412800000,112.94
1740416400000,137.81
1740420000000,148.71
1740423600000,129.27
1740427200000,112.29
1740430800000,112.9
1740434400000,106.48
1740438000000,90.6
1740441600000,89.91
1740445200000,93.39
1740448800000,93.86
1740452400000,97.43
1740456000000,105.78
1740459600000,144.87
1740463200000,167.16
1740466800000,173.34
1740470400000,153.73
1740474000000,140.36
1740477600000,126.75
1740481200000,124.63
1740484800000,125.81
1740488400000,134.38
1740492000000,148.34
1740495600000,170.68
1740499200000,207.97
1740502800000,233.05
1740506400000,188.09
1740510000000,156.96
1740513600000,142.47
1740517200000,129.46
1740520800000,115.13
1740524400000,122.99
1740528000000,119.82
1740531600000,116.94
1740535200000,115.98
1740538800000,116.56
1740542400000,117.27
1740546000000,132.65
1740549600000,159.93
1740553200000,175.19
1740556800000,160.22
1740560400000,141.37
1740564000000,129.95
1740567600000,120.53
1740571200000,119.89
1740574800000,125.12
1740578400000,132.9
1740582000000,149.75
1740585600000,165.01
1740589200000,172.57
1740592800000,162.82
1740596400000,147.38
1740600000000,118.44
1740603600000,120.94
1740607200000,112.46
1740610800000,101.48
1740614400000,103.81
1740618000000,101.24
1740621600000,99.6
1740625200000,100.43
1740628800000,105.87
1740632400000,115.18
1740636000000,152.32
1740639600000,159.05
1740643200000,142.58
1740646800000,129.94
1740650400000,110.0
1740654000000,101.1
1740657600000,109.25
1740661200000,110.0
1740664800000,123.0
1740668400000,142.62
1740672000000,158.69
1740675600000,174.71
1740679200000,163.17
1740682800000,144.61
1740686400000,136.54
1740690000000,124.69
1740693600000,114.89
1740697200000,115.47
1740700800000,110.54
1740704400000,109.38
1740708000000,106.93
1740711600000,112.03
1740715200000,112.63
1740718800000,135.99
1740722400000,150.0
1740726000000,161.82
1740729600000,145.5
1740733200000,127.7
1740736800000,115.97
1740740400000,109.51
1740744000000,108.57
1740747600000,111.58
1740751200000,125.57
1740754800000,135.05
1740758400000,152.85
1740762000000,161.24
1740765600000,158.86
1740769200000,143.96
1740772800000,132.94
1740776400000,127.43
1740780000000,119.03
1740783600000,128.19
1740787200000,120.38
1740790800000,117.09
1740794400000,112.15
1740798000000,109.75
1740801600000,114.38
1740805200000,118.86
1740808800000,135.79
1740812400000,138.79
1740816000000,137.74
1740819600000,125.08
1740823200000,112.11
1740826800000,102.21
1740830400000,97.27
1740834000000,99.39
1740837600000,109.23
1740841200000,125.41
1740844800000,145.0
1740848400000,158.55
1740852000000,150.78
1740855600000,137.29
1740859200000,128.6
1740862800000,123.57
1740866400000,119.92
1740870000000,123.94
1740873600000,107.54
1740877200000,99.32
1740880800000,93.01
1740884400000,94.23
1740888000000,93.98
1740891600000,95.89
1740895200000,102.6
1740898800000,103.11
1740902400000,89.0
1740906000000,68.3
1740909600000,49.0
1740913200000,27.5
1740916800000,3.13
1740920400000,2.84
1740924000000,50.73
1740927600000,80.43
1740931200000,126.55
1740934800000,143.09
1740938400000,146.1
1740942000000,132.98
1740945600000,120.0
1740949200000,120.79
1740952800000,112.78
1740956400000,108.01
1740960000000,103.69
1740963600000,102.79
1740967200000,99.7
1740970800000,103.37
1740974400000,116.7
1740978000000,137.51
1740981600000,163.0
1740985200000,147.52
1740988800000,106.74
1740992400000,72.39
1740996000000,6.4
1740999600000,0.33
1741003200000,0.01
1741006800000,61.4
1741010400000,84.1
1741014000000,106.36
1741017600000,148.79
1741021200000,183.95
1741024800000,175.93
1741028400000,150.49
1741032000000,128.21
1741035600000,124.93
1741039200000,122.46
1741042800000,121.0
1741046400000,109.44
1741050000000,103.79
1741053600000,104.82
1741057200000,100.28
1741060800000,111.51
1741064400000,141.86
1741068000000,169.61
1741071600000,141.95
1741075200000,110.98
1741078800000,80.02
1741082400000,48.58
1741086000000,20.53
1741089600000,14.34
1741093200000,52.31
1741096800000,81.29
1741100400000,111.15
1741104000000,148.61
1741107600000,180.92
1741111200000,163.67
1741114800000,134.13
1741118400000,114.38
1741122000000,114.41
1741125600000,106.81
1741129200000,90.05
1741132800000,83.07
1741136400000,83.01
1741140000000,79.71
1741143600000,81.63
1741147200000,91.94
1741150800000,115.57
1741154400000,140.16
1741158000000,85.64
1741161600000,41.63
1741165200000,0.02
1741168800000,-0.07
1741172400000,-4.28
1741176000000,-3.7
1741179600000,0.05
1741183200000,48.5
1741186800000,89.89
1741190400000,133.13
1741194000000,146.23
1741197600000,145.89
1741201200000,123.0
1741204800000,108.12
1741208400000,109.12
1741212000000,96.98
1741215600000,83.9
1741219200000,84.84
1741222800000,87.0
1741226400000,88.12
1741230000000,94.56
1741233600000,95.91
1741237200000,139.28
1741240800000,151.32
1741244400000,108.5
1741248000000,78.7
1741251600000,50.47
1741255200000,4.02
1741258800000,0.08
1741262400000,0.02
1741266000000,13.16
1741269600000,71.0
1741273200000,116.52
1741276800000,148.95
1741280400000,165.36
1741284000000,149.1
1741287600000,125.64
1741291200000,106.63
1741294800000,101.47
1741298400000,91.11
1741302000000,90.27
1741305600000,90.27
1741309200000,91.38
1741312800000,91.69
1741316400000,99.0
1741320000000,115.17
1741323600000,135.67
1741327200000,147.7
1741330800000,122.23
1741334400000,83.0
1741338000000,65.3
1741341600000,31.81
1741345200000,12.79
1741348800000,8.08
1741352400000,37.06
1741356000000,90.15
1741359600000,126.99
1741363200000,149.91
1741366800000,216.64
1741370400000,178.68
1741374000000,148.7
1741377600000,132.4
1741381200000,119.11
1741384800000,111.83
1741388400000,124.97
1741392000000,113.94
1741395600000,117.22
1741399200000,116.76
1741402800000,118.42
1741406400000,121.3
1741410000000,127.82
1741413600000,120.59
1741417200000,98.04
1741420800000,72.54
1741424400000,18.05
1741428000000,2.07
1741431600000,-0.34
1741435200000,-0.1
1741438800000,0.07
1741442400000,56.2
1741446000000,100.86
1741449600000,145.58
1741453200000,174.05
1741456800000,140.03
1741460400000,111.21
1741464000000,100.0
1741467600000,99.24
1741471200000,97.94
1741474800000,95.19
1741478400000,94.81
1741482000000,94.44
1741485600000,96.51
1741489200000,98.67
1741492800000,101.51
1741496400000,100.0
1741500000000,93.01
1741503600000,65.4
1741507200000,29.27
1741510800000,10.1
1741514400000,0.03
1741518000000,-2.26
1741521600000,-2.04
1741525200000,0.09
1741528800000,17.39
1741532400000,90.56
1741536000000,125.74
1741539600000,135.37
1741543200000,136.7
1741546800000,130.2
1741550400000,122.7
1741554000000,112.8
1741557600000,106.83
1741561200000,96.83
1741564800000,94.92
1741568400000,96.7
1741572000000,96.87
1741575600000,94.65
1741579200000,106.37
1741582800000,148.49
1741586400000,159.75
1741590000000,133.96
1741593600000,98.88
1741597200000,84.38
1741600800000,77.88
1741604400000,76.02
1741608000000,77.32
1741611600000,83.91
1741615200000,97.47
1741618800000,127.47
1741622400000,147.97
1741626000000,174.92
1741629600000,160.24
1741633200000,142.14
1741636800000,126.59
1741640400000,106.88
1741644000000,97.97
1741647600000,104.39
1741651200000,101.8
1741654800000,99.73
1741658400000,100.5
1741662000000,102.53
1741665600000,110.86
1741669200000,148.04
1741672800000,152.98
1741676400000,146.49
1741680000000,128.53
1741683600000,102.0
1741687200000,97.48
1741690800000,96.44
1741694400000,98.38
1741698000000,102.35
1741701600000,112.84
1741705200000,132.86
1741708800000,171.95
1741712400000,205.02
1741716000000,180.95
1741719600000,149.43
1741723200000,133.0
1741726800000,121.25
1741730400000,107.34
1741734000000,101.73
1741737600000,100.09
1741741200000,97.79
1741744800000,97.38
1741748400000,101.8
1741752000000,110.31
1741755600000,144.54
1741759200000,161.64
1741762800000,148.41
1741766400000,125.0
1741770000000,102.62
1741773600000,99.69
1741777200000,98.07
1741780800000,99.91
1741784400000,101.65
1741788000000,117.74
1741791600000,142.1
1741795200000,157.03
1741798800000,199.75
1741802400000,179.49
1741806000000,148.05
1741809600000,132.2
1741813200000,120.0
1741816800000,109.91
1741820400000,108.52
1741824000000,102.25
1741827600000,98.98
1741831200000,96.71
1741834800000,98.35
1741838400000,105.88
1741842000000,132.99
1741845600000,159.87
1741849200000,158.03
1741852800000,148.13
1741856400000,123.77
1741860000000,110.7
1741863600000,110.01
1741867200000,108.22
1741870800000,107.54
1741874400000,109.99
1741878000000,121.47
1741881600000,142.65
1741885200000,166.05
1741888800000,173.47
1741892400000,149.0
1741896000000,135.69
1741899600000,123.48
1741903200000,111.63
1741906800000,109.09
1741910400000,106.0
1741914000000,105.9
1741917600000,103.83
1741921200000,105.3
1741924800000,113.99
1741928400000,143.02
1741932000000,155.11
1741935600000,155.0
1741939200000,132.09
1741942800000,112.0
1741946400000,106.35
1741950000000,104.5
1741953600000,104.59
1741957200000,105.38
1741960800000,109.39
1741964400000,124.84
1741968000000,146.44
1741971600000,155.33
1741975200000,150.91
1741978800000,130.01
1741982400000,111.39
1741986000000,114.0
1741989600000,105.17
1741993200000,112.15
1741996800000,103.14
1742000400000,96.0
1742004000000,89.9
1742007600000,86.9
1742011200000,90.55
1742014800000,97.01
1742018400000,99.42
1742022000000,98.77
1742025600000,86.4
1742029200000,72.39
1742032800000,67.16
1742036400000,57.32
1742040000000,48.0
1742043600000,54.51
1742047200000,70.8
1742050800000,84.24
1742054400000,121.91
1742058000000,130.3
1742061600000,132.96
1742065200000,121.46
1742068800000,108.5
1742072400000,105.02
1742076000000,95.25
1742079600000,90.01
1742083200000,85.79
1742086800000,79.62
1742090400000,78.18
1742094000000,78.6
1742097600000,80.51
1742101200000,85.14
1742104800000,82.07
1742108400000,77.95
1742112000000,56.9
1742115600000,24.09
1742119200000,2.9
1742122800000,1.01
1742126400000,0.19
1742130000000,2.53
1742133600000,31.0
1742137200000,71.11
1742140800000,116.81
1742144400000,130.84
1742148000000,140.0
1742151600000,125.28
1742155200000,107.73
1742158800000,100.8
1742162400000,79.71
1742166000000,78.1
1742169600000,79.01
1742173200000,78.79
1742176800000,80.91
1742180400000,85.85
1742184000000,103.3
1742187600000,135.18
1742191200000,152.87
1742194800000,135.24
1742198400000,100.73
1742202000000,68.21
1742205600000,50.56
1742209200000,31.17
1742212800000,27.95
1742216400000,50.14
1742220000000,70.01
1742223600000,98.55
1742227200000,143.05
1742230800000,177.33
1742234400000,170.0
1742238000000,141.5
1742241600000,118.85
1742245200000,107.86
1742248800000,93.5
1742252400000,92.2
1742256000000,89.99
1742259600000,92.37
1742263200000,89.2
1742266800000,95.25
1742270400000,110.74
1742274000000,138.9
1742277600000,136.68
1742281200000,106.52
1742284800000,71.53
1742288400000,25.27
1742292000000,0.68
1742295600000,-1.46
1742299200000,-0.3
1742302800000,5.72
1742306400000,50.28
1742310000000,95.94
1742313600000,140.9
1742317200000,170.91
1742320800000,167.46
1742324400000,142.39
1742328000000,123.04
1742331600000,115.97
1742335200000,103.29
1742338800000,107.29
1742342400000,102.4
1742346000000,101.19
1742349600000,102.0
1742353200000,106.59
1742356800000,122.52
1742360400000,158.05
1742364000000,147.74
1742367600000,108.23
1742371200000,79.5
1742374800000,26.52
1742378400000,-0.04
1742382000000,-0.56
1742385600000,-0.25
1742389200000,0.99
1742392800000,66.73
1742396400000,109.85
1742400000000,147.56
1742403600000,248.18
1742407200000,220.3
1742410800000,176.68
1742414400000,138.24
1742418000000,124.45
1742421600000,111.14
1742425200000,117.17
1742428800000,102.86
1742432400000,99.56
1742436000000,100.08
1742439600000,102.83
1742443200000,119.7
1742446800000,144.84
1742450400000,141.21
1742454000000,99.87
1742457600000,79.45
1742461200000,37.51
1742464800000,3.42
1742468400000,0.43
1742472000000,0.65
1742475600000,16.6
1742479200000,79.42
1742482800000,120.76
1742486400000,155.14
1742490000000,280.07
1742493600000,253.85
1742497200000,164.0
1742500800000,136.82
1742504400000,125.03
1742508000000,117.91
1742511600000,125.07
1742515200000,116.41
1742518800000,112.74
1742522400000,105.81
1742526000000,109.1
1742529600000,127.49
1742533200000,156.0
1742536800000,148.27
1742540400000,110.73
1742544000000,73.31
1742547600000,43.25
1742551200000,7.35
1742554800000,0.81
1742558400000,0.0
1742562000000,2.49
1742565600000,12.36
1742569200000,46.22
1742572800000,100.24
1742576400000,120.65
1742580000000,83.5
1742583600000,70.0
1742587200000,47.19
1742590800000,27.13
1742594400000,18.45
1742598000000,26.93
1742601600000,12.57
1742605200000,9.07
1742608800000,6.88
1742612400000,10.12
1742616000000,12.95
1742619600000,13.01
1742623200000,13.04
1742626800000,3.11
1742630400000,0.0
1742634000000,-1.86
1742637600000,-6.31
1742641200000,-15.18
1742644800000,-15.04
1742648400000,-6.79
1742652000000,-1.51
1742655600000,1.01
1742659200000,34.99
1742662800000,60.03
1742666400000,50.95
1742670000000,42.15
1742673600000,36.12
1742677200000,37.14
1742680800000,35.69
1742684400000,13.69
1742688000000,19.01
1742691600000,23.65
1742695200000,23.49
1742698800000,24.82
1742702400000,25.01
1742706000000,24.84
1742709600000,24.26
1742713200000,18.99
1742716800000,23.09
1742720400000,13.78
1742724000000,9.6
1742727600000,13.49
1742731200000,5.01
1742734800000,11.46
1742738400000,42.5
1742742000000,84.42
1742745600000,124.23
1742749200000,140.0
1742752800000,142.51
1742756400000,140.58
1742760000000,130.0
1742763600000,126.47
1742767200000,114.24
1742770800000,110.45
1742774400000,107.29
1742778000000,101.91
1742781600000,98.94
1742785200000,101.99
1742788800000,119.82
1742792400000,141.5
1742796000000,164.28
1742799600000,161.86
1742803200000,135.38
1742806800000,111.16
1742810400000,107.36
1742814000000,100.75
1742817600000,100.87
1742821200000,106.57
1742824800000,115.85
1742828400000,130.95
1742832000000,154.15
1742835600000,211.99
1742839200000,193.0
1742842800000,161.84
1742846400000,138.55
1742850000000,125.58
1742853600000,115.16
1742857200000,102.07
1742860800000,101.76
1742864400000,100.2
1742868000000,102.67
1742871600000,101.96
1742875200000,107.39
1742878800000,136.05
1742882400000,142.13
1742886000000,133.36
1742889600000,106.41
1742893200000,92.03
1742896800000,78.8
1742900400000,68.45
1742904000000,69.23
1742907600000,81.7
1742911200000,95.52
1742914800000,108.84
1742918400000,138.81
1742922000000,161.14
1742925600000,166.36
1742929200000,148.6
1742932800000,122.36
1742936400000,114.83
1742940000000,102.05
1742943600000,101.02
1742947200000,97.96
1742950800000,97.36
1742954400000,97.39
1742958000000,95.72
1742961600000,98.85
1742965200000,128.76
1742968800000,141.95
1742972400000,137.09
1742976000000,111.86
1742979600000,100.0
1742983200000,96.39
1742986800000,94.81
1742990400000,84.5
1742994000000,90.79
1742997600000,94.36
1743001200000,101.45
1743004800000,135.16
1743008400000,162.0
1743012000000,169.54
1743015600000,153.27
1743019200000,129.4
1743022800000,120.27
1743026400000,108.91
1743030000000,104.93
1743033600000,98.98
1743037200000,97.8
1743040800000,98.85
1743044400000,97.07
1743048000000,104.9
1743051600000,129.83
1743055200000,140.0
1743058800000,123.5
1743062400000,89.92
1743066000000,77.61
1743069600000,45.48
1743073200000,24.81
1743076800000,6.67
1743080400000,30.34
1743084000000,74.93
1743087600000,93.74
1743091200000,127.25
1743094800000,157.9
1743098400000,170.7
1743102000000,141.61
1743105600000,124.42
1743109200000,113.1
1743112800000,100.91
1743116400000,90.0
1743120000000,79.38
1743123600000,79.02
1743127200000,79.38
1743130800000,79.84
1743134400000,103.51
1743138000000,128.52
1743141600000,122.2
1743145200000,102.08
1743148800000,75.57
1743152400000,25.77
1743156000000,1.68
1743159600000,-0.01
1743163200000,-0.03
1743166800000,14.48
1743170400000,70.1
1743174000000,104.19
1743177600000,132.0
1743181200000,165.99
1743184800000,165.9
1743188400000,148.03
1743192000000,124.56
1743195600000,117.94
1743199200000,110.12
1743202800000,113.62
1743206400000,103.91
1743210000000,96.54
1743213600000,96.22
1743217200000,96.5
1743220800000,92.74
1743224400000,96.73
1743228000000,98.44
1743231600000,91.86
1743235200000,76.14
1743238800000,65.67
1743242400000,65.34
1743246000000,65.33
1743249600000,2.06
1743253200000,3.94
1743256800000,25.27
1743260400000,66.26
1743264000000,100.1
1743267600000,146.91
1743271200000,152.22
1743274800000,121.07
1743278400000,100.42
1743282000000,82.75
1743285600000,68.27
1743289200000,46.31
1743292800000,15.89
1743296400000,5.1
1743300000000,1.2
1743303600000,0.09
1743307200000,0.03
1743310800000,0.0
1743314400000,-0.01
1743318000000,-0.04
1743321600000,-3.47
1743325200000,-11.34
1743328800000,-18.5
1743332400000,-25.76
1743336000000,-26.07
1743339600000,-12.96
1743343200000,-4.01
1743346800000,-0.01
1743350400000,14.41
1743354000000,60.83
1743357600000,58.86
1743361200000,50.01
1743364800000,61.71
1743368400000,56.44
1743372000000,65.57
1743375600000,63.25
1743379200000,64.41
1743382800000,67.22
1743386400000,68.97
1743390000000,88.0
1743393600000,109.27
1743397200000,143.54
1743400800000,174.23
1743404400000,133.17
1743408000000,110.27
1743411600000,99.04
1743415200000,83.54
1743418800000,74.1
1743422400000,73.58
1743426000000,69.55
1743429600000,76.24
1743433200000,100.83
1743436800000,131.57
1743440400000,183.96
1743444000000,172.73
1743447600000,135.03
1743451200000,115.25
1743454800000,102.34
1743458400000,101.56
1743462000000,95.02
1743465600000,92.91
1743469200000,93.5
1743472800000,91.43
1743476400000,100.71
1743480000000,129.46
1743483600000,179.96
1743487200000,159.37
1743490800000,108.47
1743494400000,86.17
1743498000000,70.26
1743501600000,53.15
1743505200000,11.57
1743508800000,10.89
1743512400000,26.7
1743516000000,65.23
1743519600000,82.8
1743523200000,122.39
1743526800000,155.72
1743530400000,138.0
1743534000000,110.9
1743537600000,95.64
1743541200000,79.45
1743544800000,68.06
1743548400000,66.93
1743552000000,66.8
1743555600000,67.97
1743559200000,68.9
1743562800000,82.18
1743566400000,113.84
1743570000000,150.31
1743573600000,124.7
1743577200000,84.74
1743580800000,48.38
1743584400000,0.0
1743588000000,-4.92
1743591600000,-20.06
1743595200000,-21.02
1743598800000,-10.0
1743602400000,-1.73
1743606000000,15.37
1743609600000,88.84
1743613200000,125.35
1743616800000,114.0
1743620400000,96.07
1743624000000,82.63
1743627600000,71.43
1743631200000,67.0
1743634800000,67.0
1743638400000,67.0
1743642000000,68.95
1743645600000,71.0
1743649200000,86.22
1743652800000,129.71
1743656400000,162.77
1743660000000,133.3
1743663600000,79.11
1743667200000,40.47
1743670800000,-0.16
1743674400000,-1.19
1743678000000,-8.4
1743681600000,-5.85
1743685200000,-0.27
1743688800000,16.09
1743692400000,75.0
1743696000000,138.0
1743699600000,163.48
1743703200000,155.88
1743706800000,137.03
1743710400000,113.21
1743714000000,104.63
1743717600000,108.34
1743721200000,103.04
1743724800000,102.89
1743728400000,103.61
1743732000000,105.95
1743735600000,112.55
1743739200000,152.67
1743742800000,180.17
1743746400000,139.4
1743750000000,95.68
1743753600000,65.0
1743757200000,7.82
1743760800000,0.0
1743764400000,-1.31
1743768000000,-1.21
1743771600000,-0.13
1743775200000,29.7
1743778800000,79.87
1743782400000,126.35
1743786000000,167.64
1743789600000,155.99
1743793200000,120.67
1743796800000,106.15
1743800400000,96.97
1743804000000,109.23
1743807600000,102.76
1743811200000,99.39
1743814800000,99.4
1743818400000,98.31
1743822000000,97.5
1743825600000,102.98
1743829200000,105.9
1743832800000,98.3
1743836400000,57.16
1743840000000,0.66
1743843600000,-0.94
1743847200000,-24.09
1743850800000,-47.73
1743854400000,-49.1
1743858000000,-29.91
1743861600000,-4.3
1743865200000,0.0
1743868800000,70.0
1743872400000,99.4
1743876000000,98.9
1743879600000,84.25
1743883200000,78.99
1743886800000,68.75
1743890400000,70.45
1743894000000,61.0
1743897600000,62.72
1743901200000,68.28
1743904800000,69.95
1743908400000,77.43
1743912000000,76.54
1743915600000,78.11
1743919200000,41.79
1743922800000,0.1
1743926400000,-2.0
1743930000000,-27.56
1743933600000,-60.01
1743937200000,-106.31
1743940800000,-114.57
1743944400000,-70.0
1743948000000,-18.95
1743951600000,1.76
1743955200000,112.41
1743958800000,131.56
1743962400000,132.9
1743966000000,121.38
1743969600000,111.84
1743973200000,100.03
1743976800000,86.71
1743980400000,85.0
1743984000000,81.73
1743987600000,83.53
1743991200000,85.45
1743994800000,98.74
1743998400000,131.1
1744002000000,175.97
1744005600000,144.61
1744009200000,107.1
1744012800000,83.37
1744016400000,65.0
1744020000000,11.8
1744023600000,2.19
1744027200000,3.94
1744030800000,60.98
1744034400000,72.0
1744038000000,102.43
1744041600000,127.6
1744045200000,168.45
1744048800000,165.05
1744052400000,138.2
1744056000000,121.02
1744059600000,105.21
1744063200000,94.93
1744066800000,87.83
1744070400000,89.06
1744074000000,89.9
1744077600000,91.62
1744081200000,105.73
1744084800000,142.97
1744088400000,180.55
1744092000000,136.77
1744095600000,91.3
1744099200000,76.47
1744102800000,61.09
1744106400000,19.57
1744110000000,16.83
1744113600000,28.59
1744117200000,57.47
1744120800000,73.33
1744124400000,90.34
1744128000000,118.26
1744131600000,180.4
1744135200000,171.31
1744138800000,140.0
1744142400000,120.47
1744146000000,105.12
1744149600000,104.99
1744153200000,95.99
1744156800000,94.67
1744160400000,94.45
1744164000000,95.79
1744167600000,109.45
1744171200000,152.68
1744174800000,175.56
1744178400000,131.56
1744182000000,99.51
1744185600000,82.71
1744189200000,59.69
1744192800000,13.61
1744196400000,6.72
1744200000000,13.27
1744203600000,34.87
1744207200000,62.98
1744210800000,83.5
1744214400000,103.48
1744218000000,131.57
1744221600000,138.73
1744225200000,111.23
1744228800000,101.94
1744232400000,98.51
1744236000000,92.9
1744239600000,89.55
1744243200000,88.9
1744246800000,87.92
1744250400000,90.0
1744254000000,97.54
1744257600000,132.44
1744261200000,170.59
1744264800000,135.44
1744268400000,102.4
1744272000000,85.71
1744275600000,66.34
1744279200000,34.95
1744282800000,2.18
1744286400000,0.08
1744290000000,1.18
1744293600000,54.44
1744297200000,70.0
1744300800000,101.68
1744304400000,140.42
1744308000000,137.17
1744311600000,97.56
1744315200000,92.05
1744318800000,81.11
1744322400000,65.32
1744326000000,60.75
1744329600000,58.44
1744333200000,58.43
1744336800000,61.93
1744340400000,71.99
1744344000000,94.2
1744347600000,111.4
1744351200000,85.9
1744354800000,58.89
1744358400000,11.31
1744362000000,0.0
1744365600000,-3.0
1744369200000,-4.99
1744372800000,-3.61
1744376400000,-0.1
1744380000000,0.0
1744383600000,70.15
1744387200000,110.69
1744390800000,133.4
1744394400000,155.0
1744398000000,130.46
1744401600000,119.1
1744405200000,105.49
1744408800000,107.84
1744412400000,104.41
1744416000000,100.93
1744419600000,98.15
1744423200000,98.99
1744426800000,99.08
1744430400000,104.42
1744434000000,99.74
1744437600000,95.49
1744441200000,67.26
1744444800000,20.19
1744448400000,0.0
1744452000000,-9.23
1744455600000,-40.04
1744459200000,-42.01
1744462800000,-18.68
1744466400000,-0.08
1744470000000,59.47
1744473600000,111.31
1744477200000,150.06
1744480800000,120.89
1744484400000,91.0
1744488000000,86.27
1744491600000,64.27
1744495200000,63.99
1744498800000,56.0
1744502400000,42.36
1744506000000,29.5
1744509600000,32.06
1744513200000,34.48
1744516800000,29.41
1744520400000,27.75
1744524000000,12.87
1744527600000,8.43
1744531200000,0.0
1744534800000,-0.02
1744538400000,-3.02
1744542000000,-18.84
1744545600000,-25.38
1744549200000,-9.93
1744552800000,-0.01
1744556400000,17.56
1744560000000,98.63
1744563600000,120.65
1744567200000,118.01
1744570800000,108.06
1744574400000,103.35
1744578000000,94.98
1744581600000,87.56
1744585200000,82.69
1744588800000,82.11
1744592400000,82.29
1744596000000,84.52
1744599600000,97.1
1744603200000,124.34
1744606800000,152.03
1744610400000,143.7
1744614000000,104.7
1744617600000,91.02
1744621200000,77.07
1744624800000,62.35
1744628400000,61.64
1744632000000,64.36
1744635600000,75.29
1744639200000,84.6
1744642800000,97.02
1744646400000,119.35
1744650000000,180.0
1744653600000,140.61
1744657200000,102.83
1744660800000,82.59
1744664400000,76.0
1744668000000,72.93
1744671600000,73.2
1744675200000,67.38
1744678800000,64.29
1744682400000,66.3
1744686000000,70.42
1744689600000,83.03
1744693200000,96.99
1744696800000,98.56
1744700400000,65.0
1744704000000,48.93
1744707600000,2.92
1744711200000,0.08
1744714800000,0.0
1744718400000,0.1
1744722000000,29.27
1744725600000,68.08
1744729200000,86.57
1744732800000,105.28
1744736400000,133.58
1744740000000,141.54
1744743600000,110.58
1744747200000,102.21
1744750800000,93.76
1744754400000,88.01
1744758000000,82.04
1744761600000,82.2
1744765200000,81.4
1744768800000,82.99
1744772400000,99.4
1744776000000,121.0
1744779600000,135.14
1744783200000,109.94
1744786800000,94.82
1744790400000,79.75
1744794000000,64.08
1744797600000,35.3
1744801200000,22.4
1744804800000,24.94
1744808400000,55.0
1744812000000,68.0
1744815600000,93.16
1744819200000,118.0
1744822800000,146.52
1744826400000,136.48
1744830000000,121.0
1744833600000,109.69
1744837200000,98.59
1744840800000,88.99
1744844400000,83.99
1744848000000,81.67
1744851600000,80.07
1744855200000,81.28
1744858800000,87.43
1744862400000,108.02
1744866000000,122.8
1744869600000,130.0
1744873200000,121.0
1744876800000,110.0
1744880400000,95.03
1744884000000,80.84
1744887600000,81.04
1744891200000,77.75
1744894800000,77.65
1744898400000,83.87
1744902000000,97.63
1744905600000,112.65
1744909200000,129.0
1744912800000,122.79
1744916400000,114.76
1744920000000,98.9
1744923600000,96.52
1744927200000,91.0
1744930800000,81.3
1744934400000,79.12
1744938000000,77.94
1744941600000,76.34
1744945200000,76.35
1744948800000,79.39
1744952400000,87.98
1744956000000,91.25
1744959600000,90.14
1744963200000,88.3
1744966800000,83.28
1744970400000,75.03
1744974000000,63.75
1744977600000,62.64
1744981200000,65.36
1744984800000,76.61
1744988400000,88.64
1744992000000,103.5
1744995600000,123.12
1744999200000,126.52
1745002800000,116.52
1745006400000,106.35
1745010000000,99.12
1745013600000,89.32
1745017200000,80.01
1745020800000,84.45
1745024400000,82.39
1745028000000,84.98
1745031600000,90.62
1745035200000,95.2
1745038800000,91.67
1745042400000,83.89
1745046000000,76.43
1745049600000,29.99
1745053200000,4.54
1745056800000,0.0
1745060400000,-3.01
1745064000000,-7.26
1745067600000,-0.86
1745071200000,0.2
1745074800000,64.01
1745078400000,102.77
1745082000000,126.84
1745085600000,142.71
1745089200000,127.36
1745092800000,109.55
1745096400000,98.27
1745100000000,100.41
1745103600000,94.9
1745107200000,98.98
1745110800000,97.41
1745114400000,98.83
1745118000000,108.64
1745121600000,109.38
1745125200000,94.32
1745128800000,68.6
1745132400000,18.63
1745136000000,0.0
1745139600000,-5.72
1745143200000,-34.99
1745146800000,-52.42
1745150400000,-40.05
1745154000000,-4.76
1745157600000,0.0
1745161200000,72.42
1745164800000,106.81
1745168400000,119.94
1745172000000,144.95
1745175600000,137.56
1745179200000,121.82
1745182800000,110.68
1745186400000,108.58
1745190000000,97.59
1745193600000,96.47
1745197200000,96.84
1745200800000,97.98
1745204400000,98.54
1745208000000,97.07
1745211600000,91.31
1745215200000,88.5
1745218800000,87.99
1745222400000,65.24
1745226000000,33.88
1745229600000,17.19
1745233200000,8.91
1745236800000,8.43
1745240400000,10.01
1745244000000,50.05
1745247600000,88.77
1745251200000,101.95
1745254800000,121.95
1745258400000,139.14
1745262000000,132.1
1745265600000,122.77
1745269200000,106.54
1745272800000,96.21
1745276400000,88.8
1745280000000,87.4
1745283600000,85.01
1745287200000,84.58
1745290800000,97.39
1745294400000,120.76
1745298000000,151.54
1745301600000,147.0
1745305200000,111.88
1745308800000,95.2
1745312400000,89.97
1745316000000,79.92
1745319600000,67.66
1745323200000,71.47
1745326800000,78.45
1745330400000,83.07
1745334000000,100.04
1745337600000,122.38
1745341200000,192.32
1745344800000,263.2
1745348400000,157.28
1745352000000,122.28
1745355600000,109.6
1745359200000,106.72
1745362800000,99.4
1745366400000,96.84
1745370000000,96.7
1745373600000,101.2
1745377200000,108.23
1745380800000,137.09
1745384400000,152.0
1745388000000,128.84
1745391600000,100.0
1745395200000,92.0
1745398800000,94.39
1745402400000,81.04
1745406000000,80.29
1745409600000,88.0
1745413200000,92.35
1745416800000,99.05
1745420400000,108.28
1745424000000,128.9
1745427600000,155.97
1745431200000,148.67
1745434800000,126.11
1745438400000,108.2
1745442000000,97.15
1745445600000,94.17
1745449200000,88.3
1745452800000,86.7
1745456400000,85.65
1745460000000,84.35
1745463600000,90.93
1745467200000,110.34
1745470800000,118.51
1745474400000,117.65
1745478000000,108.91
1745481600000,96.67
1745485200000,93.55
1745488800000,81.56
1745492400000,78.95
1745496000000,78.04
1745499600000,78.72
1745503200000,83.37
1745506800000,95.36
1745510400000,101.02
1745514000000,114.64
1745517600000,121.61
1745521200000,114.48
1745524800000,106.53
1745528400000,93.1
1745532000000,91.03
1745535600000,82.92
1745539200000,82.23
1745542800000,83.4
1745546400000,84.95
1745550000000,94.64
1745553600000,104.41
1745557200000,113.39
1745560800000,111.0
1745564400000,99.41
1745568000000,88.17
1745571600000,75.45
1745575200000,66.61
1745578800000,48.03
1745582400000,40.99
1745586000000,59.47
1745589600000,73.04
1745593200000,84.19
1745596800000,99.43
1745600400000,115.99
1745604000000,123.78
1745607600000,109.63
1745611200000,100.37
1745614800000,92.09
1745618400000,100.0
1745622000000,92.19
1745625600000,91.02
1745629200000,89.66
1745632800000,89.01
1745636400000,90.86
1745640000000,93.01
1745643600000,86.33
1745647200000,72.19
1745650800000,34.45
1745654400000,2.55
1745658000000,-0.01
1745661600000,-7.63
1745665200000,-14.85
1745668800000,-10.77
1745672400000,-2.19
1745676000000,-0.02
1745679600000,30.99
1745683200000,79.0
1745686800000,99.81
1745690400000,107.4
1745694000000,96.85
1745697600000,85.26
1745701200000,72.31
1745704800000,67.71
1745708400000,62.91
1745712000000,57.96
1745715600000,59.12
1745719200000,61.94
1745722800000,69.05
1745726400000,69.14
1745730000000,63.72
1745733600000,34.95
1745737200000,0.04
1745740800000,-3.0
1745744400000,-33.88
1745748000000,-101.04
1745751600000,-129.81
1745755200000,-116.61
1745758800000,-50.0
1745762400000,-5.17
1745766000000,18.35
1745769600000,91.98
1745773200000,110.83
1745776800000,124.23
1745780400000,109.24
1745784000000,99.0
1745787600000,93.77
1745791200000,92.24
1745794800000,86.49
1745798400000,83.1
1745802000000,85.41
1745805600000,91.19
1745809200000,99.49
1745812800000,140.0
1745816400000,131.09
1745820000000,96.85
1745823600000,67.37
1745827200000,10.03
1745830800000,-0.01
1745834400000,-4.02
1745838000000,-5.9
1745841600000,-6.18
1745845200000,-1.54
1745848800000,2.01
1745852400000,71.83
1745856000000,101.92
1745859600000,149.9
1745863200000,194.81
1745866800000,128.83
1745870400000,106.24
1745874000000,96.83
1745877600000,90.64
1745881200000,86.86
1745884800000,81.76
1745888400000,79.17
1745892000000,80.03
1745895600000,90.57
1745899200000,107.0
1745902800000,113.13
1745906400000,99.98
1745910000000,78.0
1745913600000,9.31
1745917200000,0.0
1745920800000,-0.76
1745924400000,-1.9
1745928000000,-1.67
1745931600000,-0.01
1745935200000,14.82
1745938800000,77.6
1745942400000,102.0
1745946000000,139.83
1745949600000,174.75
1745953200000,129.11
1745956800000,108.83
1745960400000,97.82
1745964000000,95.0
1745967600000,90.0
1745971200000,87.59
1745974800000,88.25
1745978400000,91.4
1745982000000,95.83
1745985600000,115.27
1745989200000,120.3
1745992800000,99.9
1745996400000,76.7
1746000000000,7.08
1746003600000,0.0
1746007200000,-1.0
1746010800000,-6.21
1746014400000,-3.0
1746018000000,-0.02
1746021600000,19.91
1746025200000,78.39
1746028800000,101.8
1746032400000,130.37
1746036000000,176.43
1746039600000,128.0
1746043200000,108.33
1746046800000,98.68
1746050400000,97.51
1746054000000,91.78
1746057600000,90.46
1746061200000,90.63
1746064800000,90.5
1746068400000,84.16
1746072000000,83.94
1746075600000,78.04
1746079200000,62.1
1746082800000,0.0
1746086400000,-3.0
1746090000000,-40.1
1746093600000,-85.01
1746097200000,-129.99
1746100800000,-118.11
1746104400000,-49.99
1746108000000,-5.17
1746111600000,40.77
1746115200000,96.14
1746118800000,129.87
1746122400000,164.38
1746126000000,122.45
1746129600000,100.73
1746133200000,87.1
1746136800000,89.92
1746140400000,77.12
1746144000000,66.9
1746147600000,63.91
1746151200000,66.0
1746154800000,74.01
1746158400000,86.83
1746162000000,88.55
1746165600000,84.9
1746169200000,55.0
1746172800000,0.85
1746176400000,-0.01
1746180000000,-0.8
1746183600000,-3.0
1746187200000,-4.0
1746190800000,-0.08
1746194400000,0.3
1746198000000,67.5
1746201600000,99.9
1746205200000,118.39
1746208800000,150.4
1746212400000,121.24
1746216000000,106.72
1746219600000,96.44
1746223200000,97.81
1746226800000,93.34
1746230400000,92.2
1746234000000,92.0
1746237600000,91.23
1746241200000,91.84
1746244800000,92.86
1746248400000,87.73
1746252000000,79.9
1746255600000,13.53
1746259200000,0.01
1746262800000,-0.01
1746266400000,-1.16
1746270000000,-3.04
1746273600000,-2.69
1746277200000,-0.03
1746280800000,0.0
1746284400000,28.87
1746288000000,68.11
1746291600000,77.54
1746295200000,90.27
1746298800000,87.02
1746302400000,78.63
1746306000000,65.91
1746309600000,60.3
1746313200000,44.9
1746316800000,31.47
1746320400000,20.39
1746324000000,20.02
1746327600000,15.58
1746331200000,13.62
1746334800000,7.83
1746338400000,2.93
1746342000000,0.0
1746345600000,-0.01
1746349200000,-0.01
1746352800000,-0.02
1746356400000,-2.0
1746360000000,-5.01
1746363600000,-1.59
1746367200000,-0.01
1746370800000,10.07
1746374400000,80.08
1746378000000,95.95
1746381600000,109.0
1746385200000,112.38
1746388800000,101.79
1746392400000,87.35
1746396000000,75.18
1746399600000,70.51
1746403200000,72.25
1746406800000,75.15
1746410400000,74.98
1746414000000,89.49
1746417600000,110.92
1746421200000,122.57
1746424800000,106.69
1746428400000,90.82
1746432000000,80.0
1746435600000,61.65
1746439200000,53.83
1746442800000,49.66
1746446400000,59.3
1746450000000,70.42
1746453600000,78.88
1746457200000,89.22
1746460800000,100.1
1746464400000,128.92
1746468000000,128.0
1746471600000,113.17
1746475200000,101.52
1746478800000,94.46
1746482400000,87.22
1746486000000,81.68
1746489600000,81.29
1746493200000,79.96
1746496800000,82.39
1746500400000,97.08
1746504000000,114.57
1746507600000,121.86
1746511200000,108.37
1746514800000,83.08
1746518400000,72.27
1746522000000,59.89
1746525600000,42.81
1746529200000,38.17
1746532800000,45.44
1746536400000,65.0
1746540000000,73.73
1746543600000,89.99
1746547200000,106.89
1746550800000,134.09
1746554400000,161.18
1746558000000,136.6
1746561600000,118.28
1746565200000,101.27
1746568800000,92.67
1746572400000,87.05
1746576000000,85.63
1746579600000,88.6
1746583200000,95.16
1746586800000,108.57
1746590400000,131.68
1746594000000,143.95
1746597600000,125.0
1746601200000,96.43
1746604800000,82.41
1746608400000,73.3
1746612000000,64.43
1746615600000,63.92
1746619200000,68.04
1746622800000,75.0
1746626400000,81.8
1746630000000,95.85
1746633600000,108.49
1746637200000,128.93
1746640800000,147.15
1746644400000,125.18
1746648000000,108.49
1746651600000,96.59
1746655200000,95.86
1746658800000,91.66
1746662400000,91.51
1746666000000,93.18
1746669600000,96.09
1746673200000,109.25
1746676800000,124.27
1746680400000,138.73
1746684000000,124.11
1746687600000,101.13
1746691200000,87.81
1746694800000,75.34
1746698400000,64.25
1746702000000,63.75
1746705600000,70.05
1746709200000,78.77
1746712800000,85.3
1746716400000,91.63
1746720000000,109.09
1746723600000,134.96
1746727200000,185.08
1746730800000,143.18
1746734400000,114.77
1746738000000,106.48
1746741600000,102.27
1746745200000,96.55
1746748800000,93.76
1746752400000,95.09
1746756000000,100.28
1746759600000,112.4
1746763200000,141.0
1746766800000,136.03
1746770400000,100.61
1746774000000,82.0
1746777600000,51.6
1746781200000,0.1
1746784800000,-0.74
1746788400000,-0.04
1746792000000,-0.01
1746795600000,0.09
1746799200000,52.66
1746802800000,79.06
1746806400000,98.9
1746810000000,120.0
1746813600000,149.13
1746817200000,130.35
1746820800000,107.32
1746824400000,98.32
1746828000000,105.22
1746831600000,102.91
1746835200000,98.78
1746838800000,96.28
1746842400000,100.9
1746846000000,100.47
1746849600000,97.73
1746853200000,93.91
1746856800000,73.72
1746860400000,9.02
1746864000000,-0.07
1746867600000,-22.88
1746871200000,-58.48
1746874800000,-114.53
1746878400000,-110.51
1746882000000,-49.52
1746885600000,-5.94
1746889200000,23.99
1746892800000,95.27
1746896400000,124.04
1746900000000,163.2
1746903600000,129.49
1746907200000,107.72
1746910800000,94.49
1746914400000,97.8
1746918000000,95.1
1746921600000,94.51
1746925200000,95.42
1746928800000,95.39
1746932400000,95.45
1746936000000,87.61
1746939600000,65.76
1746943200000,4.96
1746946800000,-0.1
1746950400000,-12.02
1746954000000,-51.95
1746957600000,-212.82
1746961200000,-250.32
1746964800000,-230.98
1746968400000,-110.06
1746972000000,-18.52
1746975600000,-0.08
1746979200000,85.96
1746982800000,117.11
1746986400000,124.86
1746990000000,109.55
1746993600000,98.45
1746997200000,84.68
1747000800000,86.0
1747004400000,81.28
1747008000000,80.95
1747011600000,81.48
1747015200000,84.65
1747018800000,97.71
1747022400000,137.05
1747026000000,141.15
1747029600000,108.49
1747033200000,69.74
1747036800000,0.49
1747040400000,-3.91
1747044000000,-25.0
1747047600000,-35.0
1747051200000,-29.9
1747054800000,-8.59
1747058400000,-0.01
1747062000000,72.58
1747065600000,107.12
1747069200000,141.41
1747072800000,172.7
1747076400000,117.25
1747080000000,100.11
1747083600000,92.97
1747087200000,89.87
1747090800000,88.55
1747094400000,89.2
1747098000000,93.94
1747101600000,96.71
1747105200000,104.0
1747108800000,136.77
1747112400000,128.33
1747116000000,100.42
1747119600000,79.36
1747123200000,16.09
1747126800000,-0.75
1747130400000,-6.0
1747134000000,-16.0
1747137600000,-6.55
1747141200000,-3.83
1747144800000,0.55
1747148400000,74.0
1747152000000,105.23
1747155600000,151.07
1747159200000,223.58
1747162800000,148.96
1747166400000,111.97
1747170000000,102.63
1747173600000,102.78
1747177200000,97.3
1747180800000,95.41
1747184400000,96.96
1747188000000,98.56
1747191600000,103.94
1747195200000,128.58
1747198800000,122.51
1747202400000,99.56
1747206000000,70.92
1747209600000,0.2
1747213200000,-1.67
1747216800000,-18.16
1747220400000,-29.91
1747224000000,-31.82
1747227600000,-12.79
1747231200000,-1.33
1747234800000,30.94
1747238400000,91.6
1747242000000,114.0
1747245600000,158.45
1747249200000,132.59
1747252800000,109.08
1747256400000,99.86
1747260000000,98.06
1747263600000,89.88
1747267200000,87.8
1747270800000,87.63
1747274400000,90.28
1747278000000,98.94
1747281600000,119.9
1747285200000,119.91
1747288800000,102.06
1747292400000,75.65
1747296000000,4.58
1747299600000,-0.08
1747303200000,-4.97
1747306800000,-14.76
1747310400000,-14.25
1747314000000,-6.62
1747317600000,-0.6
1747321200000,3.83
1747324800000,76.11
1747328400000,108.97
1747332000000,130.74
1747335600000,125.13
1747339200000,110.49
1747342800000,101.0
1747346400000,94.5
1747350000000,88.47
1747353600000,84.91
1747357200000,85.0
1747360800000,88.76
1747364400000,98.26
1747368000000,113.18
1747371600000,117.6
1747375200000,106.66
1747378800000,78.99
1747382400000,11.11
1747386000000,-0.01
1747389600000,-3.15
1747393200000,-1.97
1747396800000,-1.55
1747400400000,-0.01
1747404000000,2.98
1747407600000,69.79
1747411200000,100.05
1747414800000,111.81
1747418400000,154.91
1747422000000,143.23
1747425600000,116.08
1747429200000,102.08
1747432800000,93.0
1747436400000,93.48
1747440000000,88.93
1747443600000,88.9
1747447200000,89.89
1747450800000,93.46
1747454400000,91.56
1747458000000,89.85
1747461600000,59.11
1747465200000,0.86
1747468800000,-0.06
1747472400000,-4.49
1747476000000,-4.96
1747479600000,-10.02
1747483200000,-11.27
1747486800000,-5.8
1747490400000,-0.8
1747494000000,5.01
1747497600000,78.77
1747501200000,99.64
1747504800000,121.38
1747508400000,130.21
1747512000000,129.9
1747515600000,111.6
1747519200000,106.73
1747522800000,101.49
1747526400000,98.57
1747530000000,97.4
1747533600000,98.41
1747537200000,97.98
1747540800000,91.3
1747544400000,87.16
1747548000000,67.86
1747551600000,10.1
1747555200000,0.0
1747558800000,-0.2
1747562400000,-2.0
1747566000000,-7.37
1747569600000,-15.0
1747573200000,-8.97
1747576800000,-0.2
1747580400000,9.67
1747584000000,91.38
1747587600000,108.4
1747591200000,125.17
1747594800000,130.47
1747598400000,118.41
1747602000000,103.62
1747605600000,110.48
1747609200000,102.62
1747612800000,96.1
1747616400000,92.95
1747620000000,98.03
1747623600000,109.39
1747627200000,131.22
1747630800000,137.22
1747634400000,113.41
1747638000000,93.69
1747641600000,69.59
1747645200000,28.56
1747648800000,12.77
1747652400000,5.0
1747656000000,8.0
1747659600000,28.15
1747663200000,72.98
1747666800000,97.09
1747670400000,114.49
1747674000000,148.45
1747677600000,229.11
1747681200000,154.86
1747684800000,126.81
1747688400000,111.88
1747692000000,114.95
1747695600000,106.03
1747699200000,102.5
1747702800000,104.04
1747706400000,109.14
1747710000000,118.96
1747713600000,143.21
1747717200000,130.81
1747720800000,100.0
1747724400000,85.2
1747728000000,61.58
1747731600000,15.95
1747735200000,0.17
1747738800000,0.01
1747742400000,0.09
1747746000000,7.61
1747749600000,67.87
1747753200000,97.15
1747756800000,111.79
1747760400000,141.23
1747764000000,192.25
1747767600000,148.97
1747771200000,120.0
1747774800000,107.93
1747778400000,107.93
1747782000000,102.33
1747785600000,97.9
1747789200000,94.9
1747792800000,93.7
1747796400000,102.49
1747800000000,112.48
1747803600000,116.54
1747807200000,107.82
1747810800000,84.82
1747814400000,42.22
1747818000000,0.15
1747821600000,-0.1
1747825200000,-2.2
1747828800000,-1.53
1747832400000,-0.01
1747836000000,2.06
1747839600000,49.08
1747843200000,86.32
1747846800000,100.1
1747850400000,114.35
1747854000000,110.27
1747857600000,100.72
1747861200000,90.0
1747864800000,98.54
1747868400000,88.28
1747872000000,83.65
1747875600000,81.5
1747879200000,83.34
1747882800000,90.0
1747886400000,107.67
1747890000000,106.01
1747893600000,98.16
1747897200000,54.54
1747900800000,1.66
1747904400000,0.01
1747908000000,-1.91
1747911600000,-12.77
1747915200000,-15.4
1747918800000,-10.9
1747922400000,-2.99
1747926000000,-0.01
1747929600000,50.0
1747933200000,106.84
1747936800000,115.0
1747940400000,127.25
1747944000000,117.48
1747947600000,103.23
1747951200000,101.1
1747954800000,93.16
1747958400000,87.12
1747962000000,86.56
1747965600000,93.08
1747969200000,106.82
1747972800000,128.49
1747976400000,132.8
1747980000000,114.67
1747983600000,85.9
1747987200000,70.0
1747990800000,54.05
1747994400000,13.44
1747998000000,0.62
1748001600000,0.0
1748005200000,0.0
1748008800000,25.33
1748012400000,71.91
1748016000000,97.6
1748019600000,114.36
1748023200000,130.47
1748026800000,139.29
1748030400000,126.93
1748034000000,108.0
1748037600000,98.99
1748041200000,94.76
1748044800000,88.74
1748048400000,84.22
1748052000000,82.93
1748055600000,80.71
1748059200000,82.07
1748062800000,76.9
1748066400000,62.09
1748070000000,12.26
1748073600000,-0.01
1748077200000,-0.11
1748080800000,-0.15
1748084400000,-0.19
1748088000000,-0.39
1748091600000,-1.77
1748095200000,-0.39
1748098800000,48.67
1748102400000,85.34
1748106000000,109.08
1748109600000,111.0
1748113200000,107.92
1748116800000,92.06
1748120400000,79.67
1748124000000,23.82
1748127600000,22.9
1748131200000,14.39
1748134800000,8.38
1748138400000,3.9
1748142000000,2.11
1748145600000,1.17
1748149200000,1.21
1748152800000,0.03
1748156400000,0.0
1748160000000,-0.61
1748163600000,-0.6
1748167200000,-0.25
1748170800000,-3.19
1748174400000,-5.05
1748178000000,-4.95
1748181600000,-1.37
1748185200000,0.0
1748188800000,11.72
1748192400000,92.95
1748196000000,100.0
1748199600000,107.41
1748203200000,102.23
1748206800000,92.92
1748210400000,88.13
1748214000000,79.12
1748217600000,73.21
1748221200000,71.83
1748224800000,76.7
1748228400000,85.48
1748232000000,116.2
1748235600000,143.17
1748239200000,129.91
1748242800000,91.41
1748246400000,16.17
1748250000000,0.05
1748253600000,-0.42
1748257200000,-1.45
1748260800000,-1.18
1748264400000,-0.82
1748268000000,0.0
1748271600000,17.65
1748275200000,95.76
1748278800000,119.33
1748282400000,169.87
1748286000000,161.57
1748289600000,119.38
1748293200000,98.86
1748296800000,88.51
1748300400000,73.92
1748304000000,62.02
1748307600000,61.98
1748311200000,67.7
1748314800000,62.2
1748318400000,67.7
1748322000000,73.9
1748325600000,68.63
1748329200000,50.17
1748332800000,4.26
1748336400000,3.19
1748340000000,0.03
1748343600000,0.02
1748347200000,0.09
1748350800000,3.14
1748354400000,55.17
1748358000000,84.55
1748361600000,103.0
1748365200000,122.64
1748368800000,137.6
1748372400000,111.16
1748376000000,100.34
1748379600000,82.41
1748383200000,76.43
1748386800000,69.01
1748390400000,67.39
1748394000000,61.01
1748397600000,65.19
1748401200000,72.52
1748404800000,92.85
1748408400000,100.09
1748412000000,95.0
1748415600000,90.0
1748419200000,76.48
1748422800000,71.46
1748426400000,65.67
1748430000000,58.03
1748433600000,53.21
1748437200000,42.1
1748440800000,67.28
1748444400000,83.7
1748448000000,94.99
1748451600000,114.83
1748455200000,134.83
1748458800000,139.91
1748462400000,124.29
1748466000000,104.27
1748469600000,99.13
1748473200000,94.8
1748476800000,92.06
1748480400000,91.55
1748484000000,91.54
1748487600000,91.36
1748491200000,89.46
1748494800000,86.49
1748498400000,82.95
1748502000000,62.83
1748505600000,19.93
1748509200000,1.71
1748512800000,0.03
1748516400000,-1.68
1748520000000,-1.99
1748523600000,-1.98
1748527200000,-1.09
1748530800000,23.13
1748534400000,65.5
1748538000000,80.2
1748541600000,77.17
1748545200000,73.73
1748548800000,76.66
1748552400000,57.5
1748556000000,45.42
1748559600000,25.67
1748563200000,32.99
1748566800000,33.95
1748570400000,37.39
1748574000000,55.08
1748577600000,69.73
1748581200000,68.38
1748584800000,53.01
1748588400000,29.13
1748592000000,1.83
1748595600000,-0.02
1748599200000,-1.01
1748602800000,-3.1
1748606400000,-3.0
1748610000000,-1.34
1748613600000,-0.04
1748617200000,5.88
1748620800000,73.52
1748624400000,111.84
1748628000000,136.95
1748631600000,145.89
1748635200000,130.19
1748638800000,108.15
1748642400000,107.0
1748646000000,99.94
1748649600000,98.75
1748653200000,99.07
1748656800000,99.91
1748660400000,98.29
1748664000000,94.79
1748667600000,84.61
1748671200000,55.0
1748674800000,1.0
1748678400000,-0.02
1748682000000,-1.0
1748685600000,-3.07
1748689200000,-13.17
1748692800000,-7.75
1748696400000,-3.0
1748700000000,-0.05
1748703600000,41.4
1748707200000,88.85
1748710800000,131.41
1748714400000,192.35
1748718000000,192.37
1748721600000,133.49
1748725200000,102.06
1748728800000,92.53
1748732400000,85.22
1748736000000,77.13
1748739600000,74.09
1748743200000,72.66
1748746800000,66.11
1748750400000,35.84
1748754000000,13.0
1748757600000,2.4
1748761200000,-0.01
1748764800000,-0.6
1748768400000,-2.11
1748772000000,-5.48
1748775600000,-12.93
1748779200000,-20.41
1748782800000,-15.61
1748786400000,-6.0
1748790000000,-0.99
1748793600000,19.23
1748797200000,78.85
1748800800000,93.66
1748804400000,106.86
1748808000000,105.93
1748811600000,90.49
1748815200000,81.76
1748818800000,75.31
1748822400000,75.0
1748826000000,77.75
1748829600000,83.05
1748833200000,91.93
1748836800000,108.15
1748840400000,117.9
1748844000000,102.36
1748847600000,85.6
1748851200000,57.47
1748854800000,33.21
1748858400000,20.0
1748862000000,12.78
1748865600000,11.0
1748869200000,19.75
1748872800000,55.84
1748876400000,82.8
1748880000000,94.95
1748883600000,109.32
1748887200000,195.91
1748890800000,245.37
1748894400000,141.66
1748898000000,110.04
1748901600000,111.49
1748905200000,109.91
1748908800000,102.02
1748912400000,99.23
1748916000000,94.89
1748919600000,107.6
1748923200000,130.76
1748926800000,116.85
1748930400000,85.98
1748934000000,59.46
1748937600000,2.0
1748941200000,-0.05
1748944800000,-1.01
1748948400000,-3.0
1748952000000,-4.32
1748955600000,-1.33
1748959200000,0.0
1748962800000,66.0
1748966400000,87.79
1748970000000,109.41
1748973600000,132.9
1748977200000,112.29
1748980800000,106.12
1748984400000,95.49
1748988000000,74.95
1748991600000,67.25
1748995200000,64.78
1748998800000,65.0
1749002400000,68.32
1749006000000,80.32
1749009600000,99.77
1749013200000,113.74
1749016800000,112.4
1749020400000,79.08
1749024000000,72.4
1749027600000,48.36
1749031200000,20.12
1749034800000,9.69
1749038400000,18.26
1749042000000,43.35
1749045600000,72.4
1749049200000,91.45
1749052800000,108.91
1749056400000,145.98
1749060000000,192.85
1749063600000,138.82
1749067200000,112.43
1749070800000,94.08
1749074400000,97.67
1749078000000,92.7
1749081600000,86.84
1749085200000,86.1
1749088800000,87.01
1749092400000,88.09
1749096000000,113.78
1749099600000,129.03
1749103200000,116.6
1749106800000,83.03
1749110400000,66.0
1749114000000,46.18
1749117600000,20.0
1749121200000,11.03
1749124800000,7.07
1749128400000,19.87
1749132000000,57.5
1749135600000,81.08
1749139200000,100.94
1749142800000,112.19
1749146400000,136.4
1749150000000,106.95
1749153600000,96.37
1749157200000,81.36
1749160800000,76.29
1749164400000,66.12
1749168000000,60.86
1749171600000,55.27
1749175200000,52.78
1749178800000,63.7
1749182400000,67.02
1749186000000,74.43
1749189600000,59.61
1749193200000,3.94
1749196800000,-0.01
1749200400000,-0.27
1749204000000,-2.07
1749207600000,-4.93
1749211200000,-5.06
1749214800000,-4.96
1749218400000,-1.0
1749222000000,0.0
1749225600000,50.47
1749229200000,84.19
1749232800000,112.57
1749236400000,129.29
1749240000000,125.72
1749243600000,103.24
1749247200000,87.61
1749250800000,83.5
1749254400000,78.02
1749258000000,81.89
1749261600000,82.27
1749265200000,81.99
1749268800000,85.47
1749272400000,86.74
1749276000000,79.86
1749279600000,65.3
1749283200000,30.53
1749286800000,9.44
1749290400000,1.19
1749294000000,-0.01
1749297600000,-0.02
1749301200000,-0.02
1749304800000,-0.87
1749308400000,26.91
1749312000000,70.1
1749315600000,85.01
1749319200000,109.9
1749322800000,110.26
1749326400000,98.01
1749330000000,80.09
1749333600000,93.84
1749337200000,83.0
1749340800000,76.86
1749344400000,69.74
1749348000000,67.02
1749351600000,55.66
1749355200000,39.02
1749358800000,3.71
1749362400000,0.0
1749366000000,-0.5
1749369600000,-2.0
1749373200000,-8.21
1749376800000,-19.92
1749380400000,-39.98
1749384000000,-52.56
1749387600000,-53.06
1749391200000,-38.89
1749394800000,-16.71
1749398400000,-0.01
1749402000000,39.65
1749405600000,60.88
1749409200000,69.55
1749412800000,65.07
1749416400000,51.13
1749420000000,4.8
1749423600000,4.15
1749427200000,4.19
1749430800000,4.27
1749434400000,13.42
1749438000000,32.2
1749441600000,44.97
1749445200000,40.04
1749448800000,2.97
1749452400000,-0.62
1749456000000,-1.14
1749459600000,-4.14
1749463200000,-10.0
1749466800000,-19.33
1749470400000,-15.76
1749474000000,-4.5
1749477600000,-1.0
1749481200000,0.09
1749484800000,69.54
1749488400000,117.79
1749492000000,141.4
1749495600000,148.42
1749499200000,126.52
1749502800000,101.19
1749506400000,86.65
1749510000000,78.07
1749513600000,69.66
1749517200000,59.95
1749520800000,54.16
1749524400000,62.18
1749528000000,74.62
1749531600000,82.79
1749535200000,83.17
1749538800000,69.0
1749542400000,22.21
1749546000000,0.1
1749549600000,-0.19
1749553200000,-2.33
1749556800000,-4.26
1749560400000,-1.04
1749564000000,0.03
1749567600000,53.99
1749571200000,69.6
1749574800000,82.08
1749578400000,83.97
1749582000000,91.28
1749585600000,97.94
1749589200000,85.31
1749592800000,73.01
1749596400000,71.38
1749600000000,70.58
1749603600000,69.86
1749607200000,73.59
1749610800000,83.6
1749614400000,101.26
1749618000000,107.8
1749621600000,85.09
1749625200000,66.7
1749628800000,22.98
1749632400000,1.3
1749636000000,-0.36
1749639600000,-0.97
1749643200000,-3.4
1749646800000,-2.4
1749650400000,-0.01
1749654000000,66.47
1749657600000,89.34
1749661200000,132.28
1749664800000,217.0
1749668400000,180.0
1749672000000,119.34
1749675600000,94.07
1749679200000,92.91
1749682800000,87.7
1749686400000,85.43
1749690000000,84.85
1749693600000,89.06
1749697200000,92.0
1749700800000,114.85
1749704400000,104.3
1749708000000,78.86
1749711600000,36.09
1749715200000,0.0
1749718800000,-2.0
1749722400000,-15.91
1749726000000,-27.9
1749729600000,-25.47
1749733200000,-11.57
1749736800000,-2.78
1749740400000,14.9
1749744000000,79.96
1749747600000,112.55
1749751200000,132.0
1749754800000,111.0
1749758400000,105.0
1749762000000,86.9
1749765600000,70.29
1749769200000,55.25
1749772800000,58.61
1749776400000,63.42
1749780000000,63.84
1749783600000,70.71
1749787200000,83.68
1749790800000,87.26
1749794400000,77.39
1749798000000,40.03
1749801600000,4.1
1749805200000,-0.03
1749808800000,-2.05
1749812400000,-6.09
1749816000000,-6.01
1749819600000,-2.38
1749823200000,-0.01
1749826800000,35.9
1749830400000,80.04
1749834000000,108.9
1749837600000,111.19
1749841200000,94.9
1749844800000,90.0
1749848400000,71.3
1749852000000,73.99
1749855600000,71.2
1749859200000,66.15
1749862800000,66.88
1749866400000,68.06
1749870000000,64.52
1749873600000,54.68
1749877200000,20.3
1749880800000,7.74
1749884400000,0.0
1749888000000,-2.02
1749891600000,-9.08
1749895200000,-35.72
1749898800000,-38.0
1749902400000,-25.75
1749906000000,-6.7
1749909600000,-0.37
1749913200000,8.86
1749916800000,83.38
1749920400000,121.55
1749924000000,127.27
1749927600000,117.68
1749931200000,121.39
1749934800000,109.0
1749938400000,91.93
1749942000000,88.87
1749945600000,87.23
1749949200000,90.94
1749952800000,91.99
1749956400000,92.15
1749960000000,84.99
1749963600000,66.21
1749967200000,53.86
1749970800000,5.55
1749974400000,0.0
1749978000000,-0.02
1749981600000,-1.22
1749985200000,-5.61
1749988800000,-5.0
1749992400000,-2.0
1749996000000,-0.01
1749999600000,54.79
1750003200000,96.43
1750006800000,109.0
1750010400000,114.59
1750014000000,135.43
1750017600000,127.63
1750021200000,106.54
1750024800000,105.72
1750028400000,91.64
1750032000000,86.94
1750035600000,84.0
1750039200000,83.28
1750042800000,88.39
1750046400000,112.43
1750050000000,123.49
1750053600000,108.92
1750057200000,84.49
1750060800000,60.28
1750064400000,14.02
1750068000000,1.62
1750071600000,0.07
1750075200000,0.0
1750078800000,0.0
1750082400000,13.61
1750086000000,70.0
1750089600000,89.24
1750093200000,116.0
1750096800000,186.1
1750100400000,190.0
1750104000000,129.18
1750107600000,106.9
1750111200000,103.98
1750114800000,98.26
1750118400000,94.95
1750122000000,94.19
1750125600000,95.24
1750129200000,102.51
1750132800000,118.76
1750136400000,107.01
1750140000000,98.59
1750143600000,70.74
1750147200000,4.34
1750150800000,-0.61
1750154400000,-0.86
1750158000000,-4.91
1750161600000,-6.2
1750165200000,-2.56
1750168800000,8.65
1750172400000,79.23
1750176000000,103.36
1750179600000,129.08
1750183200000,241.8
1750186800000,241.38
1750190400000,138.19
1750194000000,116.36
1750197600000,113.0
1750201200000,106.8
1750204800000,101.5
1750208400000,95.84
1750212000000,97.01
1750215600000,103.57
1750219200000,112.35
1750222800000,114.9
1750226400000,111.39
1750230000000,78.97
1750233600000,21.77
1750237200000,1.17
1750240800000,-0.23
1750244400000,-1.04
1750248000000,-2.3
1750251600000,-2.17
1750255200000,0.99
1750258800000,74.0
1750262400000,107.15
1750266000000,116.4
1750269600000,140.99
1750273200000,175.32
1750276800000,133.06
1750280400000,115.35
1750284000000,112.2
1750287600000,106.4
1750291200000,105.29
1750294800000,99.51
1750298400000,100.94
1750302000000,95.68
1750305600000,101.51
1750309200000,89.25
1750312800000,71.25
1750316400000,0.86
1750320000000,-1.33
1750323600000,-29.98
1750327200000,-52.21
1750330800000,-65.44
1750334400000,-64.95
1750338000000,-39.79
1750341600000,-4.95
1750345200000,2.3
1750348800000,80.33
1750352400000,118.47
1750356000000,138.85
1750359600000,141.8
1750363200000,129.66
1750366800000,108.89
1750370400000,109.49
1750374000000,104.57
1750377600000,103.24
1750381200000,105.01
1750384800000,104.27
1750388400000,109.04
1750392000000,120.9
1750395600000,118.66
1750399200000,110.98
1750402800000,81.69
1750406400000,15.83
1750410000000,4.03
1750413600000,0.0
1750417200000,-1.0
1750420800000,-0.17
1750424400000,0.91
1750428000000,28.99
1750431600000,87.35
1750435200000,111.01
1750438800000,136.13
1750442400000,201.29
1750446000000,178.63
1750449600000,137.05
1750453200000,121.38
1750456800000,118.52
1750460400000,110.48
1750464000000,108.15
1750467600000,106.76
1750471200000,109.1
1750474800000,104.45
1750478400000,100.71
1750482000000,90.74
1750485600000,75.93
1750489200000,23.4
1750492800000,0.19
1750496400000,-2.01
1750500000000,-13.96
1750503600000,-29.98
1750507200000,-26.31
1750510800000,-4.42
1750514400000,0.09
1750518000000,59.99
1750521600000,100.95
1750525200000,127.9
1750528800000,156.74
1750532400000,165.3
1750536000000,140.78
1750539600000,119.2
1750543200000,108.15
1750546800000,101.07
1750550400000,97.46
1750554000000,92.12
1750557600000,89.69
1750561200000,87.95
1750564800000,71.98
1750568400000,26.44
1750572000000,0.0
1750575600000,-0.09
1750579200000,-11.11
1750582800000,-38.56
1750586400000,-67.41
1750590000000,-99.01
1750593600000,-81.0
1750597200000,-40.09
1750600800000,-7.68
1750604400000,-0.01
1750608000000,69.75
1750611600000,109.33
1750615200000,123.9
1750618800000,134.33
1750622400000,126.32
1750626000000,101.63
1750629600000,70.3
1750633200000,63.8
1750636800000,63.79
1750640400000,64.51
1750644000000,72.5
1750647600000,84.92
1750651200000,89.12
1750654800000,92.24
1750658400000,78.96
1750662000000,18.64
1750665600000,-0.01
1750669200000,-6.11
1750672800000,-12.76
1750676400000,-26.45
1750680000000,-32.75
1750683600000,-32.69
1750687200000,-25.0
1750690800000,-13.11
1750694400000,-1.01
1750698000000,20.0
1750701600000,83.5
1750705200000,90.0
1750708800000,97.78
1750712400000,89.53
1750716000000,77.08
1750719600000,66.79
1750723200000,63.79
1750726800000,58.12
1750730400000,66.52
1750734000000,69.75
1750737600000,88.15
1750741200000,88.02
1750744800000,41.27
1750748400000,-0.01
1750752000000,-4.01
1750755600000,-12.41
1750759200000,-20.09
1750762800000,-22.75
1750766400000,-19.27
1750770000000,-7.56
1750773600000,-3.06
1750777200000,2.09
1750780800000,61.77
1750784400000,97.25
1750788000000,123.9
1750791600000,122.49
1750795200000,97.41
1750798800000,98.02
1750802400000,78.85
1750806000000,67.63
1750809600000,70.02
1750813200000,69.07
1750816800000,70.01
1750820400000,82.77
1750824000000,105.72
1750827600000,112.36
1750831200000,97.87
1750834800000,70.02
1750838400000,10.07
1750842000000,0.07
1750845600000,-0.02
1750849200000,-0.14
1750852800000,-0.51
1750856400000,0.0
1750860000000,17.84
1750863600000,84.47
1750867200000,105.8
1750870800000,134.19
1750874400000,200.0
1750878000000,247.02
1750881600000,173.62
1750885200000,126.84
1750888800000,119.95
1750892400000,107.63
1750896000000,102.83
1750899600000,98.62
1750903200000,98.79
1750906800000,102.91
1750910400000,119.9
1750914000000,120.91
1750917600000,106.79
1750921200000,96.45
1750924800000,88.95
1750928400000,77.88
1750932000000,70.25
1750935600000,59.25
1750939200000,51.12
1750942800000,48.99
1750946400000,63.04
1750950000000,70.3
1750953600000,89.23
1750957200000,93.95
1750960800000,99.14
1750964400000,100.0
1750968000000,108.64
1750971600000,97.23
1750975200000,84.5
1750978800000,78.83
1750982400000,75.67
1750986000000,80.41
1750989600000,82.39
1750993200000,88.9
1750996800000,105.58
1751000400000,113.2
1751004000000,107.7
1751007600000,90.94
1751011200000,79.12
1751014800000,67.45
1751018400000,54.53
1751022000000,28.3
1751025600000,7.87
1751029200000,9.88
1751032800000,29.92
1751036400000,70.68
1751040000000,91.73
1751043600000,107.15
1751047200000,124.86
1751050800000,134.94
1751054400000,126.24
1751058000000,107.7
1751061600000,94.7
1751065200000,89.61
1751068800000,82.02
1751072400000,76.59
1751076000000,70.27
1751079600000,75.4
1751083200000,74.0
1751086800000,58.84
1751090400000,27.8
1751094000000,2.34
1751097600000,0.01
1751101200000,-0.04
1751104800000,-1.0
1751108400000,-2.01
1751112000000,-3.09
1751115600000,-1.01
1751119200000,-1.0
1751122800000,2.97
1751126400000,62.73
1751130000000,95.03
1751133600000,108.99
1751137200000,123.86
1751140800000,119.84
1751144400000,103.5
1751148000000,95.07
1751151600000,89.42
1751155200000,89.66
1751158800000,86.82
1751162400000,85.31
1751166000000,85.3
1751169600000,86.39
1751173200000,74.92
1751176800000,47.52
1751180400000,1.99
1751184000000,0.0
1751187600000,-0.26
1751191200000,-5.4
1751194800000,-20.1
1751198400000,-24.01
1751202000000,-15.45
1751205600000,-2.69
1751209200000,0.01
1751212800000,77.44
1751216400000,102.14
1751220000000,111.98
1751223600000,118.07
1751227200000,113.73
1751230800000,101.0
1751234400000,98.73
1751238000000,89.03
1751241600000,85.03
1751245200000,84.13
1751248800000,86.51
1751252400000,97.41
1751256000000,114.9
1751259600000,111.7
1751263200000,108.52
1751266800000,91.77
1751270400000,74.65
1751274000000,43.73
1751277600000,19.05
1751281200000,9.96
1751284800000,19.65
1751288400000,60.0
1751292000000,80.5
1751295600000,91.98
1751299200000,110.01
1751302800000,178.94
1751306400000,288.97
1751310000000,233.35
1751313600000,157.0
1751317200000,122.65
1751320800000,111.28
1751324400000,95.29
1751328000000,89.1
1751331600000,88.08
1751335200000,90.01
1751338800000,96.5
1751342400000,114.97
1751346000000,120.11
1751349600000,114.72
1751353200000,91.19
1751356800000,84.31
1751360400000,69.56
1751364000000,44.54
1751367600000,42.47
1751371200000,57.65
1751374800000,78.14
1751378400000,90.8
1751382000000,102.02
1751385600000,152.08
1751389200000,307.27
1751392800000,476.19
1751396400000,406.81
1751400000000,250.01
1751403600000,147.65
1751407200000,119.29
1751410800000,102.7
1751414400000,92.54
1751418000000,92.08
1751421600000,91.71
1751425200000,100.55
1751428800000,116.43
1751432400000,110.42
1751436000000,104.52
1751439600000,92.62
1751443200000,81.06
1751446800000,69.93
1751450400000,36.12
1751454000000,32.59
1751457600000,46.61
1751461200000,71.49
1751464800000,79.6
1751468400000,89.27
1751472000000,113.99
1751475600000,186.01
1751479200000,240.07
1751482800000,180.21
1751486400000,134.93
1751490000000,108.5
1751493600000,83.49
1751497200000,81.15
1751500800000,79.0
1751504400000,78.93
1751508000000,80.88
1751511600000,86.45
1751515200000,104.92
1751518800000,108.03
1751522400000,104.9
1751526000000,90.45
1751529600000,75.06
1751533200000,57.35
1751536800000,42.16
1751540400000,33.91
1751544000000,24.72
1751547600000,37.86
1751551200000,58.57
1751554800000,81.0
1751558400000,95.19
1751562000000,107.2
1751565600000,146.96
1751569200000,166.67
1751572800000,133.3
1751576400000,117.03
1751580000000,111.01
1751583600000,105.45
1751587200000,101.31
1751590800000,98.44
1751594400000,103.2
1751598000000,106.63
1751601600000,122.38
1751605200000,116.46
1751608800000,100.0
1751612400000,91.15
1751616000000,70.01
1751619600000,6.69
1751623200000,-0.05
1751626800000,-1.56
1751630400000,-1.37
1751634000000,-0.61
1751637600000,2.39
1751641200000,62.04
1751644800000,88.68
1751648400000,110.0
1751652000000,130.74
1751655600000,150.1
1751659200000,129.68
1751662800000,107.99
1751666400000,104.2
1751670000000,94.98
1751673600000,96.5
1751677200000,93.4
1751680800000,94.5
1751684400000,83.49
1751688000000,84.47
1751691600000,43.77
1751695200000,17.86
1751698800000,3.34
1751702400000,0.0
1751706000000,-0.08
1751709600000,-1.01
1751713200000,-2.05
1751716800000,-2.11
1751720400000,-2.01
1751724000000,-2.26
1751727600000,0.0
1751731200000,41.25
1751734800000,85.0
1751738400000,111.01
1751742000000,122.96
1751745600000,117.14
1751749200000,108.21
1751752800000,95.15
1751756400000,89.5
1751760000000,85.94
1751763600000,83.95
1751767200000,82.6
1751770800000,82.0
1751774400000,78.46
1751778000000,77.57
1751781600000,70.57
1751785200000,38.81
1751788800000,19.21
1751792400000,13.19
1751796000000,10.26
1751799600000,5.85
1751803200000,11.2
1751806800000,50.57
1751810400000,70.77
1751814000000,100.29
1751817600000,107.37
1751821200000,112.16
1751824800000,120.32
1751828400000,125.04
1751832000000,122.21
1751835600000,110.78
1751839200000,118.84
1751842800000,107.42
1751846400000,101.92
1751850000000,99.12
1751853600000,101.0
1751857200000,108.22
1751860800000,134.2
1751864400000,143.67
1751868000000,152.29
1751871600000,131.99
1751875200000,108.64
1751878800000,108.98
1751882400000,90.24
1751886000000,71.0
1751889600000,53.02
1751893200000,50.67
1751896800000,52.51
1751900400000,72.3
1751904000000,87.95
1751907600000,92.27
1751911200000,97.28
1751914800000,109.92
1751918400000,110.09
1751922000000,95.82
1751925600000,103.83
1751929200000,92.9
1751932800000,86.13
1751936400000,84.78
1751940000000,85.37
1751943600000,91.14
1751947200000,107.99
1751950800000,118.65
1751954400000,117.76
1751958000000,94.06
1751961600000,81.78
1751965200000,78.44
1751968800000,60.15
1751972400000,54.72
1751976000000,53.04
1751979600000,54.65
1751983200000,65.2
1751986800000,79.98
1751990400000,83.92
1751994000000,102.1
1751997600000,122.77
1752001200000,123.34
1752004800000,116.65
1752008400000,100.95
1752012000000,97.15
1752015600000,86.85
1752019200000,83.86
1752022800000,84.65
1752026400000,85.1
1752030000000,96.15
1752033600000,113.66
1752037200000,116.46
1752040800000,113.59
1752044400000,95.66
1752048000000,84.68
1752051600000,77.77
1752055200000,65.67
1752058800000,46.69
1752062400000,37.78
1752066000000,48.32
1752069600000,71.13
1752073200000,84.73
1752076800000,99.01
1752080400000,115.98
1752084000000,135.34
1752087600000,138.24
1752091200000,119.79
1752094800000,104.9
1752098400000,100.91
1752102000000,95.73
1752105600000,89.1
1752109200000,86.45
1752112800000,87.97
1752116400000,98.62
1752120000000,107.61
1752123600000,107.23
1752127200000,105.35
1752130800000,88.9
1752134400000,82.0
1752138000000,65.33
1752141600000,45.22
1752145200000,39.51
1752148800000,39.55
1752152400000,56.71
1752156000000,76.8
1752159600000,86.4
1752163200000,100.2
1752166800000,114.39
1752170400000,134.67
1752174000000,132.7
1752177600000,120.88
1752181200000,107.69
1752184800000,104.75
1752188400000,99.57
1752192000000,95.0
1752195600000,90.69
1752199200000,91.53
1752202800000,99.4
1752206400000,107.41
1752210000000,105.92
1752213600000,105.18
1752217200000,93.3
1752220800000,82.9
1752224400000,73.15
1752228000000,63.82
1752231600000,42.16
1752235200000,32.04
1752238800000,38.1
1752242400000,59.55
1752246000000,83.15
1752249600000,86.44
1752253200000,101.93
1752256800000,117.5
1752260400000,118.08
1752264000000,113.8
1752267600000,103.82
1752271200000,112.23
1752274800000,104.57
1752278400000,103.68
1752282000000,97.4
1752285600000,93.33
1752289200000,89.94
1752292800000,85.27
1752296400000,87.98
1752300000000,83.8
1752303600000,59.86
1752307200000,18.19
1752310800000,3.0
1752314400000,0.22
1752318000000,0.0
1752321600000,0.0
1752325200000,0.22
1752328800000,19.73
1752332400000,73.89
1752336000000,106.2
1752339600000,109.2
1752343200000,120.0
1752346800000,125.02
1752350400000,125.0
1752354000000,115.42
1752357600000,115.35
1752361200000,109.14
1752364800000,108.42
1752368400000,107.35
1752372000000,104.64
1752375600000,100.85
1752379200000,95.8
1752382800000,92.18
1752386400000,87.94
1752390000000,57.62
1752393600000,4.28
1752397200000,0.05
1752400800000,0.0
1752404400000,0.0
1752408000000,0.0
1752411600000,0.0
1752415200000,2.36
1752418800000,73.4
1752422400000,100.61
1752426000000,113.74
1752429600000,120.0
1752433200000,127.7
1752436800000,126.94
1752440400000,115.41
1752444000000,114.02
1752447600000,104.01
1752451200000,98.17
1752454800000,94.94
1752458400000,99.32
1752462000000,108.93
1752465600000,117.87
1752469200000,121.62
1752472800000,112.06
1752476400000,92.43
1752480000000,84.58
1752483600000,79.67
1752487200000,70.98
1752490800000,64.17
1752494400000,57.15
1752498000000,55.82
1752501600000,71.1
1752505200000,84.58
1752508800000,98.94
1752512400000,110.11
1752516000000,139.99
1752519600000,141.57
1752523200000,126.14
1752526800000,115.15
1752530400000,106.1
1752534000000,103.06
1752537600000,93.86
1752541200000,88.28
1752544800000,87.12
1752548400000,93.0
1752552000000,110.33
1752555600000,113.41
1752559200000,106.86
1752562800000,90.82
1752566400000,77.67
1752570000000,65.0
1752573600000,59.19
1752577200000,47.26
1752580800000,40.2
1752584400000,42.57
1752588000000,65.0
1752591600000,84.87
1752595200000,101.54
1752598800000,108.15
1752602400000,119.78
1752606000000,141.99
1752609600000,121.28
1752613200000,112.45
1752616800000,97.63
1752620400000,93.99
1752624000000,86.67
1752627600000,83.43
1752631200000,84.26
1752634800000,90.41
1752638400000,105.74
1752642000000,112.63
1752645600000,111.92
1752649200000,104.21
1752652800000,89.8
1752656400000,85.65
1752660000000,81.96
1752663600000,78.62
1752667200000,68.06
1752670800000,69.2
1752674400000,80.86
1752678000000,89.09
1752681600000,95.49
1752685200000,108.37
1752688800000,119.72
1752692400000,129.04
1752696000000,120.71
1752699600000,110.55
1752703200000,103.76
1752706800000,98.33
1752710400000,89.96
1752714000000,84.81
1752717600000,85.76
1752721200000,89.0
1752724800000,104.05
1752728400000,110.33
1752732000000,105.92
1752735600000,93.1
1752739200000,85.0
1752742800000,77.07
1752746400000,70.17
1752750000000,55.26
1752753600000,49.78
1752757200000,66.18
1752760800000,74.79
1752764400000,82.71
1752768000000,94.98
1752771600000,109.73
1752775200000,120.75
1752778800000,132.0
1752782400000,125.07
1752786000000,114.18
1752789600000,106.8
1752793200000,99.15
1752796800000,95.36
1752800400000,96.37
1752804000000,98.66
1752807600000,108.23
1752811200000,115.92
1752814800000,116.17
1752818400000,109.39
1752822000000,98.13
1752825600000,84.98
1752829200000,82.02
1752832800000,80.0
1752836400000,73.02
1752840000000,71.2
1752843600000,72.68
1752847200000,79.99
1752850800000,84.07
1752854400000,99.92
1752858000000,120.0
1752861600000,146.55
1752865200000,144.44
1752868800000,125.88
1752872400000,113.48
1752876000000,107.6
1752879600000,105.35
1752883200000,103.19
1752886800000,101.63
1752890400000,98.38
1752894000000,93.69
1752897600000,98.39
1752901200000,86.89
1752904800000,78.89
1752908400000,52.98
1752912000000,10.0
1752915600000,0.65
1752919200000,0.0
1752922800000,-0.01
1752926400000,0.0
1752930000000,2.08
1752933600000,29.33
1752937200000,76.85
1752940800000,98.4
1752944400000,114.47
1752948000000,112.87
1752951600000,108.08
1752955200000,105.63
1752958800000,98.07
1752962400000,91.29
1752966000000,88.94
1752969600000,89.27
1752973200000,100.41
1752976800000,101.7
1752980400000,98.27
1752984000000,97.2
1752987600000,80.59
1752991200000,77.86
1752994800000,44.58
1752998400000,9.04
1753002000000,2.07
1753005600000,0.0
1753009200000,-0.01
1753012800000,0.0
1753016400000,9.09
1753020000000,69.33
1753023600000,92.74
1753027200000,100.26
1753030800000,112.0
1753034400000,116.0
1753038000000,115.01
1753041600000,114.85
1753045200000,105.05
1753048800000,87.08
1753052400000,79.73
1753056000000,83.48
1753059600000,83.3
1753063200000,83.49
1753066800000,96.22
1753070400000,113.96
1753074000000,126.56
1753077600000,123.91
1753081200000,109.64
1753084800000,105.99
1753088400000,98.88
1753092000000,84.9
1753095600000,81.73
1753099200000,85.79
1753102800000,87.96
1753106400000,90.95
1753110000000,104.3
1753113600000,105.82
1753117200000,119.69
1753120800000,123.25
1753124400000,120.09
1753128000000,108.76
1753131600000,100.04
1753135200000,92.79
1753138800000,87.2
1753142400000,85.48
1753146000000,82.0
1753149600000,81.0
1753153200000,89.28
1753156800000,108.8
1753160400000,109.28
1753164000000,102.49
1753167600000,91.29
1753171200000,81.73
1753174800000,68.41
1753178400000,39.63
1753182000000,10.0
1753185600000,0.17
1753189200000,4.16
1753192800000,36.9
1753196400000,75.79
1753200000000,88.98
1753203600000,108.57
1753207200000,112.56
1753210800000,113.22
1753214400000,108.48
1753218000000,102.93
1753221600000,87.65
1753225200000,79.47
1753228800000,78.5
1753232400000,76.04
1753236000000,77.69
1753239600000,80.64
1753243200000,91.35
1753246800000,99.87
1753250400000,96.5
1753254000000,81.69
1753257600000,67.3
1753261200000,53.5
1753264800000,33.72
1753268400000,23.73
1753272000000,26.82
1753275600000,40.3
1753279200000,67.81
1753282800000,78.05
1753286400000,86.07
1753290000000,105.0
1753293600000,112.98
1753297200000,119.74
1753300800000,110.54
1753304400000,103.06
1753308000000,97.82
1753311600000,94.08
1753315200000,89.29
1753318800000,89.29
1753322400000,93.45
1753326000000,102.65
1753329600000,112.05
1753333200000,117.22
1753336800000,110.4
1753340400000,96.22
1753344000000,89.17
1753347600000,84.39
1753351200000,82.17
1753354800000,80.43
1753358400000,82.05
1753362000000,84.77
1753365600000,93.34
1753369200000,100.6
1753372800000,109.2
1753376400000,130.0
1753380000000,154.16
1753383600000,140.64
1753387200000,118.38
1753390800000,109.39
1753394400000,111.27
1753398000000,103.67
1753401600000,97.05
1753405200000,92.94
1753408800000,96.97
1753412400000,98.2
1753416000000,108.87
1753419600000,112.95
1753423200000,110.85
1753426800000,98.2
1753430400000,94.08
1753434000000,85.15
1753437600000,83.09
1753441200000,78.7
1753444800000,76.31
1753448400000,79.27
1753452000000,81.09
1753455600000,84.02
1753459200000,90.45
1753462800000,101.81
1753466400000,109.28
1753470000000,121.21
1753473600000,112.6
1753477200000,110.25
1753480800000,106.76
1753484400000,100.7
1753488000000,97.73
1753491600000,96.65
1753495200000,96.45
1753498800000,94.89
1753502400000,97.13
1753506000000,96.1
1753509600000,87.96
1753513200000,85.85
1753516800000,79.59
1753520400000,75.2
1753524000000,66.42
1753527600000,49.87
1753531200000,50.09
1753534800000,68.07
1753538400000,74.81
1753542000000,84.2
1753545600000,98.2
1753549200000,106.6
1753552800000,121.95
1753556400000,127.07
1753560000000,116.72
1753563600000,108.8
1753567200000,104.64
1753570800000,99.47
1753574400000,95.01
1753578000000,92.07
1753581600000,91.99
1753585200000,89.88
1753588800000,88.79
1753592400000,86.58
1753596000000,83.76
1753599600000,81.71
1753603200000,75.91
1753606800000,70.52
1753610400000,45.93
1753614000000,15.04
1753617600000,8.85
1753621200000,17.3
1753624800000,45.74
1753628400000,82.36
1753632000000,95.66
1753635600000,102.47
1753639200000,107.95
1753642800000,114.71
1753646400000,107.33
1753650000000,102.69
1753653600000,100.0
1753657200000,88.77
1753660800000,83.5
1753664400000,79.67
1753668000000,79.51
1753671600000,89.52
1753675200000,108.88
1753678800000,121.97
1753682400000,118.37
1753686000000,105.45
1753689600000,97.25
1753693200000,90.96
1753696800000,81.79
1753700400000,77.52
1753704000000,68.33
1753707600000,73.97
1753711200000,77.28
1753714800000,88.12
1753718400000,97.2
1753722000000,103.59
1753725600000,114.14
1753729200000,114.34
1753732800000,105.26
1753736400000,92.43
1753740000000,87.51
1753743600000,84.1
1753747200000,82.9
1753750800000,82.1
1753754400000,83.89
1753758000000,92.88
1753761600000,101.07
1753765200000,109.25
1753768800000,99.02
1753772400000,80.2
1753776000000,66.37
1753779600000,54.0
1753783200000,25.6
1753786800000,4.34
1753790400000,1.07
1753794000000,6.2
1753797600000,44.41
1753801200000,78.24
1753804800000,94.81
1753808400000,105.32
1753812000000,123.56
1753815600000,126.01
1753819200000,111.94
1753822800000,102.07
1753826400000,94.92
1753830000000,90.88
1753833600000,86.93
1753837200000,83.24
1753840800000,84.89
1753844400000,94.72
1753848000000,100.38
1753851600000,97.47
1753855200000,93.88
1753858800000,79.02
1753862400000,63.29
1753866000000,40.43
1753869600000,24.79
1753873200000,17.69
1753876800000,10.7
1753880400000,28.03
1753884000000,45.61
1753887600000,75.68
1753891200000,93.97
1753894800000,101.86
1753898400000,109.07
1753902000000,109.0
1753905600000,104.0
1753909200000,92.41
1753912800000,88.93
1753916400000,82.11
1753920000000,79.0
1753923600000,77.27
1753927200000,78.51
1753930800000,85.43
1753934400000,98.14
1753938000000,100.46
1753941600000,94.09
1753945200000,88.91
1753948800000,74.17
1753952400000,70.04
1753956000000,61.15
1753959600000,48.05
1753963200000,35.06
1753966800000,55.07
1753970400000,72.43
1753974000000,84.56
1753977600000,96.9
1753981200000,111.92
1753984800000,128.27
1753988400000,125.11
1753992000000,114.16
1753995600000,102.79
1753999200000,105.31
1754002800000,98.54
1754006400000,92.15
1754010000000,89.17
1754013600000,94.21
1754017200000,100.58
1754020800000,106.69
1754024400000,110.71
1754028000000,106.64
1754031600000,103.67
1754035200000,97.95
1754038800000,84.1
1754042400000,77.05
1754046000000,61.97
1754049600000,49.06
1754053200000,49.1
1754056800000,69.93
1754060400000,83.59
1754064000000,96.45
1754067600000,109.51
1754071200000,119.23
1754074800000,117.51
1754078400000,110.72
1754082000000,102.73
1754085600000,104.47
1754089200000,100.32
1754092800000,97.79
1754096400000,92.16
1754100000000,91.29
1754103600000,90.77
1754107200000,89.67
1754110800000,84.7
1754114400000,78.4
1754118000000,65.68
1754121600000,31.09
1754125200000,5.68
1754128800000,2.95
1754132400000,0.0
1754136000000,0.0
1754139600000,0.0
1754143200000,5.3
1754146800000,60.69
1754150400000,91.32
1754154000000,102.0
1754157600000,109.49
1754161200000,108.42
1754164800000,104.34
1754168400000,95.0
1754172000000,85.09
1754175600000,77.52
1754179200000,71.95
1754182800000,68.14
1754186400000,65.77
1754190000000,59.98
1754193600000,46.8
1754197200000,26.0
1754200800000,6.16
1754204400000,0.0
1754208000000,-1.01
1754211600000,-2.1
1754215200000,-3.0
1754218800000,-9.9
1754222400000,-10.08
1754226000000,-4.98
1754229600000,-1.5
1754233200000,3.61
1754236800000,71.13
1754240400000,88.13
1754244000000,97.87
1754247600000,95.99
1754251200000,97.3
1754254800000,85.09
1754258400000,81.05
1754262000000,70.07
1754265600000,69.97
1754269200000,70.62
1754272800000,74.03
1754276400000,82.94
1754280000000,95.12
1754283600000,102.72
1754287200000,101.44
1754290800000,97.05
1754294400000,80.05
1754298000000,56.33
1754301600000,14.84
1754305200000,4.05
1754308800000,0.66
1754312400000,0.02
1754316000000,22.09
1754319600000,67.24
1754323200000,80.91
1754326800000,84.54
1754330400000,80.21
1754334000000,72.7
1754337600000,66.63
1754341200000,47.69
1754344800000,21.52
1754348400000,15.34
1754352000000,15.9
1754355600000,23.96
1754359200000,54.47
1754362800000,76.19
1754366400000,92.25
1754370000000,92.08
1754373600000,74.74
1754377200000,3.89
1754380800000,-0.21
1754384400000,-2.01
1754388000000,-4.94
1754391600000,-9.5
1754395200000,-11.83
1754398800000,-9.92
1754402400000,-5.07
1754406000000,-0.52
1754409600000,1.07
1754413200000,72.48
1754416800000,89.97
1754420400000,107.15
1754424000000,87.18
1754427600000,81.0
1754431200000,75.13
1754434800000,59.89
1754438400000,60.76
1754442000000,61.01
1754445600000,60.35
1754449200000,81.7
1754452800000,103.77
1754456400000,102.94
1754460000000,83.94
1754463600000,27.74
1754467200000,-0.01
1754470800000,-2.05
1754474400000,-8.47
1754478000000,-11.79
1754481600000,-6.0
1754485200000,-3.11
1754488800000,-1.01
1754492400000,52.15
1754496000000,97.19
1754499600000,113.7
1754503200000,170.16
1754506800000,157.08
1754510400000,110.0
1754514000000,101.6
1754517600000,97.58
1754521200000,97.04
1754524800000,91.44
1754528400000,88.79
1754532000000,88.93
1754535600000,92.85
1754539200000,107.46
1754542800000,106.5
1754546400000,100.48
1754550000000,77.63
1754553600000,22.23
1754557200000,0.0
1754560800000,-0.12
1754564400000,-1.99
1754568000000,-0.29
1754571600000,-0.01
1754575200000,2.0
1754578800000,65.59
1754582400000,94.23
1754586000000,111.95
1754589600000,141.94
1754593200000,127.5
1754596800000,110.0
1754600400000,101.28
1754604000000,93.9
1754607600000,89.49
1754611200000,86.13
1754614800000,82.66
1754618400000,81.45
1754622000000,91.14
1754625600000,100.43
1754629200000,103.05
1754632800000,109.14
1754636400000,89.9
1754640000000,66.0
1754643600000,8.39
1754647200000,0.0
1754650800000,-0.01
1754654400000,-0.02
1754658000000,-0.01
1754661600000,10.49
1754665200000,71.74
1754668800000,103.86
1754672400000,113.97
1754676000000,144.62
1754679600000,151.51
1754683200000,121.59
1754686800000,108.46
1754690400000,101.93
1754694000000,100.43
1754697600000,99.94
1754701200000,97.8
1754704800000,96.87
1754708400000,97.01
1754712000000,97.26
1754715600000,93.45
1754719200000,70.19
1754722800000,15.34
1754726400000,-0.02
1754730000000,-1.0
1754733600000,-6.63
1754737200000,-15.14
1754740800000,-15.37
1754744400000,-4.1
1754748000000,-0.04
1754751600000,6.29
1754755200000,85.9
1754758800000,104.2
1754762400000,127.62
1754766000000,119.31
1754769600000,107.89
1754773200000,94.97
1754776800000,84.79
1754780400000,83.23
1754784000000,83.1
1754787600000,77.95
1754791200000,80.68
1754794800000,83.69
1754798400000,82.27
1754802000000,74.7
1754805600000,26.36
1754809200000,-0.01
1754812800000,-3.11
1754816400000,-15.6
1754820000000,-40.03
1754823600000,-61.08
1754827200000,-50.94
1754830800000,-22.12
1754834400000,-1.21
1754838000000,2.13
1754841600000,82.64
1754845200000,108.55
1754848800000,118.95
1754852400000,122.45
1754856000000,106.98
1754859600000,98.9
1754863200000,99.82
1754866800000,91.97
1754870400000,87.44
1754874000000,85.19
1754877600000,92.85
1754881200000,103.51
1754884800000,129.22
1754888400000,133.49
1754892000000,105.35
1754895600000,90.75
1754899200000,50.0
1754902800000,2.54
1754906400000,0.0
1754910000000,0.0
1754913600000,0.0
1754917200000,9.0
1754920800000,56.14
1754924400000,92.25
1754928000000,108.26
1754931600000,154.0
1754935200000,191.95
1754938800000,138.88
1754942400000,108.87
1754946000000,96.0
1754949600000,93.0
1754953200000,89.67
1754956800000,85.41
1754960400000,85.13
1754964000000,86.48
1754967600000,93.97
1754971200000,106.91
1754974800000,104.63
1754978400000,98.71
1754982000000,92.49
1754985600000,79.53
1754989200000,40.41
1754992800000,8.38
1754996400000,3.0
1755000000000,5.15
1755003600000,35.05
1755007200000,73.12
1755010800000,94.06
1755014400000,106.1
1755018000000,149.31
1755021600000,156.16
1755025200000,140.4
1755028800000,114.07
1755032400000,97.73
1755036000000,95.72
1755039600000,90.0
1755043200000,86.89
1755046800000,84.71
1755050400000,87.07
1755054000000,93.3
1755057600000,108.87
1755061200000,107.52
1755064800000,105.87
1755068400000,93.6
1755072000000,89.26
1755075600000,68.2
1755079200000,44.29
1755082800000,27.89
1755086400000,41.66
1755090000000,70.9
1755093600000,84.3
1755097200000,96.64
1755100800000,115.34
1755104400000,193.3
1755108000000,226.64
1755111600000,154.52
1755115200000,123.21
1755118800000,106.27
1755122400000,98.1
1755126000000,92.0
1755129600000,88.45
1755133200000,88.2
1755136800000,88.53
1755140400000,97.52
1755144000000,107.94
1755147600000,109.92
1755151200000,99.51
1755154800000,91.1
1755158400000,81.26
1755162000000,67.57
1755165600000,54.09
1755169200000,41.02
1755172800000,54.9
1755176400000,69.43
1755180000000,78.99
1755183600000,97.22
1755187200000,115.54
1755190800000,233.8
1755194400000,283.89
1755198000000,155.84
1755201600000,120.71
1755205200000,105.95
1755208800000,99.59
1755212400000,98.97
1755216000000,93.9
1755219600000,90.33
1755223200000,92.0
1755226800000,96.91
1755230400000,101.66
1755234000000,101.31
1755237600000,96.6
1755241200000,83.47
1755244800000,43.9
1755248400000,3.0
1755252000000,0.08
1755255600000,0.0
1755259200000,0.0
1755262800000,1.72
1755266400000,27.66
1755270000000,77.96
1755273600000,105.89
1755277200000,114.38
1755280800000,124.01
1755284400000,111.5
1755288000000,105.94
1755291600000,95.96
1755295200000,96.11
1755298800000,90.92
1755302400000,89.78
1755306000000,85.35
1755309600000,84.05
1755313200000,87.09
1755316800000,91.01
1755320400000,90.02
1755324000000,80.99
1755327600000,67.94
1755331200000,25.12
1755334800000,3.8
1755338400000,0.17
1755342000000,-0.01
1755345600000,-0.01
1755349200000,-0.01
1755352800000,0.71
1755356400000,16.21
1755360000000,69.92
1755363600000,95.0
1755367200000,102.62
1755370800000,100.61
1755374400000,95.0
1755378000000,90.0
1755381600000,91.28
1755385200000,85.34
1755388800000,86.86
1755392400000,86.63
1755396000000,87.73
1755399600000,89.93
1755403200000,89.89
1755406800000,81.03
1755410400000,76.24
1755414000000,32.59
1755417600000,9.96
1755421200000,0.1
1755424800000,-0.2
1755428400000,-0.93
1755432000000,-1.25
1755435600000,0.65
1755439200000,13.81
1755442800000,72.4
1755446400000,96.69
1755450000000,110.0
1755453600000,110.66
1755457200000,110.14
1755460800000,105.1
1755464400000,102.54
1755468000000,91.99
1755471600000,87.13
1755475200000,84.33
1755478800000,83.85
1755482400000,89.46
1755486000000,99.27
1755489600000,118.51
1755493200000,130.13
1755496800000,109.87
1755500400000,88.84
1755504000000,72.06
1755507600000,45.93
1755511200000,20.04
1755514800000,14.23
1755518400000,18.34
1755522000000,54.56
1755525600000,70.94
1755529200000,90.32
1755532800000,109.87
1755536400000,185.5
1755540000000,197.42
1755543600000,124.67
1755547200000,107.49
1755550800000,102.0
1755554400000,101.01
1755558000000,94.82
1755561600000,88.2
1755565200000,86.37
1755568800000,90.09
1755572400000,102.5
1755576000000,111.1
1755579600000,109.95
1755583200000,98.05
1755586800000,88.57
1755590400000,69.64
1755594000000,43.23
1755597600000,22.85
1755601200000,8.97
1755604800000,15.26
1755608400000,30.89
1755612000000,60.6
1755615600000,91.48
1755619200000,101.91
1755622800000,120.51
1755626400000,128.62
1755630000000,111.06
1755633600000,104.41
1755637200000,97.2
1755640800000,97.7
1755644400000,93.18
1755648000000,87.64
1755651600000,85.78
1755655200000,89.66
1755658800000,98.8
1755662400000,108.84
1755666000000,110.12
1755669600000,103.91
1755673200000,90.05
1755676800000,80.98
1755680400000,69.06
1755684000000,49.07
1755687600000,35.0
1755691200000,42.03
1755694800000,73.02
1755698400000,81.45
1755702000000,101.69
1755705600000,109.16
1755709200000,135.15
1755712800000,126.11
1755716400000,114.95
1755720000000,103.49
1755723600000,97.34
1755727200000,96.11
1755730800000,90.73
1755734400000,87.52
1755738000000,90.88
1755741600000,92.37
1755745200000,108.59
1755748800000,115.6
1755752400000,116.89
1755756000000,107.79
1755759600000,97.32
1755763200000,85.85
1755766800000,77.64
1755770400000,69.49
1755774000000,66.09
1755777600000,56.26
1755781200000,68.2
1755784800000,72.39
1755788400000,92.88
1755792000000,103.2
1755795600000,106.39
1755799200000,110.73
1755802800000,110.73
1755806400000,105.0
1755810000000,95.78
1755813600000,89.27
1755817200000,81.99
1755820800000,78.59
1755824400000,77.52
1755828000000,77.65
1755831600000,87.9
1755835200000,105.76
1755838800000,107.45
1755842400000,102.32
1755846000000,90.02
1755849600000,72.44
1755853200000,42.5
1755856800000,14.07
1755860400000,3.84
1755864000000,0.02
1755867600000,4.01
1755871200000,40.64
1755874800000,73.14
1755878400000,95.17
1755882000000,106.07
1755885600000,113.0
1755889200000,107.63
1755892800000,103.09
1755896400000,94.37
1755900000000,95.33
1755903600000,89.32
1755907200000,87.76
1755910800000,85.21
1755914400000,85.56
1755918000000,85.6
1755921600000,86.67
1755925200000,86.78
1755928800000,83.57
1755932400000,62.9
1755936000000,14.69
1755939600000,3.29
1755943200000,1.32
1755946800000,0.06
1755950400000,0.07
1755954000000,3.52
1755957600000,12.1
1755961200000,72.19
1755964800000,100.31
1755968400000,112.22
1755972000000,123.67
1755975600000,120.43
1755979200000,111.16
1755982800000,105.28
1755986400000,100.5
1755990000000,95.13
1755993600000,94.41
1755997200000,92.13
1756000800000,91.2
1756004400000,90.97
1756008000000,90.0
1756011600000,85.01
1756015200000,72.84
1756018800000,4.8
1756022400000,-0.01
1756026000000,-0.07
1756029600000,-1.98
1756033200000,-7.45
1756036800000,-7.4
1756040400000,-0.1
1756044000000,0.0
1756047600000,63.36
1756051200000,99.81
1756054800000,110.5
1756058400000,117.31
1756062000000,114.32
1756065600000,107.5
1756069200000,100.52
1756072800000,95.28
1756076400000,87.03
1756080000000,84.02
1756083600000,82.9
1756087200000,83.46
1756090800000,102.46
1756094400000,115.38
1756098000000,125.0
1756101600000,110.04
1756105200000,91.97
1756108800000,72.98
1756112400000,35.02
1756116000000,10.0
1756119600000,5.93
1756123200000,6.78
1756126800000,25.2
1756130400000,56.43
1756134000000,86.67
1756137600000,111.54
1756141200000,159.03
1756144800000,232.82
1756148400000,138.04
1756152000000,115.04
1756155600000,105.15
1756159200000,105.8
1756162800000,100.44
1756166400000,96.58
1756170000000,94.79
1756173600000,96.27
1756177200000,106.6
1756180800000,124.59
1756184400000,123.45
1756188000000,106.79
1756191600000,90.0
1756195200000,77.47
1756198800000,61.6
1756202400000,41.95
1756206000000,26.28
1756209600000,38.05
1756213200000,72.39
1756216800000,88.26
1756220400000,105.05
1756224000000,131.09
1756227600000,196.88
1756231200000,180.17
1756234800000,123.3
1756238400000,109.47
1756242000000,97.67
1756245600000,96.59
1756249200000,89.98
1756252800000,86.52
1756256400000,87.25
1756260000000,90.0
1756263600000,97.73
1756267200000,110.0
1756270800000,115.19
1756274400000,113.64
1756278000000,101.63
1756281600000,86.0
1756285200000,79.29
1756288800000,64.38
1756292400000,50.68
1756296000000,50.94
1756299600000,76.18
1756303200000,85.1
1756306800000,104.94
1756310400000,134.63
1756314000000,222.07
1756317600000,222.04
1756321200000,128.87
1756324800000,113.63
1756328400000,103.57
1756332000000,97.15
1756335600000,91.92
1756339200000,87.89
1756342800000,87.09
1756346400000,90.23
1756350000000,98.72
1756353600000,121.63
1756357200000,143.79
1756360800000,143.95
1756364400000,121.84
1756368000000,112.27
1756371600000,108.13
1756375200000,100.89
1756378800000,100.96
1756382400000,100.89
1756386000000,100.66
1756389600000,96.1
1756393200000,129.84
1756396800000,160.85
1756400400000,210.0
1756404000000,153.16
1756407600000,124.18
1756411200000,107.11
1756414800000,92.15
1756418400000,85.04
1756422000000,83.27
1756425600000,83.1
1756429200000,81.59
1756432800000,83.01
1756436400000,91.0
1756440000000,117.55
1756443600000,121.39
1756447200000,120.0
1756450800000,110.36
1756454400000,84.25
1756458000000,78.08
1756461600000,67.44
1756465200000,53.96
1756468800000,59.64
1756472400000,73.06
1756476000000,85.0
1756479600000,104.82
1756483200000,118.51
1756486800000,147.68
1756490400000,116.5
1756494000000,111.96
1756497600000,95.7
1756501200000,86.07
1756504800000,92.5
1756508400000,86.56
1756512000000,83.3
1756515600000,81.51
1756519200000,83.39
1756522800000,87.72
1756526400000,95.02
1756530000000,98.09
1756533600000,89.64
1756537200000,78.6
1756540800000,36.46
1756544400000,5.23
1756548000000,0.0
1756551600000,-0.01
1756555200000,-0.01
1756558800000,-0.38
1756562400000,9.48
1756566000000,81.1
1756569600000,103.9
1756573200000,127.07
1756576800000,129.98
1756580400000,120.39
1756584000000,104.94
1756587600000,90.3
1756591200000,88.74
1756594800000,78.91
1756598400000,70.53
1756602000000,67.02
1756605600000,63.79
1756609200000,64.56
1756612800000,65.0
1756616400000,62.13
1756620000000,22.3
1756623600000,5.2
1756627200000,-0.01
1756630800000,-0.02
1756634400000,-0.11
1756638000000,-1.0
1756641600000,-0.61
1756645200000,0.0
1756648800000,25.47
1756652400000,79.74
1756656000000,117.59
1756659600000,135.1
1756663200000,132.07
1756666800000,114.15
1756670400000,102.63
1756674000000,89.76
1756677600000,84.08
1756681200000,81.43
1756684800000,80.97
1756688400000,80.03
1756692000000,81.37
1756695600000,92.58
1756699200000,120.43
1756702800000,125.67
1756706400000,116.1
1756710000000,98.19
1756713600000,82.0
1756717200000,69.4
1756720800000,38.27
1756724400000,25.03
1756728000000,42.73
1756731600000,67.76
1756735200000,84.67
1756738800000,109.7
1756742400000,155.32
1756746000000,250.65
1756749600000,210.56
1756753200000,125.2
1756756800000,112.4
1756760400000,100.53
1756764000000,95.01
1756767600000,90.11
1756771200000,90.84
1756774800000,92.5
1756778400000,94.8
1756782000000,106.85
1756785600000,134.39
1756789200000,153.67
1756792800000,147.48
1756796400000,121.05
1756800000000,102.14
1756803600000,84.66
1756807200000,78.94
1756810800000,79.73
1756814400000,78.54
1756818000000,84.37
1756821600000,95.0
1756825200000,108.97
1756828800000,173.16
1756832400000,311.51
1756836000000,263.79
1756839600000,140.92
1756843200000,110.47
1756846800000,91.21
1756850400000,97.25
1756854000000,90.74
1756857600000,85.95
1756861200000,81.72
1756864800000,81.23
1756868400000,86.97
1756872000000,103.2
1756875600000,112.34
1756879200000,109.13
1756882800000,85.3
1756886400000,29.04
1756890000000,0.03
1756893600000,-0.1
1756897200000,-0.1
1756900800000,-0.28
1756904400000,0.0
1756908000000,3.89
1756911600000,63.46
1756915200000,102.35
1756918800000,110.92
1756922400000,104.0
1756926000000,94.17
1756929600000,80.68
1756933200000,54.25
1756936800000,21.65
1756940400000,17.7
1756944000000,17.87
1756947600000,30.02
1756951200000,59.92
1756954800000,83.89
1756958400000,107.87
1756962000000,120.0
1756965600000,108.09
1756969200000,77.81
1756972800000,41.45
1756976400000,5.79
1756980000000,3.2
1756983600000,3.36
1756987200000,34.89
1756990800000,71.0
1756994400000,90.05
1756998000000,109.13
1757001600000,191.8
1757005200000,350.0
1757008800000,218.82
1757012400000,124.93
1757016000000,112.14
1757019600000,101.3
1757023200000,95.25
1757026800000,86.1
1757030400000,85.26
1757034000000,85.2
1757037600000,85.6
1757041200000,97.36
1757044800000,119.16
1757048400000,132.13
1757052000000,125.75
1757055600000,100.4
1757059200000,87.83
1757062800000,84.15
1757066400000,78.25
1757070000000,72.19
1757073600000,70.17
1757077200000,77.53
1757080800000,85.0
1757084400000,90.96
1757088000000,108.95
1757091600000,154.53
1757095200000,150.75
1757098800000,117.1
1757102400000,107.71
1757106000000,100.7
1757109600000,101.21
1757113200000,100.59
1757116800000,99.57
1757120400000,97.84
1757124000000,96.96
1757127600000,98.01
1757131200000,102.6
1757134800000,100.91
1757138400000,95.98
1757142000000,79.11
1757145600000,11.35
1757149200000,0.0
1757152800000,-0.02
1757156400000,-0.86
1757160000000,-0.99
1757163600000,-0.01
1757167200000,40.99
1757170800000,87.6
1757174400000,116.47
1757178000000,158.39
1757181600000,139.54
1757185200000,109.95
1757188800000,92.95
1757192400000,82.56
1757196000000,89.72
1757199600000,85.02
1757203200000,80.77
1757206800000,83.4
1757210400000,82.92
1757214000000,82.67
1757217600000,81.5
1757221200000,55.48
1757224800000,0.0
1757228400000,-0.09
1757232000000,-4.0
1757235600000,-20.09
1757239200000,-40.02
1757242800000,-53.4
1757246400000,-49.99
1757250000000,-21.21
1757253600000,-2.47
1757257200000,3.36
1757260800000,95.91
1757264400000,108.3
1757268000000,96.25
1757271600000,86.02
1757275200000,85.01
1757278800000,86.06
1757282400000,79.66
1757286000000,85.74
1757289600000,84.7
1757293200000,82.27
1757296800000,83.79
1757300400000,95.6
1757304000000,109.9
1757307600000,148.14
1757311200000,125.53
1757314800000,102.05
1757318400000,85.83
1757322000000,76.14
1757325600000,65.35
1757329200000,60.84
1757332800000,69.65
1757336400000,78.46
1757340000000,99.72
1757343600000,124.28
1757347200000,196.61
1757350800000,413.66
1757354400000,308.52
1757358000000,152.0
1757361600000,123.93
1757365200000,113.12
1757368800000,114.52
1757372400000,112.46
1757376000000,110.35
1757379600000,109.8
1757383200000,110.86
1757386800000,118.18
1757390400000,182.39
1757394000000,300.0
1757397600000,196.98
1757401200000,127.59
1757404800000,101.73
1757408400000,99.25
1757412000000,87.18
1757415600000,85.69
1757419200000,85.51
1757422800000,92.49
1757426400000,103.35
1757430000000,127.41
1757433600000,192.68
1757437200000,386.4
1757440800000,215.59
1757444400000,133.37
1757448000000,115.79
1757451600000,109.3
1757455200000,106.93
1757458800000,107.29
1757462400000,103.73
1757466000000,104.81
1757469600000,104.55
1757473200000,114.28
1757476800000,133.35
1757480400000,223.39
1757484000000,171.94
1757487600000,129.46
1757491200000,107.33
1757494800000,102.39
1757498400000,88.85
1757502000000,86.09
1757505600000,87.8
1757509200000,90.8
1757512800000,105.07
1757516400000,127.78
1757520000000,170.59
1757523600000,275.19
1757527200000,169.07
1757530800000,122.94
1757534400000,101.58
1757538000000,87.63
1757541600000,88.21
1757545200000,85.0
1757548800000,77.13
1757552400000,70.67
1757556000000,70.67
1757559600000,79.05
1757563200000,111.18
1757566800000,125.33
1757570400000,120.36
1757574000000,102.05
1757577600000,73.64
1757581200000,8.23
1757584800000,-0.01
1757588400000,-0.07
1757592000000,-0.72
1757595600000,0.0
1757599200000,8.96
1757602800000,75.82
1757606400000,118.57
1757610000000,132.86
1757613600000,125.25
1757617200000,111.45
1757620800000,84.81
1757624400000,63.89
1757628000000,32.83
1757631600000,33.23
1757635200000,20.94
1757638800000,16.35
1757642400000,29.15
1757646000000,51.84
1757649600000,95.29
1757653200000,105.73
1757656800000,102.01
1757660400000,48.07
1757664000000,1.85
1757667600000,-1.66
1757671200000,-5.11
1757674800000,-8.66
1757678400000,-6.19
1757682000000,-4.0
1757685600000,-0.01
1757689200000,57.69
1757692800000,108.71
1757696400000,155.36
1757700000000,152.24
1757703600000,113.96
1757707200000,102.85
1757710800000,96.66
1757714400000,85.89
1757718000000,72.75
1757721600000,72.45
1757725200000,72.45
1757728800000,69.79
1757732400000,72.75
1757736000000,74.71
1757739600000,74.11
1757743200000,72.45
1757746800000,53.85
1757750400000,14.3
1757754000000,2.37
1757757600000,0.0
1757761200000,-0.01
1757764800000,-0.01
1757768400000,-0.01
1757772000000,3.88
1757775600000,74.11
1757779200000,108.1
1757782800000,121.9
1757786400000,118.77
1757790000000,111.17
1757793600000,100.0
1757797200000,87.18
1757800800000,85.69
1757804400000,77.57
1757808000000,80.61
1757811600000,85.93
1757815200000,93.77
1757818800000,99.82
1757822400000,100.75
1757826000000,105.36
1757829600000,108.48
1757833200000,87.78
1757836800000,61.68
1757840400000,17.58
1757844000000,6.52
1757847600000,0.0
1757851200000,-0.01
1757854800000,0.0
1757858400000,19.33
1757862000000,98.2
1757865600000,124.34
1757869200000,153.29
1757872800000,126.01
1757876400000,97.37
1757880000000,77.02
1757883600000,14.27
1757887200000,20.0
1757890800000,3.87
1757894400000,1.39
1757898000000,0.01
1757901600000,0.0
1757905200000,0.9
1757908800000,20.27
1757912400000,54.31
1757916000000,40.4
1757919600000,0.9
1757923200000,-0.47
1757926800000,-2.61
1757930400000,-8.0
1757934000000,-14.27
1757937600000,-13.7
1757941200000,-8.9
1757944800000,-5.24
1757948400000,-0.53
1757952000000,14.01
1757955600000,53.93
1757959200000,47.37
1757962800000,5.33
1757966400000,2.91
1757970000000,0.06
1757973600000,-0.01
1757977200000,-0.09
1757980800000,-0.23
1757984400000,-1.05
1757988000000,-1.33
1757991600000,-0.01
1757995200000,2.32
1757998800000,16.21
1758002400000,3.81
1758006000000,-1.01
1758009600000,-5.11
1758013200000,-10.38
1758016800000,-20.05
1758020400000,-18.03
1758024000000,-11.17
1758027600000,-9.99
1758031200000,-3.24
1758034800000,0.0
1758038400000,72.64
1758042000000,103.33
1758045600000,112.97
1758049200000,92.97
1758052800000,80.55
1758056400000,65.44
1758060000000,70.8
1758063600000,63.47
1758067200000,50.95
1758070800000,48.53
1758074400000,60.01
1758078000000,73.82
1758081600000,98.85
1758085200000,117.34
1758088800000,112.74
1758092400000,95.14
1758096000000,69.14
1758099600000,41.38
1758103200000,10.5
1758106800000,7.88
1758110400000,10.59
1758114000000,43.09
1758117600000,81.17
1758121200000,110.0
1758124800000,123.31
1758128400000,142.58
1758132000000,123.52
1758135600000,94.2
1758139200000,86.1
1758142800000,73.07
1758146400000,53.12
1758150000000,48.29
1758153600000,38.47
1758157200000,37.96
1758160800000,48.12
1758164400000,74.15
1758168000000,105.81
1758171600000,117.21
1758175200000,111.28
1758178800000,90.8
1758182400000,65.1
1758186000000,5.89
1758189600000,0.2
1758193200000,0.0
1758196800000,0.0
1758200400000,0.52
1758204000000,15.31
1758207600000,89.79
1758211200000,115.45
1758214800000,134.23
1758218400000,128.68
1758222000000,110.0
1758225600000,98.94
1758229200000,88.2
1758232800000,74.09
1758236400000,72.47
1758240000000,73.45
1758243600000,73.7
1758247200000,74.02
1758250800000,89.59
1758254400000,118.92
1758258000000,143.42
1758261600000,118.29
1758265200000,95.18
1758268800000,53.7
1758272400000,13.03
1758276000000,0.99
1758279600000,0.0
1758283200000,0.0
1758286800000,11.97
1758290400000,74.46
1758294000000,119.44
1758297600000,255.21
1758301200000,409.24
1758304800000,167.59
1758308400000,111.82
1758312000000,86.04
1758315600000,78.93
1758319200000,87.24
1758322800000,77.91
1758326400000,74.99
1758330000000,74.8
1758333600000,74.79
1758337200000,80.21
1758340800000,88.51
1758344400000,86.97
1758348000000,75.29
1758351600000,24.9
1758355200000,3.02
1758358800000,-0.28
1758362400000,-6.1
1758366000000,-10.86
1758369600000,-5.1
1758373200000,-0.04
1758376800000,26.36
1758380400000,93.84
1758384000000,124.58
1758387600000,134.1
1758391200000,99.08
1758394800000,81.95
1758398400000,74.5
1758402000000,48.3
1758405600000,8.07
1758409200000,3.7
1758412800000,3.46
1758416400000,1.65
1758420000000,2.08
1758423600000,3.23
1758427200000,4.41
1758430800000,5.23
1758434400000,3.01
1758438000000,1.31
1758441600000,0.0
1758445200000,-0.09
1758448800000,-1.2
1758452400000,-2.02
1758456000000,-1.31
1758459600000,-0.01
1758463200000,9.47
1758466800000,85.18
1758470400000,113.96
1758474000000,120.57
1758477600000,118.84
1758481200000,104.68
1758484800000,96.35
1758488400000,91.68
1758492000000,87.33
1758495600000,83.57
1758499200000,79.21
1758502800000,79.21
1758506400000,80.35
1758510000000,93.59
1758513600000,118.69
1758517200000,130.0
1758520800000,130.0
1758524400000,108.57
1758528000000,91.82
1758531600000,77.86
1758535200000,74.04
1758538800000,71.17
1758542400000,70.23
1758546000000,78.39
1758549600000,84.79
1758553200000,100.13
1758556800000,128.08
1758560400000,140.92
1758564000000,130.0
1758567600000,114.24
1758571200000,97.72
1758574800000,89.99
1758578400000,88.6
1758582000000,90.0
1758585600000,89.73
1758589200000,89.93
1758592800000,91.34
1758596400000,98.11
1758600000000,122.01
1758603600000,172.36
1758607200000,162.8
1758610800000,125.76
1758614400000,93.92
1758618000000,85.51
1758621600000,77.54
1758625200000,74.24
1758628800000,74.25
1758632400000,84.11
1758636000000,85.76
1758639600000,102.9
1758643200000,136.83
1758646800000,149.58
1758650400000,115.81
1758654000000,94.0
1758657600000,84.91
1758661200000,84.1
1758664800000,82.67
1758668400000,82.32
1758672000000,81.61
1758675600000,77.95
1758679200000,78.59
1758682800000,82.67
1758686400000,109.76
1758690000000,118.01
1758693600000,120.45
1758697200000,107.0
1758700800000,85.54
1758704400000,70.09
1758708000000,27.1
1758711600000,10.66
1758715200000,9.9
1758718800000,15.0
1758722400000,66.1
1758726000000,85.69
1758729600000,113.08
1758733200000,115.93
1758736800000,113.95
1758740400000,91.29
1758744000000,85.5
1758747600000,69.68
1758751200000,73.3
1758754800000,69.69
1758758400000,67.81
1758762000000,68.09
1758765600000,71.69
1758769200000,77.33
1758772800000,108.55
1758776400000,124.26
1758780000000,124.99
1758783600000,104.88
1758787200000,77.95
1758790800000,69.24
1758794400000,38.18
1758798000000,16.03
1758801600000,20.1
1758805200000,43.66
1758808800000,75.0
1758812400000,88.79
1758816000000,117.04
1758819600000,121.47
1758823200000,123.75
1758826800000,105.83
1758830400000,94.77
1758834000000,81.09
1758837600000,78.48
1758841200000,75.0
1758844800000,73.17
1758848400000,73.18
1758852000000,74.93
1758855600000,82.0
1758859200000,107.74
1758862800000,120.33
1758866400000,123.56
1758870000000,110.41
1758873600000,89.84
1758877200000,85.36
1758880800000,78.96
1758884400000,73.16
1758888000000,75.05
1758891600000,79.99
1758895200000,98.81
1758898800000,109.8
1758902400000,123.65
1758906000000,133.02
1758909600000,119.61
1758913200000,106.21
1758916800000,96.9
1758920400000,89.9
1758924000000,84.99
1758927600000,83.26
1758931200000,82.7
1758934800000,82.51
1758938400000,85.28
1758942000000,89.19
1758945600000,90.57
1758949200000,105.45
1758952800000,109.71
1758956400000,96.92
1758960000000,87.86
1758963600000,75.0
1758967200000,59.77
1758970800000,36.11
1758974400000,48.54
1758978000000,78.22
1758981600000,93.1
1758985200000,112.01
1758988800000,133.35
1758992400000,148.61
1758996000000,122.53
1758999600000,114.4
1759003200000,107.56
1759006800000,99.54
1759010400000,97.56
1759014000000,95.31
1759017600000,94.32
1759021200000,91.47
1759024800000,97.77
1759028400000,97.58
1759032000000,100.91
1759035600000,105.79
1759039200000,98.77
1759042800000,95.04
1759046400000,82.08
1759050000000,37.47
1759053600000,17.11
1759057200000,8.53
1759060800000,13.0
1759064400000,61.33
1759068000000,86.0
1759071600000,105.89
1759075200000,131.02
1759078800000,137.97
1759082400000,125.93
1759086000000,113.51
1759089600000,102.29
1759093200000,95.74
1759096800000,90.95
1759100400000,88.76
1759104000000,87.88
1759107600000,87.94
1759111200000,88.31
1759114800000,98.37
1759118400000,134.98
1759122000000,222.1
1759125600000,166.91
1759129200000,122.06
1759132800000,90.21
1759136400000,84.95
1759140000000,78.71
1759143600000,77.08
1759147200000,83.33
1759150800000,87.4
1759154400000,99.98
1759158000000,140.79
1759161600000,302.65
1759165200000,406.78
1759168800000,167.6
1759172400000,123.85
1759176000000,108.3
1759179600000,93.68
1759183200000,101.1
1759186800000,98.43
1759190400000,98.93
1759194000000,94.99
1759197600000,99.12
1759201200000,112.08
1759204800000,141.86
1759208400000,244.0
1759212000000,209.23
1759215600000,141.85
1759219200000,115.2
1759222800000,96.72
1759226400000,87.91
1759230000000,86.04
1759233600000,87.26
1759237200000,96.8
1759240800000,104.03
1759244400000,142.64
1759248000000,294.54
1759251600000,357.77
1759255200000,147.28
1759258800000,116.04
1759262400000,101.63
1759266000000,92.54
1759269600000,91.57
1759273200000,86.29
1759276800000,84.87
1759280400000,88.33
1759284000000,87.66
1759287600000,95.33
1759291200000,124.96
1759294800000,173.3
1759298400000,139.09
1759302000000,105.25
1759305600000,86.04
1759309200000,70.57
1759312800000,66.03
1759316400000,68.4
1759320000000,72.63
1759323600000,81.72
1759327200000,92.87
1759330800000,135.4
1759334400000,253.24
1759338000000,339.99
1759341600000,152.02
1759345200000,113.04
1759348800000,98.51
1759352400000,90.65
1759356000000,90.8
1759359600000,88.0
1759363200000,86.52
1759366800000,88.56
1759370400000,90.81
1759374000000,95.97
1759377600000,128.72
1759381200000,181.09
1759384800000,136.68
1759388400000,100.51
1759392000000,91.48
1759395600000,78.29
1759399200000,65.77
1759402800000,60.5
1759406400000,71.29
1759410000000,80.66
1759413600000,91.45
1759417200000,113.32
1759420800000,167.93
1759424400000,176.84
1759428000000,109.92
1759431600000,90.85
1759435200000,96.66
1759438800000,82.09
1759442400000,85.93
1759446000000,77.14
1759449600000,71.75
1759453200000,73.91
1759456800000,76.29
1759460400000,77.98
1759464000000,93.78
1759467600000,100.42
1759471200000,103.68
1759474800000,83.9
1759478400000,60.0
1759482000000,40.5
1759485600000,26.35
1759489200000,16.5
1759492800000,26.2
1759496400000,49.88
1759500000000,63.39
1759503600000,89.9
1759507200000,120.76
1759510800000,109.01
1759514400000,75.04
1759518000000,43.44
1759521600000,25.4
1759525200000,11.11
1759528800000,0.73
1759532400000,-0.01
1759536000000,-0.04
1759539600000,-0.1
1759543200000,-1.13
1759546800000,-1.91
1759550400000,-1.92
1759554000000,-0.78
1759557600000,-0.3
1759561200000,-0.16
1759564800000,-0.09
1759568400000,-0.1
1759572000000,-0.08
1759575600000,-0.44
1759579200000,-2.05
1759582800000,-2.61
1759586400000,-0.1
1759590000000,-0.09
1759593600000,1.11
1759597200000,3.23
1759600800000,0.32
1759604400000,-0.09
1759608000000,-0.05
1759611600000,-0.34
1759615200000,-0.75
1759618800000,-1.4
1759622400000,-4.19
1759626000000,-4.38
1759629600000,-4.98
1759633200000,-4.46
1759636800000,-3.76
1759640400000,-1.51
1759644000000,-0.09
1759647600000,-1.39
1759651200000,-3.33
1759654800000,-2.02
1759658400000,-3.42
1759662000000,-3.39
1759665600000,-2.94
1759669200000,-2.39
1759672800000,-0.69
1759676400000,0.85
1759680000000,16.08
1759683600000,35.05
1759687200000,19.83
1759690800000,5.48
1759694400000,5.2
1759698000000,4.08
1759701600000,20.85
1759705200000,10.05
1759708800000,9.1
1759712400000,10.73
1759716000000,16.8
1759719600000,22.6
1759723200000,68.59
1759726800000,105.05
1759730400000,121.77
1759734000000,121.12
1759737600000,100.53
1759741200000,89.3
1759744800000,87.33
1759748400000,84.6
1759752000000,92.33
1759755600000,94.55
1759759200000,104.77
1759762800000,120.29
1759766400000,141.59
1759770000000,168.32
1759773600000,133.68
1759777200000,120.2
1759780800000,118.66
1759784400000,105.5
1759788000000,100.26
1759791600000,93.99
1759795200000,89.82
1759798800000,89.55
1759802400000,92.98
1759806000000,96.74
1759809600000,134.89
1759813200000,228.56
1759816800000,287.67
1759820400000,212.18
1759824000000,154.66
1759827600000,129.91
1759831200000,110.94
1759834800000,106.18
1759838400000,105.35
1759842000000,113.16
1759845600000,122.1
1759849200000,151.84
1759852800000,202.42
1759856400000,213.28
1759860000000,146.34
1759863600000,123.24
1759867200000,107.42
1759870800000,97.48
1759874400000,93.45
1759878000000,88.44
1759881600000,87.56
1759885200000,86.98
1759888800000,89.67
1759892400000,97.39
1759896000000,117.11
1759899600000,155.58
1759903200000,166.4
1759906800000,135.18
1759910400000,118.45
1759914000000,103.33
1759917600000,90.82
1759921200000,89.34
1759924800000,90.44
1759928400000,99.43
1759932000000,117.47
1759935600000,149.48
1759939200000,183.81
1759942800000,199.0
1759946400000,141.7
1759950000000,114.74
1759953600000,108.24
1759957200000,97.83
1759960800000,97.22
1759964400000,92.58
1759968000000,93.26
1759971600000,90.82
1759975200000,92.7
1759978800000,101.15
1759982400000,125.58
1759986000000,145.0
1759989600000,149.9
1759993200000,132.49
1759996800000,109.69
1760000400000,96.96
1760004000000,91.02
1760007600000,83.35
1760011200000,83.2
1760014800000,88.83
1760018400000,92.08
1760022000000,110.01
1760025600000,122.91
1760029200000,123.11
1760032800000,112.36
1760036400000,98.09
1760040000000,96.83
1760043600000,88.7
1760047200000,88.01
1760050800000,84.97
1760054400000,80.09
1760058000000,78.29
1760061600000,79.21
1760065200000,86.07
1760068800000,102.64
1760072400000,119.33
1760076000000,122.61
1760079600000,107.77
1760083200000,93.01
1760086800000,82.12
1760090400000,77.53
1760094000000,75.69
1760097600000,77.26
1760101200000,88.9
1760104800000,97.86
1760108400000,118.2
1760112000000,120.61
1760115600000,123.29
1760119200000,115.39
1760122800000,103.92
1760126400000,97.74
1760130000000,93.35
1760133600000,92.97
1760137200000,88.84
1760140800000,87.39
1760144400000,84.18
1760148000000,82.03
1760151600000,84.76
1760155200000,90.27
1760158800000,96.75
1760162400000,100.4
1760166000000,92.96
1760169600000,82.43
1760173200000,74.02
1760176800000,55.42
1760180400000,46.77
1760184000000,51.03
1760187600000,76.94
1760191200000,83.65
1760194800000,114.01
1760198400000,126.44
1760202000000,130.17
1760205600000,120.64
1760209200000,112.54
1760212800000,106.91
1760216400000,95.1
1760220000000,96.18
1760223600000,92.17
1760227200000,88.86
1760230800000,85.13
1760234400000,86.41
1760238000000,86.66
1760241600000,88.3
1760245200000,89.17
1760248800000,88.66
1760252400000,83.06
1760256000000,76.21
1760259600000,71.9
1760263200000,66.89
1760266800000,52.16
1760270400000,62.47
1760274000000,79.99
1760277600000,88.0
1760281200000,105.55
1760284800000,108.9
1760288400000,116.64
1760292000000,115.53
1760295600000,110.45
1760299200000,107.79
1760302800000,93.45
1760306400000,93.45
1760310000000,90.26
1760313600000,90.83
1760317200000,89.12
1760320800000,93.45
1760324400000,98.1
1760328000000,131.41
1760331600000,218.64
1760335200000,199.56
1760338800000,150.19
1760342400000,125.1
1760346000000,110.0
1760349600000,95.1
1760353200000,89.86
1760356800000,92.1
1760360400000,101.84
1760364000000,117.9
1760367600000,180.6
1760371200000,305.74
1760374800000,306.58
1760378400000,186.95
1760382000000,137.18
1760385600000,121.99
1760389200000,111.28
1760392800000,109.18
1760396400000,103.01
1760400000000,99.52
1760403600000,98.87
1760407200000,100.05
1760410800000,101.45
1760414400000,123.29
1760418000000,160.2
1760421600000,190.82
1760425200000,156.45
1760428800000,134.73
1760432400000,119.85
1760436000000,107.65
1760439600000,103.0
1760443200000,105.27
1760446800000,122.28
1760450400000,146.6
1760454000000,219.2
1760457600000,404.96
1760461200000,407.21
1760464800000,225.48
1760468400000,163.04
1760472000000,129.86
1760475600000,115.36
1760479200000,115.46
1760482800000,111.87
1760486400000,107.68
1760490000000,103.62
1760493600000,106.48
1760497200000,114.4
1760500800000,151.96
1760504400000,278.74
1760508000000,276.2
1760511600000,181.05
1760515200000,142.36
1760518800000,126.1
1760522400000,119.43
1760526000000,112.88
1760529600000,115.39
1760533200000,122.64
1760536800000,135.69
1760540400000,170.0
1760544000000,221.88
1760547600000,220.0
1760551200000,152.85
1760554800000,124.34
1760558400000,98.21
1760562000000,88.17
1760565600000,88.16
1760569200000,85.81
1760572800000,88.0
1760576400000,86.66
1760580000000,88.34
1760583600000,85.05
1760587200000,96.19
1760590800000,116.12
1760594400000,132.77
1760598000000,119.93
1760601600000,92.24
1760605200000,88.31
1760608800000,83.4
1760612400000,81.48
1760616000000,82.98
1760619600000,83.03
1760623200000,89.03
1760626800000,120.92
1760630400000,130.0
1760634000000,140.59
1760637600000,125.59
1760641200000,102.23
1760644800000,99.86
1760648400000,93.36
1760652000000,88.15
1760655600000,88.31
1760659200000,89.06
1760662800000,88.46
1760666400000,90.59
1760670000000,94.51
1760673600000,107.91
1760677200000,129.49
1760680800000,144.84
1760684400000,129.02
1760688000000,117.18
1760691600000,99.04
1760695200000,88.14
1760698800000,86.72
1760702400000,87.81
1760706000000,88.64
1760709600000,95.0
1760713200000,117.17
1760716800000,129.31
1760720400000,130.69
1760724000000,116.99
1760727600000,104.05
1760731200000,102.18
1760734800000,92.5
1760738400000,94.62
1760742000000,89.86
1760745600000,89.81
1760749200000,88.34
1760752800000,88.35
1760756400000,88.32
1760760000000,91.96
1760763600000,109.47
1760767200000,114.54
1760770800000,102.24
1760774400000,91.47
1760778000000,80.79
1760781600000,73.94
1760785200000,67.53
1760788800000,72.3
1760792400000,83.5
1760796000000,96.55
1760799600000,120.64
1760803200000,133.24
1760806800000,124.82
1760810400000,113.0
1760814000000,92.55
1760817600000,95.58
1760821200000,94.35
1760824800000,92.34
1760828400000,87.59
1760832000000,82.29
1760835600000,82.14
1760839200000,83.21
1760842800000,83.5
1760846400000,85.25
1760850000000,85.26
1760853600000,87.16
1760857200000,78.43
1760860800000,69.64
1760864400000,60.3
1760868000000,34.57
1760871600000,20.3
1760875200000,36.22
1760878800000,66.77
1760882400000,89.93
1760886000000,106.07
1760889600000,107.69
1760893200000,85.62
1760896800000,75.5
1760900400000,73.15
1760904000000,74.74
1760907600000,60.86
1760911200000,70.04
1760914800000,63.98
1760918400000,60.98
1760922000000,60.0
1760925600000,60.6
1760929200000,74.81
1760932800000,76.25
1760936400000,91.87
1760940000000,125.1
1760943600000,92.19
1760947200000,73.15
1760950800000,69.94
1760954400000,60.29
1760958000000,65.27
1760961600000,76.09
1760965200000,97.14
1760968800000,119.51
1760972400000,131.12
1760976000000,125.09
1760979600000,103.0
1760983200000,82.29
1760986800000,76.25
1760990400000,68.38
1760994000000,51.0
1760997600000,61.48
1761001200000,43.83
1761004800000,33.07
1761008400000,22.28
1761012000000,25.91
1761015600000,47.46
1761019200000,75.1
1761022800000,88.12
1761026400000,91.58
1761030000000,84.72
1761033600000,74.27
1761037200000,65.11
1761040800000,47.46
1761044400000,31.58
1761048000000,33.06
1761051600000,60.23
1761055200000,68.2
1761058800000,100.0
1761062400000,121.8
1761066000000,115.38
1761069600000,99.67
1761073200000,81.06
1761076800000,81.68
1761080400000,74.33
1761084000000,87.84
1761087600000,87.49
1761091200000,85.41
1761094800000,89.35
1761098400000,89.5
1761102000000,90.18
1761105600000,99.39
1761109200000,100.18
1761112800000,113.76
1761116400000,125.72
1761120000000,105.73
1761123600000,91.21
1761127200000,87.1
1761130800000,86.0
1761134400000,93.46
1761138000000,110.66
1761141600000,135.0
1761145200000,198.05
1761148800000,296.48
1761152400000,279.76
1761156000000,185.31
1761159600000,133.95
1761163200000,122.07
1761166800000,108.09
1761170400000,101.38
1761174000000,98.74
1761177600000,95.07
1761181200000,79.92
1761184800000,71.0
1761188400000,67.52
1761192000000,72.25
1761195600000,82.28
1761199200000,90.0
1761202800000,83.02
1761206400000,79.7
1761210000000,69.6
1761213600000,66.1
1761217200000,64.11
1761220800000,63.54
1761224400000,75.61
1761228000000,85.5
1761231600000,98.12
1761235200000,114.93
1761238800000,107.91
1761242400000,87.71
1761246000000,82.81
1761249600000,77.66
1761253200000,60.08
1761256800000,14.34
1761260400000,9.84
1761264000000,6.52
1761267600000,1.03
1761271200000,2.19
1761274800000,7.53
1761278400000,23.28
1761282000000,64.99
1761285600000,84.87
1761289200000,76.55
1761292800000,58.3
1761296400000,33.0
1761300000000,1.25
1761303600000,-0.01
1761307200000,-0.01
1761310800000,1.81
1761314400000,37.32
1761318000000,66.26
1761321600000,74.61
1761325200000,74.61
1761328800000,57.05
1761332400000,41.51
1761336000000,28.92
1761339600000,9.97
1761343200000,3.52
1761346800000,1.32
1761350400000,0.92
1761354000000,0.0
1761357600000,-0.01
1761361200000,0.16
1761364800000,0.52
1761368400000,0.99
1761372000000,4.0
1761375600000,7.58
1761379200000,6.73
1761382800000,4.77
1761386400000,6.1
1761390000000,4.37
1761393600000,4.03
1761397200000,3.95
1761400800000,5.56
1761404400000,25.31
1761408000000,55.25
1761411600000,61.27
1761415200000,34.0
1761418800000,14.11
1761422400000,16.68
1761426000000,8.17
1761429600000,5.57
1761433200000,3.7
1761436800000,3.19
1761440400000,2.02
1761444000000,0.34
1761447600000,0.1
1761451200000,0.11
1761454800000,0.11
1761458400000,0.1
1761462000000,-0.01
1761465600000,-0.31
1761469200000,-0.07
1761472800000,-0.08
1761476400000,-0.07
1761480000000,-0.54
1761483600000,-0.73
1761487200000,-0.01
1761490800000,3.04
1761494400000,30.0
1761498000000,42.02
1761501600000,34.73
1761505200000,16.64
1761508800000,3.07
1761512400000,14.91
1761516000000,5.06
1761519600000,1.34
1761523200000,1.83
1761526800000,1.25
1761530400000,0.0
1761534000000,1.31
1761537600000,10.78
1761541200000,55.0
1761544800000,86.07
1761548400000,100.15
1761552000000,101.86
1761555600000,96.74
1761559200000,94.63
1761562800000,82.7
1761566400000,81.12
1761570000000,83.35
1761573600000,83.66
1761577200000,99.23
1761580800000,110.71
1761584400000,126.54
1761588000000,113.5
1761591600000,95.04
1761595200000,77.94
1761598800000,74.48
1761602400000,62.43
1761606000000,44.11
1761609600000,28.88
1761613200000,18.54
1761616800000,10.22
1761620400000,10.95
1761624000000,30.41
1761627600000,59.52
1761631200000,80.38
1761634800000,89.4
1761638400000,87.37
1761642000000,81.0
1761645600000,75.42
1761649200000,67.56
1761652800000,62.3
1761656400000,64.42
1761660000000,73.1
1761663600000,80.07
1761667200000,93.83
1761670800000,110.23
1761674400000,106.91
1761678000000,91.92
1761681600000,80.84
1761685200000,79.58
1761688800000,73.22
1761692400000,58.8
1761696000000,54.04
1761699600000,54.16
1761703200000,56.35
1761706800000,54.73
1761710400000,66.62
1761714000000,95.43
1761717600000,107.53
1761721200000,100.27
1761724800000,85.81
1761728400000,71.95
1761732000000,70.21
1761735600000,70.84
1761739200000,77.11
1761742800000,88.85
1761746400000,116.36
1761750000000,126.23
1761753600000,126.98
1761757200000,128.74
1761760800000,113.54
1761764400000,102.65
1761768000000,96.5
1761771600000,94.42
1761775200000,87.14
1761778800000,75.25
1761782400000,70.11
1761786000000,65.53
1761789600000,60.42
1761793200000,57.15
1761796800000,60.01
1761800400000,69.18
1761804000000,79.94
1761807600000,85.3
1761811200000,66.72
1761814800000,42.9
1761818400000,7.08
1761822000000,0.0
1761825600000,0.0
1761829200000,31.29
1761832800000,69.8
1761836400000,85.3
1761840000000,117.93
1761843600000,117.7
1761847200000,117.67
1761850800000,105.29
1761854400000,98.04
1761858000000,98.44
1761861600000,84.83
1761865200000,87.74
1761868800000,78.16
1761872400000,74.74
1761876000000,75.68
1761879600000,79.76
1761883200000,91.83
1761886800000,120.39
1761890400000,119.57
1761894000000,108.77
1761897600000,83.01
1761901200000,75.67
1761904800000,74.09
1761908400000,75.99
1761912000000,84.21
1761915600000,106.7
1761919200000,127.08
1761922800000,132.05
1761926400000,122.18
1761930000000,107.28
1761933600000,90.01
1761937200000,86.05
1761940800000,87.47
1761944400000,81.85
1761948000000,67.6
1761951600000,54.71
1761955200000,38.12
1761958800000,28.27
1761962400000,29.96
1761966000000,19.9
1761969600000,15.33
1761973200000,11.63
1761976800000,17.61
1761980400000,29.95
1761984000000,27.04
1761987600000,18.3
1761991200000,15.76
1761994800000,21.02
1761998400000,31.74
1762002000000,54.0
1762005600000,59.07
1762009200000,76.59
1762012800000,88.79
1762016400000,89.06
1762020000000,86.4
1762023600000,86.2
1762027200000,83.28
1762030800000,82.93
1762034400000,77.51
1762038000000,64.29
1762041600000,60.33
1762045200000,60.98
1762048800000,62.73
1762052400000,67.02
1762056000000,68.81
1762059600000,70.35
1762063200000,75.53
1762066800000,77.12
1762070400000,78.46
1762074000000,74.99
1762077600000,74.98
1762081200000,75.21
1762084800000,83.16
1762088400000,92.55
1762092000000,110.65
1762095600000,116.5
1762099200000,132.07
1762102800000,130.41
1762106400000,113.61
1762110000000,98.6
1762113600000,95.33
1762117200000,93.18
1762120800000,85.04
1762124400000,82.44
1762128000000,80.11
1762131600000,75.0
1762135200000,73.14
1762138800000,74.97
1762142400000,75.0
1762146000000,95.33
1762149600000,117.26
1762153200000,105.0
1762156800000,85.76
1762160400000,75.45
1762164000000,71.68
1762167600000,67.99
1762171200000,71.93
1762174800000,74.98
1762178400000,82.61
1762182000000,92.74
1762185600000,92.52
1762189200000,90.56
1762192800000,81.57
1762196400000,71.63
1762200000000,60.01
1762203600000,52.71
1762207200000,28.72
1762210800000,16.53
1762214400000,7.26
1762218000000,4.93
1762221600000,6.31
1762225200000,21.2
1762228800000,58.43
1762232400000,81.04
1762236000000,114.31
1762239600000,110.0
1762243200000,80.85
1762246800000,60.65
1762250400000,52.87
1762254000000,50.15
1762257600000,66.94
1762261200000,81.05
1762264800000,116.26
1762268400000,127.48
1762272000000,129.1
1762275600000,122.76
1762279200000,106.7
1762282800000,96.75
1762286400000,91.37
1762290000000,86.24
1762293600000,76.12
1762297200000,77.33
1762300800000,75.82
1762304400000,74.36
1762308000000,74.68
1762311600000,78.88
1762315200000,85.0
1762318800000,91.36
1762322400000,115.9
1762326000000,107.12
1762329600000,74.54
1762333200000,62.88
1762336800000,62.01
1762340400000,62.07
1762344000000,77.33
1762347600000,96.19
1762351200000,115.4
1762354800000,141.38
1762358400000,147.42
1762362000000,127.58
1762365600000,114.76
1762369200000,104.79
1762372800000,98.92
1762376400000,88.85
1762380000000,87.7
1762383600000,93.37
1762387200000,90.83
1762390800000,91.4
1762394400000,90.51
1762398000000,91.9
1762401600000,92.17
1762405200000,118.35
1762408800000,130.23
1762412400000,119.68
1762416000000,93.21
1762419600000,85.16
1762423200000,83.7
1762426800000,83.99
1762430400000,87.18
1762434000000,99.49
1762437600000,128.24
1762441200000,147.5
1762444800000,154.26
1762448400000,137.45
1762452000000,126.46
1762455600000,114.97
1762459200000,100.98
1762462800000,97.49
1762466400000,90.55
1762470000000,90.18
1762473600000,88.82
1762477200000,89.6
1762480800000,89.61
1762484400000,90.41
1762488000000,94.21
1762491600000,112.27
1762495200000,133.88
1762498800000,128.05
1762502400000,108.1
1762506000000,93.38
1762509600000,89.99
1762513200000,88.8
1762516800000,92.05
1762520400000,103.1
1762524000000,129.62
1762527600000,165.12
1762531200000,178.54
1762534800000,145.68
1762538400000,131.48
1762542000000,119.43
1762545600000,106.65
1762549200000,98.28
1762552800000,92.05
1762556400000,96.53
1762560000000,96.32
1762563600000,94.0
1762567200000,93.97
1762570800000,95.04
1762574400000,94.2
1762578000000,95.28
1762581600000,103.84
1762585200000,105.5
1762588800000,103.62
1762592400000,102.18
1762596000000,96.95
1762599600000,95.16
1762603200000,95.91
1762606800000,101.54
1762610400000,117.62
1762614000000,124.64
1762617600000,134.92
1762621200000,136.53
1762624800000,131.98
1762628400000,122.97
1762632000000,113.3
1762635600000,106.26
1762639200000,96.91
1762642800000,96.35
1762646400000,94.56
1762650000000,92.83
1762653600000,91.13
1762657200000,91.65
1762660800000,91.69
1762664400000,89.94
1762668000000,88.62
1762671600000,97.27
1762675200000,97.62
1762678800000,97.03
1762682400000,97.3
1762686000000,97.84
1762689600000,96.4
1762693200000,97.32
1762696800000,97.79
1762700400000,109.85
1762704000000,125.1
1762707600000,126.1
1762711200000,117.96
1762714800000,106.0
1762718400000,93.54
1762722000000,92.32
1762725600000,89.93
1762729200000,88.98
1762732800000,87.64
1762736400000,88.9
1762740000000,87.52
1762743600000,87.18
1762747200000,92.31
1762750800000,113.45
1762754400000,143.0
1762758000000,157.88
1762761600000,144.3
1762765200000,126.27
1762768800000,115.25
1762772400000,105.92
1762776000000,108.41
1762779600000,115.57
1762783200000,126.25
1762786800000,133.36
1762790400000,139.4
1762794000000,120.73
1762797600000,103.66
1762801200000,90.11
1762804800000,88.99
1762808400000,88.39
1762812000000,83.87
1762815600000,83.19
1762819200000,79.98
1762822800000,75.8
1762826400000,74.87
1762830000000,75.5
1762833600000,77.07
1762837200000,86.79
1762840800000,105.21
1762844400000,113.8
1762848000000,103.12
1762851600000,91.47
1762855200000,87.92
1762858800000,86.66
1762862400000,89.93
1762866000000,101.24
1762869600000,124.28
1762873200000,143.07
1762876800000,143.26
1762880400000,115.0
1762884000000,105.03
1762887600000,98.18
1762891200000,96.38
1762894800000,92.06
1762898400000,75.5
1762902000000,74.98
1762905600000,68.32
1762909200000,64.41
1762912800000,62.4
1762916400000,62.3
1762920000000,69.3
1762923600000,77.0
1762927200000,107.26
1762930800000,100.72
1762934400000,78.11
1762938000000,71.53
1762941600000,60.0
1762945200000,59.14
1762948800000,73.77
1762952400000,80.43
1762956000000,104.97
1762959600000,113.63
1762963200000,115.4
1762966800000,104.87
1762970400000,88.93
1762974000000,80.95
1762977600000,76.91
1762981200000,75.55
1762984800000,56.93
1762988400000,32.92
1762992000000,18.97
1762995600000,11.19
1762999200000,7.78
1763002800000,6.0
1763006400000,25.97
1763010000000,50.89
1763013600000,76.85
1763017200000,66.08
1763020800000,53.61
1763024400000,50.32
1763028000000,42.96
1763031600000,48.09
1763035200000,60.57
1763038800000,77.34
1763042400000,101.66
1763046000000,111.51
1763049600000,130.1
1763053200000,131.8
1763056800000,129.89
1763060400000,111.85
1763064000000,116.61
1763067600000,110.59
1763071200000,102.77
1763074800000,98.44
1763078400000,95.8
1763082000000,94.93
1763085600000,91.53
1763089200000,92.13
1763092800000,91.6
1763096400000,112.78
1763100000000,138.35
1763103600000,136.39
1763107200000,120.9
1763110800000,112.03
1763114400000,106.04
1763118000000,101.23
1763121600000,105.42
1763125200000,107.06
1763128800000,115.39
1763132400000,115.97
1763136000000,131.57
1763139600000,119.81
1763143200000,106.49
1763146800000,98.92
1763150400000,93.16
1763154000000,97.02
1763157600000,78.65
1763161200000,77.38
1763164800000,77.95
1763168400000,74.72
1763172000000,73.03
1763175600000,72.2
1763179200000,70.62
1763182800000,68.16
1763186400000,77.06
1763190000000,80.07
1763193600000,85.24
1763197200000,85.61
1763200800000,85.42
1763204400000,84.19
1763208000000,90.67
1763211600000,94.65
1763215200000,101.19
1763218800000,109.79
1763222400000,121.8
1763226000000,121.52
1763229600000,114.07
1763233200000,109.13
1763236800000,102.89
1763240400000,101.72
1763244000000,97.87
1763247600000,93.75
1763251200000,95.0
1763254800000,93.35
1763258400000,91.45
1763262000000,88.22
1763265600000,91.13
1763269200000,85.67
1763272800000,92.49
1763276400000,98.49
1763280000000,101.19
1763283600000,99.28
1763287200000,102.57
1763290800000,102.47
1763294400000,104.0
1763298000000,109.27
1763301600000,116.72
1763305200000,124.5
1763308800000,129.37
1763312400000,125.21
1763316000000,115.33
1763319600000,102.72
1763323200000,91.41
1763326800000,94.39
1763330400000,86.53
1763334000000,88.29
1763337600000,80.56
1763341200000,74.09
1763344800000,71.32
1763348400000,74.1
1763352000000,83.6
1763355600000,89.59
1763359200000,114.87
1763362800000,126.99
1763366400000,121.69
1763370000000,105.22
1763373600000,84.39
1763377200000,77.81
1763380800000,77.79
1763384400000,87.04
1763388000000,97.52
1763391600000,107.32
1763395200000,117.36
1763398800000,116.49
1763402400000,110.7
1763406000000,102.89
1763409600000,92.7
1763413200000,89.71
1763416800000,81.14
1763420400000,84.88
1763424000000,82.83
1763427600000,79.04
1763431200000,77.72
1763434800000,80.51
1763438400000,83.47
1763442000000,91.05
1763445600000,104.74
1763449200000,119.84
1763452800000,107.45
1763456400000,92.13
1763460000000,88.8
1763463600000,89.2
1763467200000,90.6
1763470800000,96.58
1763474400000,120.6
1763478000000,141.91
1763481600000,151.66
1763485200000,143.8
1763488800000,131.15
1763492400000,107.13
1763496000000,94.64
1763499600000,97.48
1763503200000,89.96
1763506800000,87.38
1763510400000,86.23
1763514000000,84.17
1763517600000,83.19
1763521200000,84.39
1763524800000,87.0
1763528400000,99.03
1763532000000,127.03
1763535600000,136.67
1763539200000,115.16
1763542800000,97.52
1763546400000,91.62
1763550000000,89.59
1763553600000,93.6
1763557200000,104.62
1763560800000,113.05
1763564400000,117.81
1763568000000,127.57
1763571600000,119.19
1763575200000,119.05
1763578800000,105.69
1763582400000,100.23
1763586000000,99.17
1763589600000,91.89
1763593200000,90.63
1763596800000,88.09
1763600400000,87.03
1763604000000,86.8
1763607600000,87.13
1763611200000,90.5
1763614800000,103.68
1763618400000,144.41
1763622000000,155.72
1763625600000,153.66
1763629200000,141.27
1763632800000,129.3
1763636400000,125.05
1763640000000,126.1
1763643600000,134.2
1763647200000,149.69
1763650800000,175.83
1763654400000,175.47
1763658000000,163.25
1763661600000,156.02
1763665200000,137.1
1763668800000,120.75
1763672400000,108.24
1763676000000,93.76
1763679600000,101.55
1763683200000,94.14
1763686800000,90.28
1763690400000,90.19
1763694000000,93.63
1763697600000,101.87
1763701200000,133.53
1763704800000,180.42
1763708400000,205.38
1763712000000,181.83
1763715600000,151.02
1763719200000,137.72
1763722800000,130.34
1763726400000,135.58
1763730000000,153.75
1763733600000,196.84
1763737200000,251.87
1763740800000,250.01
1763744400000,205.09
1763748000000,171.37
1763751600000,141.95
1763755200000,117.31
1763758800000,104.9
1763762400000,95.03
1763766000000,102.25
1763769600000,94.6
1763773200000,88.44
1763776800000,85.28
1763780400000,86.1
1763784000000,85.28
1763787600000,90.52
1763791200000,106.75
1763794800000,104.21
1763798400000,89.12
1763802000000,82.01
1763805600000,78.58
1763809200000,76.28
1763812800000,75.37
1763816400000,81.65
1763820000000,88.97
1763823600000,105.0
1763827200000,114.46
1763830800000,109.25
1763834400000,98.33
1763838000000,86.61
1763841600000,89.25
1763845200000,89.43
1763848800000,82.23
1763852400000,81.53
1763856000000,74.35
1763859600000,70.44
1763863200000,63.23
1763866800000,60.89
1763870400000,64.21
1763874000000,62.03
1763877600000,67.98
1763881200000,67.83
1763884800000,65.96
1763888400000,65.99
1763892000000,66.69
1763895600000,67.86
1763899200000,65.46
1763902800000,69.43
1763906400000,77.29
1763910000000,77.89
1763913600000,80.84
1763917200000,82.54
1763920800000,83.8
1763924400000,77.41
1763928000000,74.16
1763931600000,75.17
1763935200000,71.26
1763938800000,72.46
1763942400000,70.06
1763946000000,72.26
1763949600000,73.28
1763953200000,73.76
1763956800000,80.07
1763960400000,90.31
1763964000000,104.39
1763967600000,107.79
1763971200000,110.26
1763974800000,117.45
1763978400000,128.04
1763982000000,134.24
1763985600000,149.99
1763989200000,173.54
1763992800000,195.81
1763996400000,225.78
1764000000000,263.48
1764003600000,230.59
1764007200000,188.3
1764010800000,151.19
1764014400000,135.24
1764018000000,123.04
1764021600000,105.41
1764025200000,100.9
1764028800000,99.15
1764032400000,97.59
1764036000000,96.1
1764039600000,99.51
1764043200000,106.73
1764046800000,122.41
1764050400000,291.02
1764054000000,333.28
1764057600000,292.65
1764061200000,273.09
1764064800000,326.63
1764068400000,351.0
1764072000000,317.65
1764075600000,300.0
1764079200000,310.0
1764082800000,325.08
1764086400000,373.31
1764090000000,297.91
1764093600000,249.37
1764097200000,172.83
1764100800000,135.02
1764104400000,119.16
1764108000000,102.04
1764111600000,92.85
1764115200000,89.95
1764118800000,88.33
1764122400000,89.44
1764126000000,89.8
1764129600000,97.25
1764133200000,129.82
1764136800000,191.17
1764140400000,237.22
1764144000000,211.85
1764147600000,197.14
1764151200000,170.5
1764154800000,164.68
1764158400000,168.24
1764162000000,184.49
1764165600000,223.72
1764169200000,294.38
1764172800000,294.61
1764176400000,228.93
1764180000000,183.67
1764183600000,141.26
1764187200000,114.95
1764190800000,101.99
1764194400000,90.19
1764198000000,89.95
1764201600000,84.27
1764205200000,79.95
1764208800000,77.34
1764212400000,79.95
1764216000000,82.08
1764219600000,112.22
1764223200000,122.0
1764226800000,123.1
1764230400000,106.95
1764234000000,90.95
1764237600000,88.66
1764241200000,87.06
1764244800000,85.76
1764248400000,89.25
1764252000000,90.6
1764255600000,90.43
1764259200000,97.51
1764262800000,101.39
1764266400000,88.27
1764270000000,85.4
1764273600000,80.63
1764277200000,85.1
1764280800000,69.46
1764284400000,60.84
1764288000000,55.0
1764291600000,52.93
1764295200000,47.88
1764298800000,58.38
1764302400000,61.04
1764306000000,82.86
1764309600000,87.82
1764313200000,100.48
1764316800000,103.4
1764320400000,97.85
1764324000000,102.82
1764327600000,98.71
1764331200000,99.45
1764334800000,98.79
1764338400000,104.67
1764342000000,103.4
1764345600000,96.16
1764349200000,98.13
1764352800000,93.32
1764356400000,88.46
1764360000000,85.41
1764363600000,85.54
1764367200000,77.83
1764370800000,81.73
1764374400000,80.9
1764378000000,81.34
1764381600000,82.56
1764385200000,85.7
1764388800000,90.0
1764392400000,90.89
1764396000000,96.18
1764399600000,89.15
1764403200000,101.58
1764406800000,101.44
1764410400000,95.26
1764414000000,86.1
1764417600000,87.96
1764421200000,91.73
1764424800000,102.72
1764428400000,102.65
1764432000000,107.09
1764435600000,98.13
1764439200000,88.43
1764442800000,81.11
1764446400000,80.8
1764450000000,83.49
1764453600000,77.73
1764457200000,75.97
1764460800000,69.78
1764464400000,67.44
1764468000000,65.36
1764471600000,67.0
1764475200000,74.29
1764478800000,75.58
1764482400000,75.98
1764486000000,79.84
1764489600000,80.65
1764493200000,84.42
1764496800000,81.54
1764500400000,80.7
1764504000000,82.52
1764507600000,87.55
1764511200000,93.58
1764514800000,92.81
1764518400000,104.05
1764522000000,106.21
1764525600000,104.13
1764529200000,97.52
1764532800000,92.93
1764536400000,92.6
1764540000000,87.13
1764543600000,88.0
1764547200000,86.02
1764550800000,81.34
1764554400000,85.14
1764558000000,80.26
1764561600000,88.75
1764565200000,88.63
1764568800000,127.86
1764572400000,139.33
1764576000000,105.1
1764579600000,93.73
1764583200000,85.96
1764586800000,85.02
1764590400000,90.07
1764594000000,107.22
1764597600000,120.32
1764601200000,112.97
1764604800000,94.41
1764608400000,88.99
1764612000000,86.77
1764615600000,82.3
1764619200000,75.95
1764622800000,76.43
1764626400000,71.8
1764630000000,65.78
1764633600000,58.82
1764637200000,54.93
1764640800000,53.73
1764644400000,50.47
1764648000000,64.59
1764651600000,78.51
1764655200000,87.79
1764658800000,87.65
1764662400000,88.28
1764666000000,85.83
1764669600000,86.72
1764673200000,87.45
1764676800000,97.04
1764680400000,105.01
1764684000000,140.37
1764687600000,136.34
1764691200000,151.64
1764694800000,162.14
1764698400000,163.2
1764702000000,154.89
1764705600000,129.35
1764709200000,119.22
1764712800000,99.14
1764716400000,90.84
1764720000000,89.07
1764723600000,90.26
1764727200000,89.88
1764730800000,90.02
1764734400000,98.98
1764738000000,150.95
1764741600000,200.0
1764745200000,250.0
1764748800000,219.89
1764752400000,187.18
1764756000000,173.37
1764759600000,167.73
1764763200000,181.41
1764766800000,199.94
1764770400000,242.56
1764774000000,308.35
1764777600000,259.6
1764781200000,204.12
1764784800000,172.63
1764788400000,146.24
1764792000000,124.82
1764795600000,113.41
1764799200000,104.14
1764802800000,97.38
1764806400000,93.88
1764810000000,90.83
1764813600000,90.36
1764817200000,92.33
1764820800000,96.76
1764824400000,124.87
1764828000000,128.41
1764831600000,144.7
1764835200000,163.98
1764838800000,138.41
1764842400000,148.09
1764846000000,141.96
1764849600000,145.18
1764853200000,152.07
1764856800000,150.99
1764860400000,145.2
1764864000000,144.7
1764867600000,142.33
1764871200000,134.99
1764874800000,118.6
1764878400000,103.35
1764882000000,109.04
1764885600000,98.26
1764889200000,95.74
1764892800000,93.86
1764896400000,90.92
1764900000000,90.57
1764903600000,94.03
1764907200000,100.87
1764910800000,123.99
1764914400000,162.42
1764918000000,184.43
1764921600000,184.14
1764925200000,171.35
1764928800000,167.52
1764932400000,161.56
1764936000000,157.45
1764939600000,161.18
1764943200000,162.35
1764946800000,169.5
1764950400000,158.31
1764954000000,147.25
1764957600000,131.54
1764961200000,115.15
1764964800000,97.55
1764968400000,93.08
1764972000000,84.12
1764975600000,82.08
1764979200000,76.97
1764982800000,73.63
1764986400000,70.01
1764990000000,67.43
1764993600000,64.97
1764997200000,64.59
1765000800000,67.87
1765004400000,78.61
1765008000000,80.94
1765011600000,82.3
1765015200000,80.61
1765018800000,80.62
1765022400000,81.33
1765026000000,86.17
1765029600000,91.02
1765033200000,95.59
1765036800000,95.12
1765040400000,89.18
1765044000000,89.66
1765047600000,83.39
1765051200000,80.61
1765054800000,76.5
1765058400000,71.57
1765062000000,67.32
1765065600000,61.0
1765069200000,59.42
1765072800000,58.56
1765076400000,62.08
1765080000000,62.0
1765083600000,63.72
1765087200000,71.84
1765090800000,78.0
1765094400000,85.56
1765098000000,90.53
1765101600000,91.92
1765105200000,97.44
1765108800000,99.57
1765112400000,104.15
1765116000000,105.74
1765119600000,109.61
1765123200000,111.82
1765126800000,96.88
1765130400000,87.46
1765134000000,83.76
1765137600000,73.72
1765141200000,65.6
1765144800000,41.74
1765148400000,19.27
1765152000000,11.09
1765155600000,11.66
1765159200000,5.59
1765162800000,12.89
1765166400000,28.66
1765170000000,64.32
1765173600000,82.84
1765177200000,100.0
1765180800000,98.34
1765184400000,86.04
1765188000000,79.99
1765191600000,79.35
1765195200000,86.85
1765198800000,94.08
1765202400000,100.15
1765206000000,101.07
1765209600000,109.85
1765213200000,100.26
1765216800000,96.64
1765220400000,89.35
1765224000000,83.52
1765227600000,80.21
1765231200000,73.25
1765234800000,73.7
1765238400000,72.79
1765242000000,73.71
1765245600000,74.85
1765249200000,73.72
1765252800000,80.21
1765256400000,98.85
1765260000000,105.79
1765263600000,129.75
1765267200000,111.34
1765270800000,103.06
1765274400000,103.34
1765278000000,97.83
1765281600000,101.1
1765285200000,100.22
1765288800000,110.88
1765292400000,108.3
1765296000000,104.57
1765299600000,96.91
1765303200000,85.1
1765306800000,83.67
1765310400000,79.35
1765314000000,73.33
1765317600000,55.42
1765321200000,43.9
1765324800000,36.48
1765328400000,31.0
1765332000000,35.11
1765335600000,48.09
1765339200000,69.65
1765342800000,79.12
1765346400000,87.51
1765350000000,94.33
1765353600000,94.23
1765357200000,87.73
1765360800000,81.0
1765364400000,79.5
1765368000000,81.44
1765371600000,90.22
1765375200000,100.67
1765378800000,104.0
1765382400000,105.67
1765386000000,104.7
1765389600000,96.77
1765393200000,87.75
1765396800000,86.31
1765400400000,82.49
1765404000000,76.43
1765407600000,73.98
1765411200000,73.42
1765414800000,72.52
1765418400000,75.21
1765422000000,76.91
1765425600000,80.59
1765429200000,90.09
1765432800000,98.11
1765436400000,110.36
1765440000000,106.17
1765443600000,93.18
1765447200000,91.92
1765450800000,89.4
1765454400000,90.22
1765458000000,97.79
1765461600000,111.27
1765465200000,114.7
1765468800000,115.41
1765472400000,112.57
1765476000000,107.79
1765479600000,103.64
1765483200000,94.39
1765486800000,93.59
1765490400000,93.74
1765494000000,83.78
1765497600000,86.22
1765501200000,87.9
1765504800000,90.18
1765508400000,90.71
1765512000000,92.21
1765515600000,101.23
1765519200000,121.32
1765522800000,130.85
1765526400000,126.9
1765530000000,121.96
1765533600000,118.3
1765537200000,113.07
1765540800000,118.26
1765544400000,126.82
1765548000000,131.95
1765551600000,145.49
1765555200000,146.83
1765558800000,133.1
1765562400000,128.06
1765566000000,117.0
1765569600000,114.93
1765573200000,103.82
1765576800000,91.75
1765580400000,92.28
1765584000000,90.5
1765587600000,87.39
1765591200000,87.04
1765594800000,85.0
1765598400000,84.67
1765602000000,79.14
1765605600000,81.14
1765609200000,95.95
1765612800000,106.77
1765616400000,102.59
1765620000000,98.09
1765623600000,93.76
1765627200000,92.94
1765630800000,95.76
1765634400000,114.66
1765638000000,119.71
1765641600000,118.45
1765645200000,112.26
1765648800000,103.63
1765652400000,91.71
1765656000000,90.56
1765659600000,93.69
1765663200000,84.39
1765666800000,91.2
1765670400000,90.52
1765674000000,81.9
1765677600000,79.95
1765681200000,77.31
1765684800000,78.76
1765688400000,77.18
1765692000000,77.47
1765695600000,81.76
1765699200000,82.35
1765702800000,80.01
1765706400000,84.08
1765710000000,87.27
1765713600000,86.96
1765717200000,88.65
1765720800000,92.1
1765724400000,99.28
1765728000000,102.79
1765731600000,103.29
1765735200000,92.99
1765738800000,90.4
1765742400000,84.4
1765746000000,82.65
1765749600000,75.75
1765753200000,72.5
1765756800000,71.88
1765760400000,71.04
1765764000000,70.67
1765767600000,75.28
1765771200000,76.8
1765774800000,86.53
1765778400000,98.79
1765782000000,101.13
1765785600000,96.65
1765789200000,89.62
1765792800000,79.72
1765796400000,79.77
1765800000000,88.26
1765803600000,95.44
1765807200000,107.3
1765810800000,108.66
1765814400000,104.21
1765818000000,98.16
1765821600000,90.42
1765825200000,84.25
1765828800000,85.17
1765832400000,84.98
1765836000000,80.46
1765839600000,80.67
1765843200000,79.05
1765846800000,77.1
1765850400000,79.05
1765854000000,80.39
1765857600000,82.31
1765861200000,88.4
1765864800000,91.39
1765868400000,100.47
1765872000000,101.27
1765875600000,92.34
1765879200000,90.61
1765882800000,91.51
1765886400000,99.88
1765890000000,124.4
1765893600000,139.38
1765897200000,155.31
1765900800000,162.2
1765904400000,142.25
1765908000000,137.1
1765911600000,128.85
1765915200000,118.94
1765918800000,115.58
1765922400000,103.42
1765926000000,89.0
1765929600000,89.79
1765933200000,86.49
1765936800000,85.03
1765940400000,88.08
1765944000000,90.5
1765947600000,95.49
1765951200000,108.82
1765954800000,133.46
1765958400000,126.3
1765962000000,124.54
1765965600000,118.15
1765969200000,111.9
1765972800000,122.66
1765976400000,129.97
1765980000000,127.5
1765983600000,126.5
1765987200000,122.82
1765990800000,111.4
1765994400000,97.51
1765998000000,94.71
1766001600000,94.7
1766005200000,93.22
1766008800000,85.0
1766012400000,77.76
1766016000000,69.07
1766019600000,60.13
1766023200000,48.89
1766026800000,44.82
1766030400000,50.83
1766034000000,63.24
1766037600000,81.53
1766041200000,90.74
1766044800000,88.56
1766048400000,78.28
1766052000000,78.29
1766055600000,77.42
1766059200000,79.48
1766062800000,103.76
1766066400000,114.49
1766070000000,110.88
1766073600000,103.42
1766077200000,88.26
1766080800000,80.14
1766084400000,67.68
1766088000000,53.25
1766091600000,51.8
1766095200000,18.65
1766098800000,9.84
1766102400000,5.86
1766106000000,4.33
1766109600000,3.51
1766113200000,4.12
1766116800000,10.78
1766120400000,40.28
1766124000000,76.71
1766127600000,89.54
1766131200000,89.38
1766134800000,89.23
1766138400000,87.49
1766142000000,84.57
1766145600000,87.63
1766149200000,93.35
1766152800000,97.4
1766156400000,100.33
1766160000000,106.9
1766163600000,107.48
1766167200000,105.12
1766170800000,102.91
1766174400000,98.46
1766178000000,96.28
1766181600000,90.18
1766185200000,84.81
1766188800000,83.4
1766192400000,85.0
1766196000000,87.49
1766199600000,88.46
1766203200000,89.92
1766206800000,95.98
1766210400000,104.0
1766214000000,113.21
1766217600000,114.8
1766221200000,112.67
1766224800000,110.99
1766228400000,110.27
1766232000000,114.98
1766235600000,119.48
1766239200000,120.64
1766242800000,120.2
1766246400000,122.39
1766250000000,118.27
1766253600000,104.11
1766257200000,96.38
1766260800000,93.01
1766264400000,92.24
1766268000000,90.67
1766271600000,95.7
1766275200000,90.05
1766278800000,86.49
1766282400000,85.4
1766286000000,85.63
1766289600000,86.83
1766293200000,88.14
1766296800000,92.85
1766300400000,102.15
1766304000000,107.01
1766307600000,102.58
1766311200000,101.3
1766314800000,98.48
1766318400000,94.87
1766322000000,98.89
1766325600000,100.87
1766329200000,97.52
1766332800000,97.07
1766336400000,90.8
1766340000000,86.14
1766343600000,81.66
1766347200000,78.86
1766350800000,77.5
1766354400000,70.91
1766358000000,70.23
1766361600000,68.83
1766365200000,67.79
1766368800000,66.31
1766372400000,71.52
1766376000000,74.11
1766379600000,78.19
1766383200000,90.45
1766386800000,93.34
1766390400000,90.79
1766394000000,89.25
1766397600000,85.0
1766401200000,86.34
1766404800000,88.62
1766408400000,92.12
1766412000000,99.54
1766415600000,101.18
1766419200000,107.89
1766422800000,100.9
1766426400000,93.79
1766430000000,89.48
1766433600000,84.86
1766437200000,84.82
1766440800000,77.97
1766444400000,72.23
1766448000000,65.03
1766451600000,62.01
1766455200000,59.06
1766458800000,58.11
1766462400000,59.02
1766466000000,67.85
1766469600000,78.02
1766473200000,83.88
1766476800000,85.47
1766480400000,83.84
1766484000000,81.87
1766487600000,80.49
1766491200000,79.21
1766494800000,79.22
1766498400000,81.83
1766502000000,83.69
1766505600000,82.47
1766509200000,83.95
1766512800000,82.47
1766516400000,78.01
1766520000000,69.93
1766523600000,71.84
1766527200000,64.09
1766530800000,60.25
1766534400000,55.86
1766538000000,56.8
1766541600000,55.84
1766545200000,55.85
1766548800000,55.85
1766552400000,57.21
1766556000000,67.45
1766559600000,81.0
1766563200000,82.47
1766566800000,76.02
1766570400000,69.29
1766574000000,68.51
1766577600000,67.99
1766581200000,73.76
1766584800000,83.05
1766588400000,87.9
1766592000000,89.13
1766595600000,78.91
1766599200000,71.77
1766602800000,68.16
1766606400000,67.99
1766610000000,69.01
1766613600000,65.16
1766617200000,63.22
1766620800000,58.44
1766624400000,56.86
1766628000000,55.85
1766631600000,54.53
1766635200000,52.61
1766638800000,49.17
1766642400000,54.03
1766646000000,64.21
1766649600000,64.71
1766653200000,53.77
1766656800000,48.98
1766660400000,48.49
1766664000000,47.87
1766667600000,68.55
1766671200000,89.41
1766674800000,92.24
1766678400000,94.01
1766682000000,94.06
1766685600000,91.71
1766689200000,91.03
1766692800000,92.7
1766696400000,96.15
1766700000000,91.47
1766703600000,97.1
1766707200000,91.05
1766710800000,85.82
1766714400000,83.05
1766718000000,82.39
1766721600000,82.84
1766725200000,85.02
1766728800000,93.12
1766732400000,98.9
1766736000000,96.73
1766739600000,89.25
1766743200000,84.99
1766746800000,82.31
1766750400000,83.1
1766754000000,92.7
1766757600000,109.14
1766761200000,116.77
1766764800000,120.47
1766768400000,116.97
1766772000000,116.26
1766775600000,113.73
1766779200000,111.5
1766782800000,108.26
1766786400000,99.37
1766790000000,96.69
1766793600000,91.73
1766797200000,84.71
1766800800000,82.72
1766804400000,84.0
1766808000000,83.17
1766811600000,88.02
1766815200000,99.51
1766818800000,102.32
1766822400000,93.81
1766826000000,80.03
1766829600000,75.4
1766833200000,74.54
1766836800000,76.74
1766840400000,81.2
1766844000000,94.54
1766847600000,103.01
1766851200000,105.93
1766854800000,108.43
1766858400000,105.0
1766862000000,102.59
1766865600000,93.9
1766869200000,95.42
1766872800000,91.3
1766876400000,84.34
1766880000000,83.37
1766883600000,79.96
1766887200000,78.82
1766890800000,80.45
1766894400000,83.61
1766898000000,86.48
1766901600000,92.15
1766905200000,97.36
1766908800000,96.57
1766912400000,88.21
1766916000000,88.37
1766919600000,80.02
1766923200000,80.03
1766926800000,86.68
1766930400000,100.87
1766934000000,110.88
1766937600000,113.7
1766941200000,114.46
1766944800000,109.33
1766948400000,105.01
1766952000000,99.03
1766955600000,98.28
1766959200000,88.44
1766962800000,89.88
1766966400000,84.98
1766970000000,84.18
1766973600000,82.19
1766977200000,83.62
1766980800000,90.79
1766984400000,96.33
1766988000000,104.72
1766991600000,113.88
1766995200000,111.01
1766998800000,97.65
1767002400000,90.35
1767006000000,87.66
1767009600000,88.52
1767013200000,96.1
1767016800000,103.51
1767020400000,108.66
1767024000000,107.01
1767027600000,103.31
1767031200000,95.15
1767034800000,90.37
1767038400000,83.25
1767042000000,87.91
1767045600000,83.34
1767049200000,77.86
1767052800000,73.22
1767056400000,71.86
1767060000000,69.36
1767063600000,68.54
1767067200000,71.99
1767070800000,80.02
1767074400000,87.97
1767078000000,94.88
1767081600000,94.39
1767085200000,85.82
1767088800000,79.38
1767092400000,76.16
1767096000000,76.76
1767099600000,88.97
1767103200000,102.33
1767106800000,109.1
1767110400000,110.71
1767114000000,109.12
1767117600000,105.61
1767121200000,101.04
1767124800000,93.32
1767128400000,92.05
1767132000000,85.81
1767135600000,88.08
1767139200000,84.34
1767142800000,80.21
1767146400000,76.58
1767150000000,74.93
1767153600000,77.38
1767157200000,81.87
1767160800000,85.28
1767164400000,95.79
1767168000000,95.34
1767171600000,89.26
1767175200000,83.48
1767178800000,83.05
1767182400000,85.17
1767186000000,85.18
1767189600000,90.83
1767193200000,100.71
1767196800000,110.1
1767200400000,107.53
1767204000000,95.99
1767207600000,86.8
1767211200000,79.8
1767214800000,81.39
1767218400000,76.45
1767222000000,58.28
1767225600000,42.4
1767229200000,19.57
1767232800000,6.29
1767236400000,3.09
1767240000000,0.83
1767243600000,0.05
1767247200000,0.02
1767250800000,0.06
1767254400000,0.0
1767258000000,0.0
1767261600000,0.0
1767265200000,-0.01
1767268800000,-0.01
1767272400000,0.02
1767276000000,3.51
1767279600000,10.34
1767283200000,21.8
1767286800000,23.13
1767290400000,18.09
1767294000000,10.04
1767297600000,8.95
1767301200000,7.37
1767304800000,0.29
1767308400000,9.68
1767312000000,3.01
1767315600000,1.81
1767319200000,0.25
1767322800000,1.73
1767326400000,12.0
1767330000000,21.8
1767333600000,50.97
1767337200000,68.87
1767340800000,71.2
1767344400000,57.89
1767348000000,55.93
1767351600000,58.0
1767355200000,66.95
1767358800000,70.12
1767362400000,77.5
1767366000000,82.46
1767369600000,85.44
1767373200000,88.34
1767376800000,88.57
1767380400000,89.15
1767384000000,83.52
1767387600000,85.59
1767391200000,81.83
1767394800000,80.16
1767398400000,78.33
1767402000000,75.82
1767405600000,74.82
1767409200000,73.02
1767412800000,74.99
1767416400000,75.91
1767420000000,79.31
1767423600000,90.69
1767427200000,94.09
1767430800000,93.31
1767434400000,88.71
1767438000000,87.41
1767441600000,86.6
1767445200000,89.68
1767448800000,94.6
1767452400000,99.88
1767456000000,109.72
1767459600000,110.83
1767463200000,104.76
1767466800000,97.63
1767470400000,91.12
1767474000000,90.71
1767477600000,86.02
1767481200000,88.82
1767484800000,85.33
1767488400000,85.04
1767492000000,83.74
1767495600000,82.56
1767499200000,83.41
1767502800000,83.8
1767506400000,86.48
1767510000000,88.12
1767513600000,94.3
1767517200000,94.76
1767520800000,90.88
1767524400000,89.54
1767528000000,86.78
1767531600000,92.68
1767535200000,93.2
1767538800000,100.59
1767542400000,118.43
1767546000000,121.18
1767549600000,119.72
1767553200000,112.45
1767556800000,99.7
1767560400000,95.77
1767564000000,89.21
1767567600000,92.45
1767571200000,88.85
1767574800000,86.51
1767578400000,86.31
1767582000000,87.5
1767585600000,90.86
1767589200000,109.02
1767592800000,129.31
1767596400000,151.18
1767600000000,152.15
1767603600000,145.63
1767607200000,136.57
1767610800000,134.3
1767614400000,134.3
1767618000000,140.15
1767621600000,148.99
1767625200000,180.71
1767628800000,223.43
1767632400000,213.59
1767636000000,182.8
1767639600000,147.03
1767643200000,129.1
1767646800000,123.85
1767650400000,111.3
1767654000000,104.7
1767657600000,104.6
1767661200000,101.55
1767664800000,100.09
1767668400000,102.45
1767672000000,107.0
1767675600000,121.29
1767679200000,138.5
1767682800000,164.19
1767686400000,168.82
1767690000000,154.84
1767693600000,147.27
1767697200000,134.43
1767700800000,130.2
1767704400000,130.7
1767708000000,136.99
1767711600000,145.01
1767715200000,152.99
1767718800000,148.27
1767722400000,139.12
1767726000000,121.6
1767729600000,108.56
1767733200000,102.22
1767736800000,92.82
1767740400000,93.99
1767744000000,88.61
1767747600000,85.04
1767751200000,81.65
1767754800000,80.78
1767758400000,84.88
1767762000000,92.77
1767765600000,99.2
1767769200000,109.35
1767772800000,112.13
1767776400000,108.31
1767780000000,99.94
1767783600000,96.34
1767787200000,93.16
1767790800000,95.23
1767794400000,101.84
1767798000000,106.38
1767801600000,125.19
1767805200000,124.1
1767808800000,116.73
1767812400000,108.73
1767816000000,98.46
1767819600000,93.96
1767823200000,88.76
1767826800000,84.08
1767830400000,83.08
1767834000000,84.52
1767837600000,82.47
1767841200000,85.27
1767844800000,87.89
1767848400000,97.88
1767852000000,126.71
1767855600000,168.81
1767859200000,192.72
1767862800000,207.93
1767866400000,213.11
1767870000000,220.27
1767873600000,236.22
1767877200000,264.59
1767880800000,264.42
1767884400000,259.49
1767888000000,233.85
1767891600000,199.4
1767895200000,139.25
1767898800000,102.13
1767902400000,94.48
1767906000000,91.31
1767909600000,79.04
1767913200000,78.96
1767916800000,70.69
1767920400000,57.35
1767924000000,50.84
1767927600000,47.85
1767931200000,56.57
1767934800000,72.61
1767938400000,84.3
1767942000000,89.76
1767945600000,89.15
1767949200000,93.93
1767952800000,85.8
1767956400000,83.01
1767960000000,82.85
1767963600000,82.84
1767967200000,85.25
1767970800000,87.57
1767974400000,92.52
1767978000000,91.66
1767981600000,87.28
1767985200000,82.8
1767988800000,80.36
1767992400000,80.35
1767996000000,74.51
1767999600000,72.79
1768003200000,69.78
1768006800000,66.24
1768010400000,66.54
1768014000000,66.51
1768017600000,68.46
1768021200000,69.96
1768024800000,76.67
1768028400000,85.03
1768032000000,92.36
1768035600000,97.6
1768039200000,101.56
1768042800000,101.57
1768046400000,104.82
1768050000000,111.44
1768053600000,117.72
1768057200000,128.01
1768060800000,139.53
1768064400000,136.91
1768068000000,128.31
1768071600000,120.49
1768075200000,113.21
1768078800000,107.68
1768082400000,98.2
1768086000000,96.9
1768089600000,92.75
1768093200000,88.04
1768096800000,84.86
1768100400000,82.68
1768104000000,82.26
1768107600000,81.6
1768111200000,84.26
1768114800000,92.06
1768118400000,103.1
1768122000000,100.68
1768125600000,99.92
1768129200000,97.09
1768132800000,96.52
1768136400000,98.88
1768140000000,101.28
1768143600000,111.76
1768147200000,116.25
1768150800000,112.25
1768154400000,106.21
1768158000000,96.04
1768161600000,95.01
1768165200000,93.02
1768168800000,85.23
1768172400000,81.26
1768176000000,81.19
1768179600000,79.04
1768183200000,77.31
1768186800000,76.59
1768190400000,80.16
1768194000000,86.92
1768197600000,97.87
1768201200000,115.62
1768204800000,129.85
1768208400000,124.4
1768212000000,129.87
1768215600000,129.96
1768219200000,132.76
1768222800000,128.37
1768226400000,131.71
1768230000000,119.58
1768233600000,119.6
1768237200000,116.5
1768240800000,102.34
1768244400000,93.48
1768248000000,91.8
1768251600000,92.17
1768255200000,86.05
1768258800000,84.3
1768262400000,82.69
1768266000000,82.69
1768269600000,84.12
1768273200000,86.75
1768276800000,88.73
1768280400000,97.55
1768284000000,116.03
1768287600000,129.81
1768291200000,132.52
1768294800000,142.2
1768298400000,123.85
1768302000000,117.68
1768305600000,112.98
1768309200000,122.22
1768312800000,120.52
1768316400000,122.15
1768320000000,122.33
1768323600000,113.35
1768327200000,98.74
1768330800000,90.95
1768334400000,92.21
1768338000000,90.0
1768341600000,82.67
1768345200000,85.56
1768348800000,84.3
1768352400000,85.88
1768356000000,86.16
1768359600000,87.65
1768363200000,89.86
1768366800000,95.15
1768370400000,105.14
1768374000000,128.96
1768377600000,132.03
1768381200000,116.45
1768384800000,107.53
1768388400000,103.48
1768392000000,103.6
1768395600000,118.22
1768399200000,144.63
1768402800000,152.86
1768406400000,200.02
1768410000000,182.35
1768413600000,158.77
1768417200000,134.01
1768420800000,121.79
1768424400000,113.86
1768428000000,97.09
1768431600000,100.62
1768435200000,94.05
1768438800000,89.34
1768442400000,84.81
1768446000000,82.93
1768449600000,86.0
1768453200000,98.2
1768456800000,105.12
1768460400000,104.98
1768464000000,101.41
1768467600000,100.4
1768471200000,97.86
1768474800000,95.28
1768478400000,100.62
1768482000000,105.65
1768485600000,123.1
1768489200000,135.37
1768492800000,145.5
1768496400000,119.75
1768500000000,105.49
1768503600000,98.16
1768507200000,91.0
1768510800000,88.39
1768514400000,81.16
1768518000000,81.05
1768521600000,75.0
1768525200000,70.57
1768528800000,67.23
1768532400000,71.38
1768536000000,82.05
1768539600000,90.72
1768543200000,98.6
1768546800000,109.31
1768550400000,108.93
1768554000000,103.03
1768557600000,99.79
1768561200000,99.2
1768564800000,99.31
1768568400000,113.2
1768572000000,141.0
1768575600000,162.68
1768579200000,170.33
1768582800000,162.44
1768586400000,154.18
1768590000000,134.0
1768593600000,117.61
1768597200000,117.71
1768600800000,104.17
1768604400000,104.66
1768608000000,101.29
1768611600000,98.23
1768615200000,96.14
1768618800000,95.19
1768622400000,95.24
1768626000000,95.85
1768629600000,99.19
1768633200000,105.97
1768636800000,116.66
1768640400000,115.1
1768644000000,111.61
1768647600000,111.95
1768651200000,108.64
1768654800000,112.82
1768658400000,122.77
1768662000000,135.78
1768665600000,140.91
1768669200000,142.85
1768672800000,138.59
1768676400000,120.79
1768680000000,107.8
1768683600000,109.15
1768687200000,107.02
1768690800000,110.72
1768694400000,109.19
1768698000000,107.39
1768701600000,102.54
1768705200000,102.24
1768708800000,102.08
1768712400000,101.05
1768716000000,100.61
1768719600000,105.68
1768723200000,107.42
1768726800000,101.91
1768730400000,98.48
1768734000000,96.86
1768737600000,96.96
1768741200000,100.85
1768744800000,105.55
1768748400000,114.88
1768752000000,129.99
1768755600000,142.2
1768759200000,136.67
1768762800000,123.05
1768766400000,110.63
1768770000000,114.28
1768773600000,103.73
1768777200000,101.15
1768780800000,100.44
1768784400000,100.83
1768788000000,100.44
1768791600000,100.13
1768795200000,102.53
1768798800000,126.38
1768802400000,161.08
1768806000000,175.98
1768809600000,161.94
1768813200000,135.92
1768816800000,120.53
1768820400000,117.56
1768824000000,125.0
1768827600000,144.35
1768831200000,170.04
1768834800000,194.89
1768838400000,208.23
1768842000000,200.06
1768845600000,180.96
1768849200000,157.39
1768852800000,135.17
1768856400000,126.4
1768860000000,112.47
1768863600000,115.06
1768867200000,114.34
1768870800000,110.36
1768874400000,109.87
1768878000000,113.17
1768881600000,125.28
1768885200000,190.11
1768888800000,240.88
1768892400000,262.78
1768896000000,179.54
1768899600000,132.17
1768903200000,107.95
1768906800000,103.62
1768910400000,105.76
1768914000000,136.72
1768917600000,178.26
1768921200000,276.74
1768924800000,249.63
1768928400000,193.93
1768932000000,181.92
1768935600000,155.1
1768939200000,139.89
1768942800000,117.19
1768946400000,107.84
1768950000000,101.49
1768953600000,101.72
1768957200000,98.76
1768960800000,100.91
1768964400000,98.85
1768968000000,98.69
1768971600000,107.87
1768975200000,160.0
1768978800000,176.4
1768982400000,142.89
1768986000000,118.3
1768989600000,100.99
1768993200000,99.13
1768996800000,103.48
1769000400000,108.62
1769004000000,126.93
1769007600000,145.04
1769011200000,139.11
1769014800000,138.91
1769018400000,127.83
1769022000000,105.45
1769025600000,102.44
1769029200000,104.76
1769032800000,99.38
1769036400000,92.8
1769040000000,92.53
1769043600000,91.45
1769047200000,91.82
1769050800000,92.85
1769054400000,93.19
1769058000000,100.68
1769061600000,125.52
1769065200000,137.12
1769068800000,114.42
1769072400000,95.26
1769076000000,89.08
1769079600000,83.86
1769083200000,88.07
1769086800000,94.91
1769090400000,107.78
1769094000000,130.9
1769097600000,136.37
1769101200000,129.67
1769104800000,121.57
1769108400000,109.35
1769112000000,106.95
1769115600000,103.32
1769119200000,97.31
1769122800000,97.89
1769126400000,97.25
1769130000000,95.95
1769133600000,95.0
1769137200000,95.62
1769140800000,97.0
1769144400000,108.2
1769148000000,133.0
1769151600000,152.94
1769155200000,142.49
1769158800000,115.38
1769162400000,100.13
1769166000000,96.21
1769169600000,95.76
1769173200000,97.08
1769176800000,108.77
1769180400000,124.05
1769184000000,136.08
1769187600000,128.48
1769191200000,116.8
1769194800000,107.22
1769198400000,103.96
1769202000000,104.79
1769205600000,97.0
1769209200000,99.8
1769212800000,99.04
1769216400000,98.32
1769220000000,97.83
1769223600000,97.55
1769227200000,98.91
1769230800000,100.4
1769234400000,104.06
1769238000000,111.0
1769241600000,123.09
1769245200000,119.24
1769248800000,110.3
1769252400000,106.22
1769256000000,101.87
1769259600000,105.12
1769263200000,118.23
1769266800000,131.91
1769270400000,146.72
1769274000000,141.75
1769277600000,131.93
1769281200000,118.67
1769284800000,110.54
1769288400000,110.31
1769292000000,104.15
1769295600000,101.44
1769299200000,101.76
1769302800000,101.32
1769306400000,101.77
1769310000000,100.86
1769313600000,100.51
1769317200000,99.97
1769320800000,102.06
1769324400000,103.76
1769328000000,108.89
1769331600000,113.19
1769335200000,116.02
1769338800000,120.03
1769342400000,116.11
1769346000000,114.32
1769349600000,111.75
1769353200000,116.9
1769356800000,131.21
1769360400000,137.38
1769364000000,132.58
1769367600000,124.02
1769371200000,114.02
1769374800000,111.94
1769378400000,104.49
1769382000000,103.93
1769385600000,101.11
1769389200000,98.73
1769392800000,95.85
1769396400000,95.03
1769400000000,97.19
1769403600000,114.28
1769407200000,153.2
1769410800000,175.13
1769414400000,177.97
1769418000000,178.01
1769421600000,170.34
1769425200000,156.03
1769428800000,149.39
1769432400000,147.78
1769436000000,159.97
1769439600000,166.33
1769443200000,178.7
1769446800000,178.02
1769450400000,169.97
1769454000000,154.17
1769457600000,137.11
1769461200000,121.5
1769464800000,111.68
1769468400000,118.77
1769472000000,113.7
1769475600000,112.16
1769479200000,111.49
1769482800000,110.55
1769486400000,111.65
1769490000000,133.61
1769493600000,159.88
1769497200000,176.64
1769500800000,171.2
1769504400000,148.46
1769508000000,133.29
1769511600000,123.03
1769515200000,112.49
1769518800000,131.08
1769522400000,127.45
1769526000000,132.98
1769529600000,152.62
1769533200000,141.14
1769536800000,138.88
1769540400000,121.59
1769544000000,119.37
1769547600000,120.7
1769551200000,111.85
1769554800000,105.48
1769558400000,104.47
1769562000000,104.47
1769565600000,102.24
1769569200000,104.71
1769572800000,106.6
1769576400000,113.7
1769580000000,143.6
1769583600000,171.0
1769587200000,173.65
1769590800000,172.33
1769594400000,166.24
1769598000000,157.09
1769601600000,147.91
1769605200000,145.04
1769608800000,141.14
1769612400000,147.13
1769616000000,164.22
1769619600000,170.43
1769623200000,161.23
1769626800000,134.27
1769630400000,119.01
1769634000000,117.0
1769637600000,110.96
1769641200000,104.55
1769644800000,104.0
1769648400000,101.88
1769652000000,100.02
1769655600000,100.93
1769659200000,104.64
1769662800000,116.12
1769666400000,149.6
1769670000000,165.68
1769673600000,168.04
1769677200000,160.68
1769680800000,152.79
1769684400000,143.04
1769688000000,142.82
1769691600000,142.99
1769695200000,147.61
1769698800000,153.1
1769702400000,159.48
1769706000000,157.24
1769709600000,150.04
1769713200000,126.56
1769716800000,113.57
1769720400000,109.32
1769724000000,102.98
1769727600000,111.07
1769731200000,103.31
1769734800000,100.85
1769738400000,97.39
1769742000000,97.3
1769745600000,96.28
1769749200000,111.13
1769752800000,131.78
1769756400000,143.76
1769760000000,147.04
1769763600000,132.63
1769767200000,126.1
1769770800000,118.21
1769774400000,110.39
1769778000000,110.32
1769781600000,111.2
1769785200000,114.94
1769788800000,124.81
1769792400000,122.89
1769796000000,113.09
1769799600000,108.6
1769803200000,101.68
1769806800000,101.09
1769810400000,92.7
1769814000000,96.95
1769817600000,97.38
1769821200000,94.51
1769824800000,94.08
1769828400000,93.32
1769832000000,94.06
1769835600000,93.45
1769839200000,92.9
1769842800000,103.96
1769846400000,109.06
1769850000000,114.22
1769853600000,113.47
1769857200000,111.28
1769860800000,107.39
1769864400000,110.3
1769868000000,113.17
1769871600000,119.36
1769875200000,134.61
1769878800000,138.04
1769882400000,133.95
1769886000000,125.65
1769889600000,114.21
1769893200000,114.15
1769896800000,105.9
1769900400000,96.09
1769904000000,94.01
1769907600000,98.4
1769911200000,96.06
1769914800000,98.31
1769918400000,98.22
1769922000000,96.02
1769925600000,99.5
1769929200000,105.26
1769932800000,109.23
1769936400000,109.85
1769940000000,108.16
1769943600000,107.13
1769947200000,100.39
1769950800000,102.24
1769954400000,108.96
1769958000000,114.67
1769961600000,129.49
1769965200000,136.84
1769968800000,137.39
1769972400000,125.59
1769976000000,113.86
1769979600000,113.89
1769983200000,106.55
1769986800000,99.59
1769990400000,97.99
1769994000000,95.09
1769997600000,91.0
1770001200000,91.73
1770004800000,94.72
1770008400000,106.57
1770012000000,122.89
1770015600000,136.87
1770019200000,140.16
1770022800000,124.54
1770026400000,114.67
1770030000000,109.21
1770033600000,104.0
1770037200000,102.9
1770040800000,105.08
1770044400000,109.78
1770048000000,118.2
1770051600000,118.97
1770055200000,105.0
1770058800000,102.26
1770062400000,102.02
1770066000000,101.23
1770069600000,91.38
1770073200000,91.72
1770076800000,89.37
1770080400000,84.01
1770084000000,79.94
1770087600000,76.84
1770091200000,82.16
1770094800000,91.16
1770098400000,97.69
1770102000000,106.27
1770105600000,108.23
1770109200000,99.94
1770112800000,90.83
1770116400000,87.95
1770120000000,89.91
1770123600000,93.15
1770127200000,100.41
1770130800000,106.62
1770134400000,125.77
1770138000000,126.35
1770141600000,123.23
1770145200000,112.9
1770148800000,103.29
1770152400000,100.9
1770156000000,94.81
1770159600000,95.0
1770163200000,92.79
1770166800000,92.96
1770170400000,94.62
1770174000000,93.96
1770177600000,96.59
1770181200000,105.29
1770184800000,122.94
1770188400000,131.61
1770192000000,122.67
1770195600000,110.0
1770199200000,98.71
1770202800000,91.91
1770206400000,91.38
1770210000000,96.08
1770213600000,102.88
1770217200000,114.18
1770220800000,124.62
1770224400000,117.04
1770228000000,104.52
1770231600000,96.29
1770235200000,94.75
1770238800000,93.82
1770242400000,86.31
1770246000000,90.3
1770249600000,88.44
1770253200000,87.43
1770256800000,87.8
1770260400000,89.57
1770264000000,91.51
1770267600000,102.85
1770271200000,113.32
1770274800000,125.37
1770278400000,121.52
1770282000000,118.19
1770285600000,121.07
1770289200000,108.25
1770292800000,109.76
1770296400000,110.1
1770300000000,116.98
1770303600000,126.0
1770307200000,140.5
1770310800000,136.64
1770314400000,132.91
1770318000000,120.81
1770321600000,107.78
1770325200000,105.88
1770328800000,100.04
1770332400000,99.31
1770336000000,99.13
1770339600000,98.09
1770343200000,98.23
1770346800000,98.74
1770350400000,102.33
1770354000000,115.42
1770357600000,139.46
1770361200000,144.74
1770364800000,144.2
1770368400000,142.09
1770372000000,138.91
1770375600000,136.21
1770379200000,135.89
1770382800000,135.67
1770386400000,139.47
1770390000000,133.96
1770393600000,137.19
1770397200000,132.19
1770400800000,125.63
1770404400000,110.98
1770408000000,108.85
1770411600000,106.26
1770415200000,102.24
1770418800000,101.49
1770422400000,100.0
1770426000000,98.04
1770429600000,96.89
1770433200000,96.4
1770436800000,96.73
1770440400000,97.1
1770444000000,105.55
1770447600000,114.08
1770451200000,117.98
1770454800000,110.06
1770458400000,104.53
1770462000000,100.12
1770465600000,97.39
1770469200000,99.93
1770472800000,106.33
1770476400000,120.29
1770480000000,134.04
1770483600000,135.33
1770487200000,127.5
1770490800000,113.4
1770494400000,104.39
1770498000000,104.07
1770501600000,98.76
1770505200000,102.04
1770508800000,99.05
1770512400000,97.57
1770516000000,96.43
1770519600000,94.86
1770523200000,95.75
1770526800000,95.0
1770530400000,95.81
1770534000000,100.35
1770537600000,101.99
1770541200000,102.65
1770544800000,99.6
1770548400000,96.57
1770552000000,95.45
1770555600000,97.22
1770559200000,103.32
1770562800000,111.79
1770566400000,127.63
1770570000000,131.27
1770573600000,126.91
1770577200000,113.28
1770580800000,107.63
1770584400000,105.14
1770588000000,99.98
1770591600000,96.75
1770595200000,95.45
1770598800000,95.7
1770602400000,95.47
1770606000000,96.57
1770609600000,104.74
1770613200000,132.24
1770616800000,158.59
1770620400000,182.71
1770624000000,169.21
1770627600000,157.29
1770631200000,144.38
1770634800000,137.07
1770638400000,135.03
1770642000000,137.66
1770645600000,149.08
1770649200000,168.98
1770652800000,227.21
1770656400000,182.23
1770660000000,165.81
1770663600000,144.13
1770667200000,134.6
1770670800000,122.9
1770674400000,108.92
1770678000000,104.64
1770681600000,103.75
1770685200000,102.75
1770688800000,102.44
1770692400000,102.44
1770696000000,105.43
1770699600000,119.92
1770703200000,134.89
1770706800000,143.83
1770710400000,132.08
1770714000000,129.09
1770717600000,119.44
1770721200000,109.22
1770724800000,109.47
1770728400000,116.22
1770732000000,128.11
1770735600000,127.66
1770739200000,135.24
1770742800000,131.71
1770746400000,120.33
1770750000000,111.25
1770753600000,107.16
1770757200000,106.69
1770760800000,100.53
1770764400000,96.78
1770768000000,96.63
1770771600000,95.61
1770775200000,94.68
1770778800000,94.85
1770782400000,99.14
1770786000000,110.48
1770789600000,129.0
1770793200000,137.07
1770796800000,131.44
1770800400000,127.5
1770804000000,125.94
1770807600000,115.86
1770811200000,116.7
1770814800000,116.7
1770818400000,118.19
1770822000000,122.32
1770825600000,127.9
1770829200000,125.47
1770832800000,112.02
1770836400000,104.93
1770840000000,104.38
1770843600000,102.0
1770847200000,95.31
1770850800000,88.19
1770854400000,87.58
1770858000000,86.2
1770861600000,84.89
1770865200000,86.01
1770868800000,89.43
1770872400000,99.86
1770876000000,116.01
1770879600000,123.07
1770883200000,121.21
1770886800000,117.52
1770890400000,111.15
1770894000000,105.52
1770897600000,103.56
1770901200000,105.21
1770904800000,107.98
1770908400000,110.79
1770912000000,123.05
1770915600000,125.66
1770919200000,120.87
1770922800000,109.1
1770926400000,99.69
1770930000000,97.18
1770933600000,89.33
1770937200000,83.86
1770940800000,83.66
1770944400000,82.22
1770948000000,81.86
1770951600000,83.35
1770955200000,87.19
1770958800000,98.73
1770962400000,117.73
1770966000000,123.85
1770969600000,119.15
1770973200000,106.39
1770976800000,101.03
1770980400000,97.3
1770984000000,97.5
1770987600000,102.09
1770991200000,118.1
1770994800000,125.91
1770998400000,131.99
1771002000000,136.02
1771005600000,131.89
1771009200000,126.0
1771012800000,117.58
1771016400000,109.95
1771020000000,100.86
1771023600000,96.99
1771027200000,91.83
1771030800000,89.09
1771034400000,88.67
1771038000000,87.51
1771041600000,88.75
1771045200000,90.22
1771048800000,93.12
1771052400000,101.83
1771056000000,107.49
1771059600000,103.97
1771063200000,98.16
1771066800000,95.16
1771070400000,93.97
1771074000000,97.11
1771077600000,104.95
1771081200000,116.89
1771084800000,126.1
1771088400000,131.93
1771092000000,128.72
1771095600000,123.19
1771099200000,116.98
1771102800000,111.2
1771106400000,101.1
1771110000000,101.78
1771113600000,99.95
1771117200000,100.76
1771120800000,98.02
1771124400000,96.52
1771128000000,94.36
1771131600000,94.17
1771135200000,96.12
1771138800000,96.8
1771142400000,93.07
1771146000000,83.02
1771149600000,74.72
1771153200000,67.37
1771156800000,64.41
1771160400000,64.42
1771164000000,71.95
1771167600000,84.21
1771171200000,96.39
1771174800000,98.2
1771178400000,83.61
1771182000000,71.0
1771185600000,67.26
1771189200000,65.62
1771192800000,58.04
1771196400000,68.93
1771200000000,65.38
1771203600000,64.41
1771207200000,64.41
1771210800000,66.05
1771214400000,69.99
1771218000000,79.33
1771221600000,94.07
1771225200000,101.03
1771228800000,104.43
1771232400000,101.54
1771236000000,94.86
1771239600000,92.0
1771243200000,94.4
1771246800000,96.01
1771250400000,104.08
1771254000000,115.3
1771257600000,130.36
1771261200000,129.12
1771264800000,126.36
1771268400000,115.63
1771272000000,103.9
1771275600000,101.92
1771279200000,92.76
1771282800000,87.02
1771286400000,85.1
1771290000000,84.78
1771293600000,85.65
1771297200000,84.82
1771300800000,88.84
1771304400000,102.72
1771308000000,114.33
1771311600000,114.86
1771315200000,110.84
1771318800000,102.4
1771322400000,93.06
1771326000000,83.94
1771329600000,82.29
1771333200000,82.42
1771336800000,86.38
1771340400000,94.08
1771344000000,110.8
1771347600000,126.98
1771351200000,126.6
1771354800000,111.23
1771358400000,99.95
1771362000000,93.23
1771365600000,89.61
1771369200000,95.63
1771372800000,93.56
1771376400000,93.29
1771380000000,92.68
1771383600000,93.42
1771387200000,101.2
1771390800000,122.51
1771394400000,175.69
1771398000000,186.09
1771401600000,135.64
1771405200000,115.88
1771408800000,106.22
1771412400000,101.33
1771416000000,100.5
1771419600000,103.64
1771423200000,114.09
1771426800000,122.08
1771430400000,140.41
1771434000000,142.6
1771437600000,119.84
1771441200000,102.67
1771444800000,96.14
1771448400000,95.1
1771452000000,89.47
1771455600000,83.78
1771459200000,81.85
1771462800000,81.93
1771466400000,81.45
1771470000000,77.66
1771473600000,84.15
1771477200000,87.11
1771480800000,89.24
1771484400000,96.95
1771488000000,103.61
1771491600000,101.0
1771495200000,95.11
1771498800000,91.0
1771502400000,90.1
1771506000000,90.16
1771509600000,92.59
1771513200000,96.39
1771516800000,105.69
1771520400000,113.52
1771524000000,111.38
1771527600000,100.49
1771531200000,98.12
1771534800000,92.1
1771538400000,85.19
1771542000000,86.06
1771545600000,85.93
1771549200000,85.44
1771552800000,84.88
1771556400000,84.42
1771560000000,90.27
1771563600000,104.83
1771567200000,113.78
1771570800000,116.14
1771574400000,109.18
1771578000000,91.1
1771581600000,83.68
1771585200000,81.01
1771588800000,79.6
1771592400000,79.96
1771596000000,83.47
1771599600000,91.86
1771603200000,101.44
1771606800000,93.78
1771610400000,82.99
1771614000000,78.72
1771617600000,68.0
1771621200000,64.64
1771624800000,46.81
1771628400000,52.44
1771632000000,46.64
1771635600000,43.46
1771639200000,41.66
1771642800000,38.98
1771646400000,39.48
1771650000000,35.86
1771653600000,46.99
1771657200000,56.05
1771660800000,58.04
1771664400000,59.53
1771668000000,55.39
1771671600000,50.53
1771675200000,45.16
1771678800000,56.0
1771682400000,68.88
1771686000000,81.94
1771689600000,98.64
1771693200000,108.31
1771696800000,101.17
1771700400000,89.1
1771704000000,82.81
1771707600000,76.59
1771711200000,66.71
1771714800000,56.68
1771718400000,52.51
1771722000000,44.06
1771725600000,40.96
1771729200000,39.02
1771732800000,38.29
1771736400000,34.88
1771740000000,41.5
1771743600000,47.36
1771747200000,55.46
1771750800000,55.1
1771754400000,53.96
1771758000000,50.58
1771761600000,45.08
1771765200000,43.31
1771768800000,47.94
1771772400000,56.93
1771776000000,75.95
1771779600000,79.44
1771783200000,75.12
1771786800000,68.52
1771790400000,67.69
1771794000000,70.41
1771797600000,51.95
1771801200000,45.35
1771804800000,45.51
1771808400000,43.98
1771812000000,44.92
1771815600000,45.15
1771819200000,56.07
1771822800000,77.76
1771826400000,95.96
1771830000000,99.04
1771833600000,87.47
1771837200000,67.02
1771840800000,48.85
1771844400000,7.88
1771848000000,2.9
1771851600000,34.89
1771855200000,58.51
1771858800000,79.51
1771862400000,96.09
1771866000000,107.27
1771869600000,110.9
1771873200000,98.02
1771876800000,97.24
1771880400000,95.86
1771884000000,87.29
1771887600000,82.36
1771891200000,83.96
1771894800000,85.98
1771898400000,86.45
1771902000000,88.21
1771905600000,94.17
1771909200000,111.12
1771912800000,133.1
1771916400000,147.48
1771920000000,140.72
1771923600000,128.77
1771927200000,111.4
1771930800000,100.19
1771934400000,99.3
1771938000000,95.01
1771941600000,107.07
1771945200000,125.81
1771948800000,182.22
1771952400000,184.05
1771956000000,144.42
1771959600000,118.96
1771963200000,108.73
1771966800000,101.71
1771970400000,93.9
1771974000000,92.14
1771977600000,87.4
1771981200000,84.83
1771984800000,88.1
1771988400000,88.61
1771992000000,93.17
1771995600000,113.82
1771999200000,130.73
1772002800000,119.85
1772006400000,107.18
1772010000000,90.83
1772013600000,79.85
1772017200000,65.8
1772020800000,60.2
1772024400000,67.85
1772028000000,80.98
1772031600000,101.37
1772035200000,118.64
1772038800000,121.77
1772042400000,107.15
1772046000000,94.26
1772049600000,87.28
1772053200000,86.83
1772056800000,79.12
1772060400000,76.42
1772064000000,72.39
1772067600000,68.74
1772071200000,67.93
1772074800000,67.38
1772078400000,75.86
1772082000000,100.82
1772085600000,110.1
1772089200000,97.45
1772092800000,80.43
1772096400000,67.85
1772100000000,53.35
1772103600000,20.04
1772107200000,14.05
1772110800000,44.64
1772114400000,71.31
1772118000000,94.73
1772121600000,111.14
1772125200000,113.1
1772128800000,107.99
1772132400000,93.45
1772136000000,84.08
1772139600000,80.46
1772143200000,71.58
1772146800000,55.15
1772150400000,56.01
1772154000000,57.3
1772157600000,60.0
1772161200000,61.8
1772164800000,65.99
1772168400000,76.57
1772172000000,88.53
1772175600000,79.33
1772179200000,64.42
1772182800000,31.55
1772186400000,0.97
1772190000000,-0.01
1772193600000,-0.01
1772197200000,7.74
1772200800000,59.75
1772204400000,92.0
1772208000000,115.2
1772211600000,118.1
1772215200000,109.25
1772218800000,100.03
1772222400000,90.96
1772226000000,87.51
1772229600000,80.0
1772233200000,80.02
1772236800000,76.3
1772240400000,74.73
1772244000000,71.78
1772247600000,71.89
1772251200000,72.25
1772254800000,72.92
1772258400000,76.29
1772262000000,57.12
1772265600000,17.8
1772269200000,-0.01
1772272800000,-0.03
1772276400000,-0.25
1772280000000,-0.22
1772283600000,-0.01
1772287200000,14.86
1772290800000,65.65
1772294400000,89.94
1772298000000,95.19
1772301600000,85.17
1772305200000,69.12
1772308800000,64.67
1772312400000,64.66
1772316000000,60.67
1772319600000,47.65
1772323200000,51.55
1772326800000,54.25
1772330400000,57.07
1772334000000,61.09
1772337600000,65.18
1772341200000,66.01
1772344800000,65.0
1772348400000,52.54
1772352000000,19.98
1772355600000,0.0
1772359200000,-0.03
1772362800000,-0.37
1772366400000,-0.79
1772370000000,-0.01
1772373600000,25.95
1772377200000,74.84
1772380800000,103.76
1772384400000,110.2
1772388000000,101.69
1772391600000,90.74
1772395200000,81.32
1772398800000,74.66
1772402400000,68.15
1772406000000,65.13
1772409600000,66.95
1772413200000,69.01
1772416800000,69.57
1772420400000,74.03
1772424000000,85.03
1772427600000,100.17
1772431200000,138.65
1772434800000,124.86
1772438400000,89.46
1772442000000,69.9
1772445600000,53.56
1772449200000,29.07
1772452800000,40.25
1772456400000,64.03
1772460000000,84.99
1772463600000,109.15
1772467200000,173.5
1772470800000,188.0
1772474400000,143.61
1772478000000,107.69
1772481600000,96.47
1772485200000,96.8
1772488800000,88.9
1772492400000,89.06
1772496000000,90.12
1772499600000,89.43
1772503200000,92.82
1772506800000,95.72
1772510400000,103.32
1772514000000,136.05
1772517600000,156.4
1772521200000,136.78
1772524800000,99.52
1772528400000,78.17
1772532000000,55.92
1772535600000,32.37
1772539200000,35.66
1772542800000,64.15
1772546400000,86.77
1772550000000,114.18
1772553600000,158.62
1772557200000,204.26
1772560800000,173.37
1772564400000,131.73
1772568000000,116.18
1772571600000,111.32
1772575200000,104.7
1772578800000,129.01
1772582400000,127.82
1772586000000,125.32
1772589600000,124.74
1772593200000,128.2
1772596800000,141.16
1772600400000,200.3
1772604000000,267.49
1772607600000,193.35
1772611200000,150.76
1772614800000,110.42
1772618400000,78.3
1772622000000,42.5
1772625600000,32.98
1772629200000,65.41
1772632800000,99.11
1772636400000,137.21
1772640000000,244.27
1772643600000,310.86
1772647200000,239.63
1772650800000,169.86
1772654400000,151.88
1772658000000,142.24
1772661600000,124.81
1772665200000,116.49
1772668800000,109.93
1772672400000,109.26
1772676000000,108.79
1772679600000,111.06
1772683200000,126.93
1772686800000,154.39
1772690400000,175.55
1772694000000,139.33
1772697600000,97.09
1772701200000,64.15
1772704800000,22.96
1772708400000,2.12
1772712000000,2.82
1772715600000,38.83
1772719200000,90.0
1772722800000,137.75
1772726400000,180.38
1772730000000,192.02
1772733600000,165.0
1772737200000,135.25
1772740800000,130.59
1772744400000,130.14
1772748000000,119.7
1772751600000,104.13
1772755200000,106.0
1772758800000,108.52
1772762400000,109.53
1772766000000,115.5
1772769600000,129.66
1772773200000,157.29
1772776800000,177.02
1772780400000,138.29
1772784000000,111.96
1772787600000,96.5
1772791200000,66.71
1772794800000,52.64
1772798400000,48.65
1772802000000,73.94
1772805600000,107.07
1772809200000,130.4
1772812800000,177.44
1772816400000,229.55
1772820000000,189.77
1772823600000,153.11
1772827200000,134.19
1772830800000,127.24
1772834400000,126.07
1772838000000,135.16
1772841600000,130.68
1772845200000,125.67
1772848800000,124.39
1772852400000,124.75
1772856000000,129.58
1772859600000,135.62
1772863200000,129.56
1772866800000,112.9
1772870400000,102.79
1772874000000,74.45
1772877600000,30.54
1772881200000,13.03
1772884800000,1.42
1772888400000,18.18
1772892000000,83.29
1772895600000,126.32
1772899200000,147.37
1772902800000,180.87
1772906400000,166.73
1772910000000,148.2
1772913600000,137.61
1772917200000,134.2
1772920800000,130.65
1772924400000,135.99
1772928000000,132.73
1772931600000,131.19
1772935200000,130.09
1772938800000,129.33
1772942400000,129.64
1772946000000,131.1
1772949600000,116.99
1772953200000,108.56
1772956800000,90.72
1772960400000,62.94
1772964000000,18.03
1772967600000,8.33
1772971200000,-0.01
1772974800000,6.48
1772978400000,64.26
1772982000000,117.2
1772985600000,146.31
1772989200000,160.26
1772992800000,154.05
1772996400000,138.79
1773000000000,127.44
1773003600000,121.12
1773007200000,113.57
1773010800000,114.09
1773014400000,109.27
1773018000000,109.12
1773021600000,110.48
1773025200000,116.39
1773028800000,137.0
1773032400000,163.93
1773036000000,191.58
1773039600000,162.61
1773043200000,127.07
1773046800000,101.12
1773050400000,81.05
1773054000000,67.69
1773057600000,67.29
1773061200000,81.38
1773064800000,112.99
1773068400000,143.44
1773072000000,187.03
1773075600000,243.97
1773079200000,222.41
1773082800000,180.89
1773086400000,152.16
1773090000000,143.27
1773093600000,132.7
1773097200000,138.58
1773100800000,130.44
1773104400000,127.61
1773108000000,126.9
1773111600000,128.48
1773115200000,140.71
1773118800000,168.1
1773122400000,180.17
1773126000000,173.32
1773129600000,140.54
1773133200000,118.25
1773136800000,103.79
1773140400000,91.44
1773144000000,97.04
1773147600000,107.16
1773151200000,121.49
1773154800000,144.39
1773158400000,179.0
1773162000000,218.23
1773165600000,201.13
1773169200000,159.55
1773172800000,139.97
1773176400000,123.26
1773180000000,98.58
1773183600000,83.96
1773187200000,70.8
1773190800000,65.43
1773194400000,63.57
1773198000000,56.07
1773201600000,64.54
1773205200000,70.87
1773208800000,80.87
1773212400000,75.5
1773216000000,57.95
1773219600000,26.23
1773223200000,12.2
1773226800000,9.91
1773230400000,16.14
1773234000000,47.27
1773237600000,79.33
1773241200000,104.11
1773244800000,128.78
1773248400000,153.14
1773252000000,156.72
1773255600000,132.19
1773259200000,123.03
1773262800000,119.3
1773266400000,104.0
1773270000000,100.19
1773273600000,92.04
1773277200000,88.81
1773280800000,88.61
1773284400000,89.66
1773288000000,99.82
1773291600000,130.67
1773295200000,137.14
1773298800000,104.81
1773302400000,80.0
1773306000000,28.48
1773309600000,0.34
1773313200000,-1.09
1773316800000,-2.49
1773320400000,-0.9
1773324000000,3.6
1773327600000,51.17
1773331200000,108.58
1773334800000,114.87
1773338400000,106.0
1773342000000,86.57
1773345600000,69.79
1773349200000,62.55
1773352800000,17.9
1773356400000,6.29
1773360000000,4.1
1773363600000,2.89
1773367200000,1.15
1773370800000,1.46
1773374400000,2.91
1773378000000,8.46
1773381600000,19.94
1773385200000,6.41
1773388800000,-0.24
1773392400000,-5.0
1773396000000,-9.0
1773399600000,-8.35
1773403200000,-2.55
1773406800000,1.17
1773410400000,47.07
1773414000000,101.31
1773417600000,141.93
1773421200000,161.49
1773424800000,165.75
1773428400000,145.72
1773432000000,130.33
1773435600000,123.42
1773439200000,115.81
1773442800000,112.95
1773446400000,109.07
1773450000000,103.99
1773453600000,101.86
1773457200000,105.12
1773460800000,109.07
1773464400000,111.52
1773468000000,116.71
1773471600000,121.88
1773475200000,116.14
1773478800000,107.52
1773482400000,103.53
1773486000000,104.2
1773489600000,103.43
1773493200000,105.68
1773496800000,114.22
1773500400000,130.0
1773504000000,138.65
1773507600000,161.1
1773511200000,169.83
1773514800000,150.27
1773518400000,137.45
1773522000000,135.24
1773525600000,128.05
1773529200000,137.34
1773532800000,133.73
1773536400000,124.96
1773540000000,123.53
1773543600000,122.18
1773547200000,124.12
1773550800000,124.39
1773554400000,118.46
1773558000000,109.1
1773561600000,94.77
1773565200000,87.31
1773568800000,72.21
1773572400000,52.97
1773576000000,36.46
1773579600000,37.2
1773583200000,63.08
1773586800000,89.25
1773590400000,127.91
1773594000000,149.12
1773597600000,131.87
1773601200000,108.48
1773604800000,91.88
1773608400000,82.86
1773612000000,64.02
1773615600000,34.17
1773619200000,23.33
1773622800000,17.59
1773626400000,14.14
1773630000000,20.06
1773633600000,37.43
1773637200000,66.19
1773640800000,95.57
1773644400000,95.98
1773648000000,73.1
1773651600000,42.6
1773655200000,17.37
1773658800000,12.04
1773662400000,15.88
1773666000000,42.17
1773669600000,64.45
1773673200000,106.21
1773676800000,138.6
1773680400000,165.04
1773684000000,179.89
1773687600000,154.78
1773691200000,125.71
1773694800000,121.91
1773698400000,99.77
1773702000000,113.67
1773705600000,105.59
1773709200000,106.42
1773712800000,106.52
1773716400000,110.03
1773720000000,119.92
1773723600000,147.97
1773727200000,167.98
1773730800000,152.51
1773734400000,124.07
1773738000000,108.64
1773741600000,100.65
1773745200000,95.23
1773748800000,96.77
1773752400000,99.33
1773756000000,112.11
1773759600000,131.78
1773763200000,162.2
1773766800000,207.3
1773770400000,170.38
1773774000000,144.24
1773777600000,129.79
1773781200000,114.24
1773784800000,100.46
1773788400000,89.8
1773792000000,86.73
1773795600000,85.69
1773799200000,86.87
1773802800000,88.84
1773806400000,100.06
1773810000000,130.74
1773813600000,133.59
1773817200000,99.94
1773820800000,62.95
1773824400000,10.0
1773828000000,-1.62
1773831600000,-2.31
1773835200000,-2.71
1773838800000,0.22
1773842400000,47.19
1773846000000,107.03
1773849600000,145.21
1773853200000,177.62
1773856800000,170.2
1773860400000,148.49
1773864000000,132.06
1773867600000,123.78
1773871200000,113.38
1773874800000,109.25
1773878400000,112.64
1773882000000,113.99
1773885600000,115.53
1773889200000,123.28
1773892800000,132.78
1773896400000,160.13
1773900000000,158.24
1773903600000,138.6
1773907200000,90.9
1773910800000,55.3
1773914400000,7.87
1773918000000,0.0
1773921600000,2.53
1773925200000,43.72
1773928800000,85.95
1773932400000,120.35
1773936000000,152.18
1773939600000,209.27
1773943200000,214.38
1773946800000,163.37
1773950400000,149.04
1773954000000,139.55
1773957600000,132.24
1773961200000,143.56
1773964800000,137.96
1773968400000,135.64
1773972000000,137.48
1773975600000,138.91
1773979200000,154.59
1773982800000,192.3
1773986400000,197.64
1773990000000,161.3
1773993600000,132.01
1773997200000,101.09
1774000800000,78.47
1774004400000,65.61
1774008000000,65.61
1774011600000,87.4
1774015200000,117.16
1774018800000,144.68
1774022400000,174.82
1774026000000,211.01
1774029600000,212.31
1774033200000,180.03
1774036800000,163.05
1774040400000,151.85
1774044000000,148.13
1774047600000,142.4
1774051200000,138.34
1774054800000,136.09
1774058400000,132.06
1774062000000,131.19
1774065600000,137.67
1774069200000,142.34
1774072800000,139.66
1774076400000,127.27
1774080000000,100.58
1774083600000,76.47
1774087200000,45.9
1774090800000,23.49
1774094400000,24.27
1774098000000,62.93
1774101600000,90.0
1774105200000,115.67
1774108800000,146.03
1774112400000,171.62
1774116000000,163.11
1774119600000,141.83
1774123200000,126.88
1774126800000,120.24
1774130400000,108.0
1774134000000,100.41
1774137600000,95.76
1774141200000,94.2
1774144800000,95.26
1774148400000,98.6
1774152000000,101.66
1774155600000,100.11
1774159200000,84.71
1774162800000,41.33
1774166400000,6.77
1774170000000,-0.43
1774173600000,-4.36
1774177200000,-11.76
1774180800000,-10.31
1774184400000,-2.18
1774188000000,11.25
1774191600000,93.15
1774195200000,145.64
1774198800000,174.19
1774202400000,173.38
1774206000000,164.73
1774209600000,155.38
1774213200000,146.8
1774216800000,143.51
1774220400000,131.14
1774224000000,125.9
1774227600000,125.16
1774231200000,128.59
1774234800000,138.27
1774238400000,155.72
1774242000000,182.29
1774245600000,186.19
1774249200000,147.61
1774252800000,108.0
1774256400000,81.43
1774260000000,48.08
1774263600000,49.26
1774267200000,74.88
1774270800000,94.98
1774274400000,114.45
1774278000000,138.54
1774281600000,190.78
1774285200000,263.01
1774288800000,241.56
1774292400000,206.59
1774296000000,177.32
1774299600000,155.74
1774303200000,140.45
1774306800000,141.06
1774310400000,124.32
1774314000000,110.0
1774317600000,101.64
1774321200000,100.38
1774324800000,100.97
1774328400000,110.82
1774332000000,113.05
1774335600000,97.46
1774339200000,70.91
1774342800000,23.73
1774346400000,1.2
1774350000000,-0.01
1774353600000,-0.02
1774357200000,0.0
1774360800000,20.0
1774364400000,77.43
1774368000000,112.84
1774371600000,135.84
1774375200000,137.99
1774378800000,101.1
1774382400000,74.5
1774386000000,66.1
1774389600000,22.1
1774393200000,1.81
1774396800000,0.37
1774400400000,0.0
1774404000000,-0.01
1774407600000,-0.01
1774411200000,0.37
1774414800000,3.64
1774418400000,8.9
1774422000000,0.91
1774425600000,-0.03
1774429200000,-0.03
1774432800000,-0.01
1774436400000,-0.01
1774440000000,-0.01
1774443600000,0.01
1774447200000,4.78
1774450800000,41.9
1774454400000,98.84
1774458000000,134.83
1774461600000,161.93
1774465200000,134.91
1774468800000,114.46
1774472400000,108.1
1774476000000,88.8
1774479600000,99.64
1774483200000,95.07
1774486800000,91.6
1774490400000,94.87
1774494000000,97.58
1774497600000,105.27
1774501200000,120.28
1774504800000,137.35
1774508400000,125.79
1774512000000,87.42
1774515600000,41.85
1774519200000,13.74
1774522800000,3.12
1774526400000,0.63
1774530000000,5.9
1774533600000,37.44
1774537200000,75.82
1774540800000,115.92
1774544400000,155.42
1774548000000,167.22
1774551600000,153.75
1774555200000,130.51
1774558800000,124.37
1774562400000,115.02
1774566000000,119.39
1774569600000,119.5
1774573200000,117.34
1774576800000,117.83
1774580400000,120.25
1774584000000,136.46
1774587600000,172.63
1774591200000,176.39
1774594800000,147.56
1774598400000,114.0
1774602000000,87.26
1774605600000,72.81
1774609200000,63.32
1774612800000,59.6
1774616400000,74.08
1774620000000,92.32
1774623600000,103.08
1774627200000,139.05
1774630800000,158.93
1774634400000,168.25
1774638000000,142.89
1774641600000,118.99
1774645200000,116.66
1774648800000,106.01
1774652400000,95.13
1774656000000,92.66
1774659600000,89.55
1774663200000,87.26
1774666800000,88.12
1774670400000,91.61
1774674000000,87.92
1774677600000,79.19
1774681200000,68.3
1774684800000,44.91
1774688400000,17.58
1774692000000,7.64
1774695600000,6.7
1774699200000,7.85
1774702800000,20.48
1774706400000,54.24
1774710000000,81.05
1774713600000,110.34
1774717200000,138.93
1774720800000,154.07
1774724400000,143.95
1774728000000,131.6
1774731600000,125.33
1774735200000,119.58
1774738800000,114.56
1774742400000,107.7
1774746000000,101.17
1774749600000,105.23
1774753200000,104.61
1774756800000,109.76
1774760400000,115.03
1774764000000,114.84
1774767600000,94.4
1774771200000,74.81
1774774800000,44.7
1774778400000,9.73
1774782000000,-0.01
1774785600000,-1.79
1774789200000,-2.1
1774792800000,0.87
1774796400000,33.31
1774800000000,89.26
1774803600000,105.68
1774807200000,95.18
1774810800000,74.81
1774814400000,66.85
1774818000000,25.63
1774821600000,9.2
1774825200000,2.3
1774828800000,5.02
1774832400000,3.82
1774836000000,4.36
1774839600000,18.42
1774843200000,66.87
1774846800000,90.31
1774850400000,109.22
1774854000000,96.84
1774857600000,73.85
1774861200000,46.0
1774864800000,23.59
1774868400000,11.4
1774872000000,7.54
1774875600000,12.94
1774879200000,35.14
1774882800000,77.45
1774886400000,104.83
1774890000000,121.65
1774893600000,125.61
1774897200000,126.17
1774900800000,121.18
1774904400000,108.88
1774908000000,109.25
1774911600000,102.68
1774915200000,101.26
1774918800000,100.54
1774922400000,101.68
1774926000000,108.04
1774929600000,137.2
1774933200000,152.13
1774936800000,163.79
1774940400000,135.56
1774944000000,104.26
1774947600000,87.35
1774951200000,78.67
1774954800000,55.22
1774958400000,53.49
1774962000000,63.05
1774965600000,82.22
1774969200000,110.97
1774972800000,151.0
1774976400000,175.0
1774980000000,176.01
1774983600000,171.73
1774987200000,158.33
1774990800000,148.48
1774994400000,145.51
1774998000000,129.49
1775001600000,125.35
1775005200000,129.43
1775008800000,136.03
1775012400000,149.12
1775016000000,180.83
1775019600000,226.95
1775023200000,199.98
1775026800000,171.52
1775030400000,139.8
1775034000000,128.08
1775037600000,115.05
1775041200000,93.84
1775044800000,86.33
1775048400000,93.84
1775052000000,105.52
1775055600000,130.12
1775059200000,152.1
1775062800000,188.67
1775066400000,181.19
1775070000000,165.82
1775073600000,152.82
1775077200000,133.78
1775080800000,127.17
1775084400000,119.0
1775088000000,114.13
1775091600000,109.19
1775095200000,107.41
1775098800000,119.29
1775102400000,152.05
1775106000000,160.01
1775109600000,157.66
1775113200000,114.28
1775116800000,90.66
1775120400000,74.25
1775124000000,59.75
1775127600000,42.46
1775131200000,52.86
1775134800000,73.77
1775138400000,92.76
1775142000000,108.81
1775145600000,134.39
1775149200000,161.84
1775152800000,159.64
1775156400000,146.52
1775160000000,135.0
1775163600000,123.97
1775167200000,133.6
1775170800000,121.98
1775174400000,119.52
1775178000000,117.67
1775181600000,120.18
1775185200000,123.4
1775188800000,133.13
1775192400000,135.86
1775196000000,131.04
1775199600000,113.18
1775203200000,85.59
1775206800000,52.96
1775210400000,27.01
1775214000000,9.95
1775217600000,1.65
1775221200000,3.05
1775224800000,23.94
1775228400000,66.8
1775232000000,88.97
1775235600000,99.39
1775239200000,96.34
1775242800000,84.2
1775246400000,81.28
1775250000000,60.59
1775253600000,9.73
1775257200000,8.96
1775260800000,6.43
1775264400000,1.99
1775268000000,6.4
1775271600000,11.74
1775275200000,13.36
1775278800000,19.27
1775282400000,16.7
1775286000000,6.6
1775289600000,1.81
1775293200000,-0.01
1775296800000,-0.25
1775300400000,-0.04
1775304000000,-0.02
1775307600000,0.03
1775311200000,10.69
1775314800000,62.74
1775318400000,109.6
1775322000000,149.87
1775325600000,135.74
1775329200000,103.84
1775332800000,76.81
1775336400000,41.83
1775340000000,1.06
1775343600000,-0.01
1775347200000,-0.36
1775350800000,-1.21
1775354400000,-1.62
1775358000000,-2.04
1775361600000,-2.99
1775365200000,-1.29
1775368800000,-2.43
1775372400000,-10.56
1775376000000,-39.97
1775379600000,-71.34
1775383200000,-84.95
1775386800000,-105.18
1775390400000,-98.71
1775394000000,-66.91
1775397600000,-29.98
1775401200000,-6.59
1775404800000,-0.1
1775408400000,20.04
1775412000000,33.35
1775415600000,30.21
1775419200000,30.38
1775422800000,19.02
1775426400000,3.24
1775430000000,1.99
1775433600000,1.04
1775437200000,1.36
1775440800000,1.06
1775444400000,2.11
1775448000000,1.99
1775451600000,1.33
1775455200000,-0.94
1775458800000,-11.1
1775462400000,-26.0
1775466000000,-59.76
1775469600000,-79.52
1775473200000,-125.64
1775476800000,-123.54
1775480400000,-84.62
1775484000000,-28.72
1775487600000,-5.61
1775491200000,48.63
1775494800000,107.69
1775498400000,116.01
1775502000000,109.22
1775505600000,113.85
1775509200000,108.8
1775512800000,106.4
1775516400000,101.29
1775520000000,101.65
1775523600000,102.28
1775527200000,105.14
1775530800000,117.77
1775534400000,143.91
1775538000000,178.26
1775541600000,127.86
1775545200000,81.8
1775548800000,24.89
1775552400000,-0.01
1775556000000,-3.01
1775559600000,-11.29
1775563200000,-11.23
1775566800000,-4.21
1775570400000,3.8
1775574000000,79.9
1775577600000,138.0
1775581200000,194.03
1775584800000,188.88
1775588400000,144.0
1775592000000,129.01
1775595600000,118.2
1775599200000,107.17
1775602800000,102.21
1775606400000,100.82
1775610000000,103.5
1775613600000,107.51
1775617200000,116.93
1775620800000,149.8
1775624400000,168.8
1775628000000,138.51
1775631600000,97.45
1775635200000,51.12
1775638800000,-0.05
1775642400000,-18.83
1775646000000,-32.78
1775649600000,-29.74
1775653200000,-13.16
1775656800000,13.35
1775660400000,91.88
1775664000000,134.25
1775667600000,170.01
1775671200000,160.55
1775674800000,137.1
1775678400000,121.39
1775682000000,109.48
1775685600000,104.9
1775689200000,101.1
1775692800000,101.1
1775696400000,101.86
1775700000000,105.1
1775703600000,115.87
1775707200000,135.3
1775710800000,146.6
1775714400000,128.09
1775718000000,99.68
1775721600000,55.0
1775725200000,1.21
1775728800000,-1.03
1775732400000,-7.87
1775736000000,-8.14
1775739600000,-1.3
1775743200000,27.08
1775746800000,82.53
1775750400000,115.36
1775754000000,137.17
1775757600000,127.33
1775761200000,110.95
1775764800000,100.23
1775768400000,81.05
1775772000000,81.88
1775775600000,79.32
1775779200000,78.83
1775782800000,78.55
1775786400000,81.12
1775790000000,88.77
1775793600000,112.16
1775797200000,126.44
1775800800000,123.16
1775804400000,119.27
1775808000000,109.84
1775811600000,102.99
1775815200000,92.09
1775818800000,88.94
1775822400000,87.4
1775826000000,94.02
1775829600000,108.78
1775833200000,130.1
1775836800000,155.29
1775840400000,227.77
1775844000000,245.12
1775847600000,176.48
1775851200000,149.31
1775854800000,131.96
1775858400000,134.02
1775862000000,120.63
1775865600000,114.38
1775869200000,112.35
1775872800000,110.84
1775876400000,108.36
1775880000000,106.6
1775883600000,93.24
1775887200000,69.61
1775890800000,21.57
1775894400000,-0.16
1775898000000,-8.31
1775901600000,-40.25
1775905200000,-79.97
1775908800000,-77.64
1775912400000,-45.83
1775916000000,-15.8
1775919600000,-0.71
1775923200000,43.7
1775926800000,73.82
1775930400000,74.79
1775934000000,65.23
1775937600000,68.63
1775941200000,68.63
1775944800000,72.52
1775948400000,76.57
1775952000000,80.42
1775955600000,85.26
1775959200000,95.1
1775962800000,98.05
1775966400000,98.7
1775970000000,94.32
1775973600000,76.1
1775977200000,53.32
1775980800000,30.23
1775984400000,22.42
1775988000000,14.98
1775991600000,1.97
1775995200000,4.63
1775998800000,15.91
1776002400000,67.55
1776006000000,110.18
1776009600000,135.39
1776013200000,144.77
1776016800000,146.8
1776020400000,136.73
1776024000000,130.61
1776027600000,121.02
1776031200000,116.54
1776034800000,109.8
1776038400000,107.32
1776042000000,107.59
1776045600000,110.02
1776049200000,119.07
1776052800000,136.12
1776056400000,145.12
1776060000000,173.88
1776063600000,160.97
1776067200000,138.63
1776070800000,116.0
1776074400000,104.73
1776078000000,97.39
1776081600000,101.7
1776085200000,104.64
1776088800000,114.6
1776092400000,130.38
1776096000000,148.2
1776099600000,164.52
1776103200000,156.61
1776106800000,139.05
1776110400000,129.76
1776114000000,122.63
1776117600000,116.06
1776121200000,113.67
1776124800000,114.99
1776128400000,113.39
1776132000000,114.68
1776135600000,118.15
1776139200000,138.72
1776142800000,163.02
1776146400000,164.5
1776150000000,144.33
1776153600000,128.83
1776157200000,117.33
1776160800000,109.51
1776164400000,104.7
1776168000000,108.91
1776171600000,115.57
1776175200000,121.7
1776178800000,137.44
1776182400000,160.02
1776186000000,224.75
1776189600000,234.28
1776193200000,165.95
1776196800000,148.26
1776200400000,135.37
1776204000000,121.6
1776207600000,116.46
1776211200000,111.77
1776214800000,110.02
1776218400000,110.84
1776222000000,123.18
1776225600000,148.44
1776229200000,159.55
1776232800000,140.1
1776236400000,116.32
1776240000000,100.8
1776243600000,78.94
1776247200000,58.32
1776250800000,50.23
1776254400000,67.26
1776258000000,81.49
1776261600000,99.26
1776265200000,124.84
1776268800000,141.9
1776272400000,180.08
1776276000000,180.8
1776279600000,148.08
1776283200000,132.69
1776286800000,117.77
1776290400000,106.22
1776294000000,101.4
1776297600000,99.6
1776301200000,98.37
1776304800000,100.9
1776308400000,110.6
1776312000000,139.48
1776315600000,145.02
1776319200000,133.64
1776322800000,110.2
1776326400000,96.35
1776330000000,75.67
1776333600000,60.51
1776337200000,45.77
1776340800000,53.97
1776344400000,70.87
1776348000000,89.76
1776351600000,111.56
1776355200000,131.15
1776358800000,166.93
1776362400000,187.32
1776366000000,155.01
1776369600000,138.76
1776373200000,127.36
1776376800000,121.77
1776380400000,115.52
1776384000000,112.53
1776387600000,108.51
1776391200000,111.47
1776394800000,120.19
1776398400000,146.57
1776402000000,148.56
1776405600000,127.16
1776409200000,101.9
1776412800000,90.78
1776416400000,57.88
1776420000000,30.87
1776423600000,26.45
1776427200000,31.37
1776430800000,60.0
1776434400000,81.82
1776438000000,102.31
1776441600000,126.76
1776445200000,157.41
1776448800000,157.11
1776452400000,138.01
1776456000000,123.93
1776459600000,112.71
1776463200000,116.24
1776466800000,110.88
1776470400000,109.66
1776474000000,107.7
1776477600000,108.87
1776481200000,110.91
1776484800000,110.83
1776488400000,105.74
1776492000000,92.29
1776495600000,75.13
1776499200000,39.57
1776502800000,3.94
1776506400000,-3.38
1776510000000,-4.08
1776513600000,-0.1
1776517200000,18.9
1776520800000,44.89
1776524400000,90.81
1776528000000,119.6
1776531600000,131.54
1776535200000,144.89
1776538800000,140.3
1776542400000,129.99
1776546000000,125.0
1776549600000,116.56
1776553200000,109.95
1776556800000,109.21
1776560400000,106.32
1776564000000,105.41
1776567600000,106.55
1776571200000,104.78
1776574800000,100.03
1776578400000,96.63
1776582000000,93.84
1776585600000,71.38
1776589200000,31.98
1776592800000,5.73
1776596400000,-0.85
1776600000000,-3.01
1776603600000,-2.26
1776607200000,16.02
1776610800000,73.76
1776614400000,103.86
1776618000000,117.35
1776621600000,124.11
1776625200000,121.55
1776628800000,119.36
1776632400000,111.23
1776636000000,106.31
1776639600000,101.11
1776643200000,99.01
1776646800000,99.04
1776650400000,102.3
1776654000000,111.6
1776657600000,129.39
1776661200000,142.21
1776664800000,134.32
1776668400000,110.01
1776672000000,90.2
1776675600000,75.89
1776679200000,51.18
1776682800000,32.6
1776686400000,29.57
1776690000000,46.48
1776693600000,78.33
1776697200000,97.25
1776700800000,112.91
1776704400000,123.41
1776708000000,127.18
1776711600000,121.94
1776715200000,115.97
1776718800000,106.79
1776722400000,99.0
1776726000000,98.64
1776729600000,98.37
1776733200000,99.07
1776736800000,100.19
1776740400000,108.45
1776744000000,127.09
1776747600000,135.33
1776751200000,118.95
1776754800000,97.3
1776758400000,59.9
1776762000000,19.6
1776765600000,-0.1
1776769200000,-1.75
1776772800000,-3.7
1776776400000,-1.86
1776780000000,14.54
1776783600000,69.83
1776787200000,102.65
1776790800000,134.11
1776794400000,144.78
1776798000000,129.62
1776801600000,119.85
1776805200000,111.87
1776808800000,107.1
1776812400000,104.11
1776816000000,104.2
1776819600000,104.85
1776823200000,109.69
1776826800000,121.23
1776830400000,139.84
1776834000000,134.8
1776837600000,113.87
1776841200000,79.56
1776844800000,20.15
1776848400000,-2.42
1776852000000,-8.83
1776855600000,-20.99
1776859200000,-19.0
1776862800000,-4.92
1776866400000,-0.01
1776870000000,57.41
1776873600000,105.3
1776877200000,140.12
1776880800000,153.91
1776884400000,128.51
1776888000000,114.45
1776891600000,105.08
1776895200000,100.14
1776898800000,97.63
1776902400000,96.74
1776906000000,96.21
1776909600000,95.85
1776913200000,104.16
1776916800000,119.0
1776920400000,119.4
1776924000000,109.7
1776927600000,63.29
1776931200000,-0.56
1776934800000,-6.18
1776938400000,-29.01
1776942000000,-49.56
1776945600000,-48.86
1776949200000,-22.89
1776952800000,-1.93
1776956400000,21.97
1776960000000,93.57
1776963600000,121.5
1776967200000,136.95
1776970800000,116.29
1776974400000,108.24
1776978000000,99.46
1776981600000,102.46
1776985200000,100.13
1776988800000,100.71
1776992400000,101.69
1776996000000,105.36
1776999600000,116.31
1777003200000,131.87
1777006800000,137.99
1777010400000,117.68
1777014000000,80.91
1777017600000,19.57
1777021200000,-0.04
1777024800000,-6.91
1777028400000,-26.14
1777032000000,-30.0
1777035600000,-16.56
1777039200000,-1.61
1777042800000,50.91
1777046400000,104.82
1777050000000,133.81
1777053600000,137.34
1777057200000,131.03
1777060800000,121.88
1777064400000,113.44
1777068000000,100.62
1777071600000,95.54
1777075200000,95.12
1777078800000,95.16
1777082400000,88.46
1777086000000,88.03
1777089600000,83.18
1777093200000,71.36
1777096800000,20.03
1777100400000,-0.04
1777104000000,-7.27
1777107600000,-42.14
1777111200000,-100.51
1777114800000,-176.44
1777118400000,-190.86
1777122000000,-133.8
1777125600000,-53.97
1777129200000,-5.25
1777132800000,4.62
1777136400000,65.2
1777140000000,75.42
1777143600000,72.01
1777147200000,72.68
1777150800000,69.98
1777154400000,79.44
1777158000000,83.6
1777161600000,87.1
1777165200000,90.49
1777168800000,94.15
1777172400000,98.64
1777176000000,94.19
1777179600000,83.15
1777183200000,54.31
1777186800000,-0.01
1777190400000,-28.19
1777194000000,-127.37
1777197600000,-259.96
1777201200000,-413.77
1777204800000,-413.25
1777208400000,-235.89
1777212000000,-37.31
1777215600000,11.18
1777219200000,113.1
1777222800000,150.29
1777226400000,157.82
1777230000000,140.65
1777233600000,126.41
1777237200000,122.88
1777240800000,118.45
1777244400000,113.03
1777248000000,112.71
1777251600000,112.83
1777255200000,116.74
1777258800000,125.67
1777262400000,165.57
1777266000000,153.69
1777269600000,126.55
1777273200000,92.53
1777276800000,59.14
1777280400000,4.14
1777284000000,-0.1
1777287600000,-0.83
1777291200000,-0.16
1777294800000,5.14
1777298400000,68.66
1777302000000,107.19
1777305600000,129.85
1777309200000,172.3
1777312800000,188.12
1777316400000,148.46
1777320000000,125.65
1777323600000,115.2
1777327200000,112.66
1777330800000,106.9
1777334400000,102.98
1777338000000,102.83
1777341600000,105.28
1777345200000,111.84
1777348800000,122.1
1777352400000,121.43
1777356000000,112.32
1777359600000,79.78
1777363200000,21.82
1777366800000,-1.09
1777370400000,-14.04
1777374000000,-29.0
1777377600000,-29.01
1777381200000,-17.33
1777384800000,-4.66
1777388400000,33.32
1777392000000,90.1
1777395600000,117.4
1777399200000,120.97
1777402800000,115.83
1777406400000,111.3
1777410000000,101.77
1777413600000,98.21
1777417200000,96.73
1777420800000,97.92
1777424400000,98.53
1777428000000,100.65
1777431600000,107.91
1777435200000,139.8
1777438800000,126.85
1777442400000,112.37
1777446000000,66.42
1777449600000,-1.08
1777453200000,-11.57
1777456800000,-33.77
1777460400000,-60.36
1777464000000,-55.43
1777467600000,-36.22
1777471200000,-11.25
1777474800000,19.65
1777478400000,91.15
1777482000000,125.81
1777485600000,145.59
1777489200000,129.95
1777492800000,115.66
1777496400000,105.1
1777500000000,100.32
1777503600000,100.11
1777507200000,98.57
1777510800000,99.48
1777514400000,104.09
1777518000000,114.1
1777521600000,139.12
1777525200000,122.29
1777528800000,96.22
1777532400000,45.56
1777536000000,-0.04
1777539600000,-3.88
1777543200000,-16.25
1777546800000,-32.02
1777550400000,-28.93
1777554000000,-12.05
1777557600000,-2.29
1777561200000,20.58
1777564800000,92.43
1777568400000,139.09
1777572000000,178.62
1777575600000,145.84
1777579200000,118.92
1777582800000,109.61
1777586400000,107.23
1777590000000,103.09
1777593600000,101.39
1777597200000,99.25
1777600800000,97.98
1777604400000,97.5
1777608000000,103.77
1777611600000,80.34
1777615200000,35.33
1777618800000,-0.03
1777622400000,-21.18
1777626000000,-108.62
1777629600000,-318.58
1777633200000,-499.0
1777636800000,-474.97
1777640400000,-205.88
1777644000000,-26.25
1777647600000,5.56
1777651200000,92.53
1777654800000,154.19
1777658400000,173.33
1777662000000,142.95
1777665600000,113.22
1777669200000,96.98
1777672800000,117.43
1777676400000,103.71
1777680000000,99.48
1777683600000,93.34
1777687200000,93.55
1777690800000,93.7
1777694400000,91.78
1777698000000,78.01
1777701600000,18.27
1777705200000,1.27
1777708800000,-2.39
1777712400000,-21.91
1777716000000,-83.61
1777719600000,-130.03
1777723200000,-86.84
1777726800000,-14.04
1777730400000,0.03
1777734000000,54.95
1777737600000,127.14
1777741200000,165.0
1777744800000,195.45
1777748400000,154.32
1777752000000,139.96
1777755600000,123.87
1777759200000,121.2
1777762800000,116.03
1777766400000,110.16
1777770000000,108.48
1777773600000,106.29
1777777200000,107.07
1777780800000,101.7
1777784400000,85.34
1777788000000,71.74
1777791600000,32.66
1777795200000,1.29
1777798800000,-1.43
1777802400000,-6.79
1777806000000,-14.44
1777809600000,-10.88
1777813200000,-3.97
1777816800000,9.13
1777820400000,80.71
1777824000000,120.57
1777827600000,134.8
1777831200000,140.87
1777834800000,137.31
1777838400000,130.38
1777842000000,121.12
1777845600000,117.36
1777849200000,108.41
1777852800000,110.56
1777856400000,106.35
1777860000000,109.91
1777863600000,128.88
1777867200000,149.55
1777870800000,151.27
1777874400000,134.6
1777878000000,113.62
1777881600000,99.99
1777885200000,93.1
1777888800000,75.07
1777892400000,69.41
1777896000000,81.08
1777899600000,94.0
1777903200000,107.97
1777906800000,128.99
1777910400000,169.0
1777914000000,245.03
1777917600000,266.84
1777921200000,194.3
1777924800000,153.05
1777928400000,137.2
1777932000000,131.36
1777935600000,126.2
1777939200000,122.11
1777942800000,122.05
1777946400000,123.9
1777950000000,133.9
1777953600000,160.11
1777957200000,160.77
1777960800000,147.23
1777964400000,129.61
1777968000000,114.12
1777971600000,108.26
1777975200000,99.09
1777978800000,98.06
1777982400000,97.75
1777986000000,105.99
1777989600000,111.98
1777993200000,128.67
1777996800000,145.76
1778000400000,163.69
1778004000000,163.9
1778007600000,147.0
1778011200000,132.75
1778014800000,115.29
1778018400000,120.04
1778022000000,114.23
1778025600000,113.17
1778029200000,113.0
1778032800000,113.34
1778036400000,118.23
1778040000000,131.14
1778043600000,142.45
1778047200000,141.55
1778050800000,121.31
1778054400000,108.8
1778058000000,104.12
1778061600000,100.09
1778065200000,89.34
1778068800000,91.33
1778072400000,103.13
1778076000000,112.66
1778079600000,125.05
1778083200000,137.91
1778086800000,154.61
1778090400000,156.92
1778094000000,154.61
1778097600000,143.41
1778101200000,128.26
1778104800000,125.15
1778108400000,116.49
1778112000000,115.26
1778115600000,116.49
1778119200000,119.14
1778122800000,126.88
1778126400000,151.0
1778130000000,167.29
1778133600000,155.59
1778137200000,136.41
1778140800000,120.13
1778144400000,113.53
1778148000000,103.92
1778151600000,101.92
1778155200000,101.73
1778158800000,107.45
1778162400000,118.0
1778166000000,132.56
1778169600000,148.7
1778173200000,185.66
1778176800000,221.48
1778180400000,182.71
1778184000000,154.44
1778187600000,142.76
1778191200000,130.34
1778194800000,120.66
1778198400000,118.22
1778202000000,116.98
1778205600000,118.57
1778209200000,126.19
1778212800000,143.6
1778216400000,147.03
1778220000000,137.4
1778223600000,115.25
1778227200000,97.75
1778230800000,75.81
1778234400000,65.37
1778238000000,58.71
1778241600000,64.34
1778245200000,81.89
1778248800000,94.06
1778252400000,109.5
1778256000000,127.82
1778259600000,143.54
1778263200000,152.98
1778266800000,138.9
1778270400000,127.5
1778274000000,119.14
1778277600000,127.69
1778281200000,123.41
1778284800000,123.48
1778288400000,124.35
1778292000000,125.74
1778295600000,126.45
1778299200000,127.52
1778302800000,118.67
1778306400000,107.67
1778310000000,68.31
1778313600000,9.93
1778317200000,-0.02
1778320800000,-0.06
1778324400000,-0.09
1778328000000,-0.01
1778331600000,0.0
1778335200000,27.72
1778338800000,93.69
1778342400000,123.19
1778346000000,138.51
1778349600000,146.97
1778353200000,143.49
1778356800000,136.3
1778360400000,127.09
1778364000000,128.09
1778367600000,125.45
1778371200000,125.43
1778374800000,123.48
1778378400000,124.2
1778382000000,123.94
1778385600000,115.14
1778389200000,101.17
1778392800000,70.84
1778396400000,11.18
1778400000000,0.0
1778403600000,-0.67
1778407200000,-1.88
1778410800000,-2.17
1778414400000,-1.4
1778418000000,-0.26
1778421600000,1.88
1778425200000,71.01
1778428800000,110.94
1778432400000,122.0
1778436000000,129.32
1778439600000,128.52
1778443200000,124.14
1778446800000,119.84
1778450400000,118.79
1778454000000,112.34
1778457600000,110.43
1778461200000,112.66
1778464800000,113.09
1778468400000,122.14
1778472000000,136.48
1778475600000,154.05
1778479200000,150.01
1778482800000,136.8
1778486400000,126.31
1778490000000,113.43
1778493600000,105.49
1778497200000,98.78
1778500800000,95.98
1778504400000,96.2
1778508000000,100.49
1778511600000,116.3
1778515200000,122.98
1778518800000,130.72
1778522400000,131.12
1778526000000,127.87
1778529600000,120.77
1778533200000,108.95
1778536800000,99.07
1778540400000,95.27
1778544000000,91.73
1778547600000,89.9
1778551200000,91.38
1778554800000,94.0
1778558400000,111.26
1778562000000,122.57
1778565600000,112.15
1778569200000,94.08
1778572800000,79.56
1778576400000,63.54
1778580000000,45.91
1778583600000,27.33
1778587200000,19.97
1778590800000,44.76
1778594400000,74.41
1778598000000,96.0
1778601600000,114.88
1778605200000,136.28
1778608800000,142.98
1778612400000,142.74
1778616000000,131.23
1778619600000,118.35
1778623200000,114.33
1778626800000,106.22
1778630400000,104.36
1778634000000,107.44
1778637600000,111.2
1778641200000,120.0
1778644800000,137.18
1778648400000,141.12
1778652000000,126.7
1778655600000,102.52
1778659200000,86.44
1778662800000,83.78
1778666400000,74.1
1778670000000,71.77
1778673600000,70.2
1778677200000,82.27
1778680800000,92.37
1778684400000,112.6
1778688000000,132.36
1778691600000,151.49
1778695200000,171.27
1778698800000,160.05
1778702400000,142.21
1778706000000,123.1
1778709600000,130.54
1778713200000,121.75
1778716800000,119.23
1778720400000,115.64
1778724000000,112.92
1778727600000,112.05
1778731200000,111.41
1778734800000,108.09
1778738400000,99.26
1778742000000,85.15
1778745600000,58.64
1778749200000,35.57
1778752800000,16.06
1778756400000,7.55
1778760000000,4.6
1778763600000,17.85
1778767200000,66.91
1778770800000,94.76
1778774400000,126.0
1778778000000,142.58
1778781600000,150.45
1778785200000,152.2
1778788800000,150.91
1778792400000,136.32
1778796000000,137.97
1778799600000,131.37
1778803200000,126.31
1778806800000,121.94
1778810400000,123.71
1778814000000,127.16
1778817600000,136.1
1778821200000,132.52
1778824800000,123.99
1778828400000,104.54
1778832000000,81.78
1778835600000,66.82
1778839200000,54.3
1778842800000,40.32
1778846400000,40.15
1778850000000,51.0
1778853600000,77.32
1778857200000,105.05
1778860800000,125.04
1778864400000,143.31
1778868000000,153.46
1778871600000,151.14
1778875200000,144.69
1778878800000,135.51
1778882400000,130.0
1778886000000,121.79
1778889600000,117.56
1778893200000,116.0
1778896800000,114.02
1778900400000,109.34
1778904000000,105.71
1778907600000,100.05
1778911200000,86.95
1778914800000,43.95
1778918400000,4.2
1778922000000,-0.03
1778925600000,-1.2
1778929200000,-2.2
1778932800000,-1.93
1778936400000,-1.0
1778940000000,4.78
1778943600000,60.09
1778947200000,100.22
1778950800000,126.47
1778954400000,140.0
1778958000000,140.69
1778961600000,135.99
1778965200000,127.7
1778968800000,127.72
1778972400000,119.06
1778976000000,115.57
1778979600000,113.9
1778983200000,109.17
1778986800000,105.45
1778990400000,98.79
1778994000000,80.8
1778997600000,53.84
1779001200000,18.97
1779004800000,3.49
1779008400000,0.56
1779012000000,0.82
1779015600000,0.0
1779019200000,0.98
1779022800000,11.31
1779026400000,52.44
1779030000000,100.32
1779033600000,129.39
1779037200000,143.07
1779040800000,155.8
1779044400000,156.71
1779048000000,151.37
1779051600000,142.58
1779055200000,134.66
1779058800000,125.97
1779062400000,126.0
1779066000000,126.39
1779069600000,129.36
1779073200000,137.02
1779076800000,152.52
1779080400000,160.08
1779084000000,152.11
1779087600000,125.88
1779091200000,107.85
1779094800000,100.05
1779098400000,94.9
1779102000000,94.98
1779105600000,96.77
1779109200000,102.4
1779112800000,113.96
1779116400000,134.07
1779120000000,152.14
1779123600000,192.85
1779127200000,250.9
1779130800000,214.34
1779134400000,160.65
1779138000000,148.89
1779141600000,148.25
1779145200000,141.94
1779148800000,139.32
1779152400000,138.54
1779156000000,141.57
1779159600000,146.92
1779163200000,164.46
1779166800000,153.77
1779170400000,131.86
1779174000000,108.74
1779177600000,94.27
1779181200000,82.09
1779184800000,73.15
1779188400000,73.74
1779192000000,79.81
1779195600000,87.57
1779199200000,102.25
1779202800000,127.29
1779206400000,144.95
1779210000000,172.48
1779213600000,180.9
1779217200000,163.63
1779220800000,145.55
1779224400000,131.8
1779228000000,123.73
1779231600000,114.64
1779235200000,109.75
1779238800000,109.97
1779242400000,110.41
1779246000000,119.05
1779249600000,134.99
1779253200000,136.98
1779256800000,125.51
1779260400000,109.06
1779264000000,89.7
1779267600000,75.46
1779271200000,64.01
1779274800000,45.0
1779278400000,33.51
1779282000000,45.66
1779285600000,65.01
1779289200000,99.4
1779292800000,130.21
1779296400000,149.57
1779300000000,167.92
1779303600000,165.0
1779307200000,150.02
1779310800000,139.0
1779314400000,133.03
1779318000000,121.66
1779321600000,116.02
1779325200000,113.55
1779328800000,116.01
1779332400000,128.4
1779336000000,142.82
1779339600000,143.62
1779343200000,131.39
1779346800000,104.14
1779350400000,81.2
1779354000000,42.75
1779357600000,12.14
1779361200000,7.37
1779364800000,8.81
1779368400000,35.2
1779372000000,71.71
1779375600000,104.99
1779379200000,135.89
1779382800000,163.36
1779386400000,204.7
1779390000000,188.42
1779393600000,166.03
1779397200000,146.39
1779400800000,144.32
1779404400000,136.9
1779408000000,131.64
1779411600000,128.95
1779415200000,131.5
1779418800000,135.72
1779422400000,144.36
1779426000000,138.18
1779429600000,123.14
1779433200000,91.88
1779436800000,42.48
1779440400000,3.94
1779444000000,0.01
1779447600000,0.0
1779451200000,1.0
1779454800000,20.31
1779458400000,70.24
1779462000000,104.2
1779465600000,134.95
1779469200000,161.22
1779472800000,218.43
1779476400000,193.66
1779480000000,154.64
1779483600000,140.73
1779487200000,136.76
1779490800000,130.0
1779494400000,125.87
1779498000000,125.37
1779501600000,121.73
1779505200000,119.26
1779508800000,116.37
1779512400000,97.09
1779516000000,49.86
1779519600000,1.6
1779523200000,-0.33
1779526800000,-3.9
1779530400000,-12.39
1779534000000,-31.82
1779537600000,-18.42
1779541200000,-4.0
1779544800000,-0.29
1779548400000,44.45
1779552000000,120.76
1779555600000,149.66
1779559200000,174.52
1779562800000,171.07
1779566400000,156.92
1779570000000,144.65
1779573600000,143.8
1779577200000,133.38
1779580800000,136.89
1779584400000,125.44
1779588000000,122.89
1779591600000,117.72
1779595200000,108.79
1779598800000,88.46
1779602400000,16.37
1779606000000,-0.03
1779609600000,-2.5
1779613200000,-13.83
1779616800000,-37.61
1779620400000,-75.94
1779624000000,-61.75
1779627600000,-23.49
1779631200000,-1.96
1779634800000,14.38
1779638400000,96.38
1779642000000,133.22
1779645600000,151.02
1779649200000,153.23
1779652800000,144.42
1779656400000,132.1
1779660000000,130.87
1779663600000,125.98
1779667200000,125.24
1779670800000,126.01
1779674400000,129.31
1779678000000,132.0
1779681600000,130.2
1779685200000,117.88
1779688800000,77.68
1779692400000,5.0
1779696000000,-0.17
1779699600000,-5.26
1779703200000,-12.71
1779706800000,-29.29
1779710400000,-27.18
1779714000000,-10.05
1779717600000,-2.91
1779721200000,31.95
1779724800000,118.82
1779728400000,150.58
1779732000000,172.19
1779735600000,170.25
1779739200000,157.33
1779742800000,141.03
1779746400000,136.36
1779750000000,125.65
1779753600000,120.65
1779757200000,121.18
1779760800000,119.53
1779764400000,128.91
1779768000000,143.11
1779771600000,141.54
1779775200000,122.05
1779778800000,78.8
1779782400000,6.52
1779786000000,-0.01
1779789600000,-1.83
1779793200000,-2.5
1779796800000,-0.84
1779800400000,-0.02
1779804000000,13.12
1779807600000,89.69
1779811200000,134.79
1779814800000,185.1
1779818400000,217.95
1779822000000,184.79
1779825600000,153.78
1779829200000,130.53
1779832800000,134.79
1779836400000,127.52
1779840000000,120.54
1779843600000,118.87
1779847200000,119.05
1779850800000,121.24
1779854400000,134.2
1779858000000,131.1
1779861600000,106.45
1779865200000,48.24
1779868800000,3.43
1779872400000,-0.27
1779876000000,-1.05
1779879600000,-1.64
1779883200000,-1.65
1779886800000,-1.7
1779890400000,-0.42
1779894000000,32.21
1779897600000,97.85
1779901200000,136.52
1779904800000,156.68
1779908400000,157.53
1779912000000,144.16
1779915600000,133.45
1779919200000,132.95
1779922800000,129.54
1779926400000,127.24
1779930000000,127.36
1779933600000,130.09
1779937200000,135.5
1779940800000,148.45
1779944400000,138.16
1779948000000,123.4
1779951600000,87.54
1779955200000,19.31
1779958800000,0.57
1779962400000,0.0
1779966000000,-0.01
1779969600000,0.0
1779973200000,1.3
1779976800000,39.65
1779980400000,101.26
1779984000000,138.25
1779987600000,217.6
1779991200000,393.94
1779994800000,368.02
1779998400000,215.75
1780002000000,159.8
1780005600000,144.44
1780009200000,133.93
1780012800000,127.98
1780016400000,126.19
1780020000000,125.28
1780023600000,125.49
1780027200000,131.89
1780030800000,125.99
1780034400000,113.57
1780038000000,71.91
1780041600000,17.03
1780045200000,0.29
1780048800000,-0.06
1780052400000,-0.04
1780056000000,0.0
1780059600000,9.41
1780063200000,51.61
1780066800000,103.41
1780070400000,136.99
1780074000000,174.95
1780077600000,240.61
1780081200000,201.41
1780084800000,161.7
1780088400000,145.19
1780092000000,135.52
1780095600000,128.45
1780099200000,123.77
1780102800000,121.09
1780106400000,125.36
1780110000000,125.05
1780113600000,118.99
1780117200000,109.1
1780120800000,88.87
1780124400000,36.68
1780128000000,2.96
1780131600000,-0.01
1780135200000,-0.05
1780138800000,-1.44
1780142400000,-0.75
1780146000000,-0.01
1780149600000,3.01
1780153200000,62.5
1780156800000,107.01
1780160400000,139.87
1780164000000,160.52
1780167600000,171.85
1780171200000,159.4
1780174800000,143.04
1780178400000,136.41
1780182000000,129.11
1780185600000,125.91
1780189200000,125.2
1780192800000,126.95
1780196400000,123.36
1780200000000,115.0
1780203600000,100.56
1780207200000,90.44
1780210800000,56.29
1780214400000,7.57
1780218000000,0.0
1780221600000,-0.01
1780225200000,-0.01
1780228800000,-0.01
1780232400000,0.0
1780236000000,49.0
1780239600000,95.93
1780243200000,127.27
1780246800000,141.37
1780250400000,152.76
1780254000000,156.04
1780257600000,153.13
1780261200000,145.35
1780264800000,141.01
1780268400000,128.26
1780272000000,123.14
1780275600000,120.29
1780279200000,124.49
1780282800000,135.09
1780286400000,164.03
1780290000000,160.0
1780293600000,151.72
1780297200000,133.2
1780300800000,117.66
1780304400000,108.14
1780308000000,93.08
1780311600000,89.91
1780315200000,87.45
1780318800000,95.1
1780322400000,106.73
1780326000000,125.24
1780329600000,141.46
1780333200000,226.61
1780336800000,355.25
1780340400000,333.37
1780344000000,222.5
1780347600000,161.03
1780351200000,142.07
1780354800000,131.72
1780358400000,125.09
1780362000000,120.91
1780365600000,120.63
1780369200000,124.22
1780372800000,131.03
1780376400000,131.8
1780380000000,121.08
1780383600000,105.41
1780387200000,90.52
1780390800000,84.7
1780394400000,80.29
1780398000000,84.96
1780401600000,90.78
1780405200000,99.74
1780408800000,112.25
1780412400000,131.14
1780416000000,146.98
1780419600000,167.94
1780423200000,167.27
1780426800000,152.33
1780430400000,140.44
1780434000000,125.24
1780437600000,116.3
1780441200000,111.9
1780444800000,108.02
1780448400000,107.3
1780452000000,107.19
1780455600000,113.28
1780459200000,130.74
1780462800000,136.83
1780466400000,131.08
1780470000000,112.15
1780473600000,94.09
1780477200000,80.25
1780480800000,58.17
1780484400000,37.83
1780488000000,38.04
1780491600000,47.1
1780495200000,76.9
1780498800000,95.53
1780502400000,122.19
1780506000000,138.37
1780509600000,146.24
1780513200000,133.42
1780516800000,120.95
1780520400000,99.41
1780524000000,86.21
1780527600000,75.49
1780531200000,66.92
1780534800000,67.47
1780538400000,68.29
1780542000000,71.19
1780545600000,73.97
1780549200000,87.08
1780552800000,75.62
1780556400000,34.12
1780560000000,4.79
1780563600000,0.0
1780567200000,-0.03
1780570800000,-0.05
1780574400000,-0.04
1780578000000,1.62
1780581600000,28.64
1780585200000,70.15
1780588800000,101.5
1780592400000,114.17
1780596000000,117.96
1780599600000,115.37
1780603200000,111.69
1780606800000,100.05
1780610400000,80.7
1780614000000,79.45
1780617600000,83.45
1780621200000,85.03
1780624800000,89.83
1780628400000,97.26
1780632000000,114.9
1780635600000,118.62
1780639200000,113.82
1780642800000,98.3
1780646400000,86.12
1780650000000,70.83
1780653600000,45.21
1780657200000,34.18
1780660800000,27.2
1780664400000,38.01
1780668000000,72.56
1780671600000,104.25
1780675200000,128.9
1780678800000,150.5
1780682400000,179.08
1780686000000,189.36
1780689600000,169.14
1780693200000,152.06
1780696800000,148.24
1780700400000,137.18
1780704000000,134.79
1780707600000,116.17
1780711200000,130.18
1780714800000,126.04
1780718400000,117.69
1780722000000,102.32
1780725600000,81.02
1780729200000,50.0
1780732800000,14.74
1780736400000,0.03
1780740000000,-0.03
1780743600000,-0.03
1780747200000,0.02
1780750800000,9.51
1780754400000,46.11
1780758000000,93.28
1780761600000,121.79
1780765200000,133.85
1780768800000,152.43
1780772400000,150.92
1780776000000,134.33
1780779600000,121.54
1780783200000,110.7
1780786800000,99.51
1780790400000,92.21
1780794000000,81.42
1780797600000,67.01
1780801200000,39.21
1780804800000,5.05
1780808400000,0.46
1780812000000,-0.55
1780815600000,-5.05
1780819200000,-8.0
1780822800000,-14.05
1780826400000,-18.26
1780830000000,-35.94
1780833600000,-44.74
1780837200000,-36.47
1780840800000,-15.96
1780844400000,-1.14
1780848000000,53.63
1780851600000,108.0
1780855200000,128.27
1780858800000,137.14
1780862400000,141.19
1780866000000,140.34
1780869600000,140.43
1780873200000,134.24
1780876800000,132.71
1780880400000,127.67
1780884000000,130.18
1780887600000,138.56
1780891200000,150.68
1780894800000,145.68
1780898400000,124.88
1780902000000,100.9
1780905600000,75.92
1780909200000,55.64
1780912800000,54.48
1780916400000,55.22
1780920000000,68.67
1780923600000,88.85
1780927200000,102.58
1780930800000,128.88
1780934400000,151.33
1780938000000,199.32
1780941600000,208.9
1780945200000,185.75
1780948800000,152.37
1780952400000,128.2
1780956000000,129.01
1780959600000,122.16
1780963200000,115.5
1780966800000,111.22
1780970400000,110.48
1780974000000,115.84
1780977600000,130.15
1780981200000,134.63
1780984800000,126.89
1780988400000,107.0
1780992000000,82.34
1780995600000,60.9
1780999200000,25.22
1781002800000,3.53
1781006400000,0.15
1781010000000,1.52
1781013600000,30.59
1781017200000,75.73
1781020800000,118.55
1781024400000,137.3
1781028000000,153.73
1781031600000,156.28
1781035200000,144.99
1781038800000,131.31
1781042400000,124.91
1781046000000,116.9
1781049600000,111.13
1781053200000,111.31
1781056800000,113.24
1781060400000,118.75
1781064000000,131.89
1781067600000,136.81
1781071200000,126.65
1781074800000,104.6
1781078400000,86.56
1781082000000,73.06
1781085600000,68.68
1781089200000,71.57
1781092800000,77.83
1781096400000,86.63
1781100000000,103.45
1781103600000,125.4
1781107200000,140.52
1781110800000,170.97
1781114400000,213.98
1781118000000,205.0
1781121600000,168.64
1781125200000,151.75
1781128800000,140.73
1781132400000,133.49
1781136000000,126.2
1781139600000,125.76
1781143200000,126.05
1781146800000,126.66
1781150400000,138.33
1781154000000,138.8
1781157600000,126.64
1781161200000,103.8
1781164800000,90.54
1781168400000,76.97
1781172000000,60.27
1781175600000,45.31
1781179200000,31.58
1781182800000,51.03
1781186400000,78.47
1781190000000,101.6
1781193600000,127.98
1781197200000,146.24
1781200800000,174.86
1781204400000,164.94
1781208000000,137.23
1781211600000,116.06
1781215200000,116.9
1781218800000,102.01
1781222400000,94.51
1781226000000,92.05
1781229600000,93.05
1781233200000,96.08
1781236800000,117.76
1781240400000,122.65
1781244000000,127.34
1781247600000,117.41
1781251200000,102.1
1781254800000,90.51
1781258400000,81.01
1781262000000,70.13
1781265600000,60.37
1781269200000,56.05
1781272800000,68.27
1781276400000,78.87
1781280000000,103.65
1781283600000,115.87
1781287200000,110.66
1781290800000,109.81
1781294400000,111.12
1781298000000,100.9
1781301600000,87.09
1781305200000,74.05
1781308800000,65.85
1781312400000,63.84
1781316000000,65.56
1781319600000,53.79
1781323200000,31.63
1781326800000,13.66
1781330400000,0.33
1781334000000,-1.11
1781337600000,-4.92
1781341200000,-15.7
1781344800000,-27.42
1781348400000,-45.87
1781352000000,-45.0
1781355600000,-31.54
1781359200000,-19.17
1781362800000,-4.22
1781366400000,-0.55
1781370000000,33.41
1781373600000,72.26
1781377200000,87.16
1781380800000,102.49
1781384400000,88.0
1781388000000,67.79
1781391600000,49.44
1781395200000,34.08
1781398800000,28.07
1781402400000,26.57
1781406000000,21.37
1781409600000,7.74
1781413200000,0.46
1781416800000,-0.35
1781420400000,-2.83
1781424000000,-6.37
1781427600000,-9.29
1781431200000,-14.99
1781434800000,-23.42
1781438400000,-25.0
1781442000000,-20.0
1781445600000,-9.2
1781449200000,-1.75
1781452800000,5.28
1781456400000,62.08
1781460000000,94.88
1781463600000,102.63
1781467200000,112.28
1781470800000,103.4
1781474400000,101.43
1781478000000,92.91
1781481600000,85.38
1781485200000,83.75
1781488800000,84.39
1781492400000,91.41
1781496000000,105.69
1781499600000,107.39
1781503200000,91.44
1781506800000,63.65
1781510400000,21.56
1781514000000,1.01
1781517600000,-0.03
1781521200000,-1.48
1781524800000,-2.9
1781528400000,-0.93
1781532000000,-0.01
1781535600000,43.68
1781539200000,91.45
1781542800000,129.08
1781546400000,148.7
1781550000000,156.26
1781553600000,153.79
1781557200000,134.76
1781560800000,122.83
1781564400000,117.32
1781568000000,113.78
1781571600000,110.99
1781575200000,111.24
1781578800000,115.12
1781582400000,127.99
1781586000000,131.7
1781589600000,126.32
1781593200000,109.5
1781596800000,85.98
1781600400000,80.54
1781604000000,66.5
1781607600000,54.25
1781611200000,50.73
1781614800000,60.22
1781618400000,81.46
1781622000000,109.72
1781625600000,127.11
1781629200000,148.12
1781632800000,174.1
1781636400000,181.42
1781640000000,163.86
1781643600000,143.11
1781647200000,141.23
1781650800000,135.39
1781654400000,129.33
1781658000000,127.54
1781661600000,127.42
1781665200000,128.05
1781668800000,140.27
1781672400000,136.68
1781676000000,121.76
1781679600000,105.8
1781683200000,88.25
1781686800000,78.49
1781690400000,72.23
1781694000000,62.79
1781697600000,66.26
1781701200000,75.98
1781704800000,88.09
1781708400000,106.43
1781712000000,120.74
1781715600000,142.56
1781719200000,162.39
1781722800000,164.12
1781726400000,158.61
1781730000000,142.74
1781733600000,135.26
1781737200000,125.73
1781740800000,121.86
1781744400000,119.69
1781748000000,119.31
1781751600000,127.09
1781755200000,135.3
1781758800000,135.27
1781762400000,118.73
1781766000000,101.72
1781769600000,75.13
1781773200000,44.03
1781776800000,28.25
1781780400000,18.67
1781784000000,25.9
1781787600000,48.1
1781791200000,79.06
1781794800000,105.52
1781798400000,135.71
1781802000000,253.39
1781805600000,435.07
1781809200000,441.91
1781812800000,264.32
1781816400000,163.02
1781820000000,146.64
1781823600000,132.51
1781827200000,124.82
1781830800000,120.46
1781834400000,118.47
1781838000000,120.6
1781841600000,138.72
1781845200000,127.37
1781848800000,111.96
1781852400000,95.4
1781856000000,69.91
1781859600000,32.09
1781863200000,15.0
1781866800000,11.24
1781870400000,16.31
1781874000000,42.85
1781877600000,80.69
1781881200000,108.32
1781884800000,129.7
1781888400000,170.79
1781892000000,201.36
1781895600000,185.53
1781899200000,157.86
1781902800000,137.78
1781906400000,130.35
1781910000000,121.12
1781913600000,118.6
1781917200000,116.76
1781920800000,114.8
1781924400000,114.49
1781928000000,109.73
1781931600000,101.68
1781935200000,89.99
1781938800000,41.34
1781942400000,4.13
1781946000000,0.0
1781949600000,-0.01
1781953200000,-0.02
1781956800000,-0.01
1781960400000,0.25
1781964000000,18.31
1781967600000,84.22
1781971200000,119.78
1781974800000,147.4
1781978400000,171.99
1781982000000,182.55
1781985600000,165.07
1781989200000,146.81
1781992800000,137.92
1781996400000,128.57
1782000000000,126.41
1782003600000,124.17
1782007200000,122.43
1782010800000,119.59
1782014400000,112.1
1782018000000,102.35
1782021600000,70.82
1782025200000,25.98
1782028800000,1.36
1782032400000,0.0
1782036000000,-0.01
1782039600000,-0.01
1782043200000,-0.01
1782046800000,0.01
1782050400000,12.76
1782054000000,77.72
1782057600000,115.62
1782061200000,133.92
1782064800000,150.0
1782068400000,150.27
1782072000000,146.1
1782075600000,133.99
1782079200000,128.38
1782082800000,120.12
1782086400000,114.96
1782090000000,115.23
1782093600000,117.13
1782097200000,123.89
1782100800000,140.34
1782104400000,146.04
1782108000000,128.82
1782111600000,107.16
1782115200000,84.65
1782118800000,57.3
1782122400000,39.52
1782126000000,32.34
1782129600000,41.81
1782133200000,63.52
1782136800000,90.9
1782140400000,114.07
1782144000000,145.59
1782147600000,198.51
1782151200000,271.78
1782154800000,250.46
1782158400000,189.57
1782162000000,156.0
1782165600000,146.06
1782169200000,139.13
1782172800000,135.01
1782176400000,135.82
1782180000000,138.06
1782183600000,142.3
1782187200000,164.22
1782190800000,160.13
1782194400000,133.79
1782198000000,112.12
1782201600000,96.31
1782205200000,76.52
1782208800000,67.15
1782212400000,60.35
1782216000000,67.65
1782219600000,81.35
1782223200000,101.07
1782226800000,121.71
1782230400000,169.68
1782234000000,340.71
1782237600000,545.51
1782241200000,528.74
1782244800000,335.12
1782248400000,199.4
1782252000000,178.8
1782255600000,162.66
1782259200000,148.01
1782262800000,144.05
1782266400000,144.46
1782270000000,151.62
1782273600000,178.17
1782277200000,172.61
1782280800000,149.35
1782284400000,119.31
1782288000000,102.41
1782291600000,84.52
1782295200000,73.51
1782298800000,70.98
1782302400000,74.52
1782306000000,89.35
1782309600000,109.38
1782313200000,129.66
1782316800000,196.79
1782320400000,455.14
1782324000000,665.82
1782327600000,660.16
1782331200000,463.25
1782334800000,263.61
1782338400000,169.57
1782342000000,154.94
1782345600000,145.39
1782349200000,142.97
1782352800000,141.91
1782356400000,144.57
1782360000000,161.33
1782363600000,148.42
1782367200000,119.1
1782370800000,105.01
1782374400000,84.75
1782378000000,67.09
1782381600000,42.7
1782385200000,33.96
1782388800000,37.27
1782392400000,67.81
1782396000000,88.29
1782399600000,106.6
1782403200000,135.23
1782406800000,203.32
1782410400000,285.77
1782414000000,276.62
1782417600000,186.64
1782421200000,155.75
1782424800000,144.7
1782428400000,130.73
1782432000000,122.48
1782435600000,120.93
1782439200000,122.61
1782442800000,129.55
1782446400000,146.03
1782450000000,137.97
1782453600000,119.8
1782457200000,108.27
1782460800000,93.24
1782464400000,67.71
1782468000000,49.49
1782471600000,38.5
1782475200000,40.0
1782478800000,68.98
1782482400000,93.12
1782486000000,110.99
1782489600000,150.35
1782493200000,243.54
1782496800000,350.46
1782500400000,295.78
1782504000000,202.65
1782507600000,154.86
1782511200000,132.05
1782514800000,124.5
1782518400000,117.99
1782522000000,115.83
1782525600000,115.33
1782529200000,114.0
1782532800000,112.73
1782536400000,109.27
1782540000000,102.87
1782543600000,73.57
1782547200000,36.03
1782550800000,9.67
1782554400000,0.53
1782558000000,0.03
1782561600000,3.39
1782565200000,12.77
1782568800000,51.0
1782572400000,100.6
1782576000000,127.13
1782579600000,171.76
1782583200000,221.25
1782586800000,214.31
1782590400000,175.0
1782594000000,144.6
1782597600000,136.46
1782601200000,126.03
1782604800000,119.68
1782608400000,115.69
1782612000000,114.73
1782615600000,115.12
1782619200000,112.06
1782622800000,104.43
1782626400000,76.69
1782630000000,32.81
1782633600000,5.15
1782637200000,0.12
1782640800000,-0.02
1782644400000,-0.91
1782648000000,-0.03
1782651600000,1.62
1782655200000,27.67
1782658800000,84.64
1782662400000,114.51
1782666000000,137.99
1782669600000,153.18
1782673200000,161.04
1782676800000,157.3
1782680400000,144.12
1782684000000,123.12
1782687600000,113.67
1782691200000,113.03
1782694800000,109.76
1782698400000,114.87
1782702000000,127.34
1782705600000,149.74
1782709200000,152.16
1782712800000,143.29
1782716400000,120.95
1782720000000,106.93
1782723600000,99.1
1782727200000,89.51
1782730800000,82.03
1782734400000,86.39
1782738000000,96.78
1782741600000,103.73
1782745200000,115.08
1782748800000,134.91
1782752400000,197.65
1782756000000,284.33
1782759600000,301.37
1782763200000,230.89
1782766800000,170.0
1782770400000,161.74
1782774000000,145.37
1782777600000,140.2
1782781200000,140.72
1782784800000,141.37
1782788400000,151.51
1782792000000,186.66
1782795600000,189.31
1782799200000,156.02
1782802800000,122.6
1782806400000,108.87
1782810000000,101.8
1782813600000,99.07
1782817200000,99.42
1782820800000,102.89
1782824400000,116.11
1782828000000,127.4
1782831600000,151.23
1782835200000,245.48
1782838800000,451.58
1782842400000,504.77
1782846000000,395.74
1782849600000,273.53
1782853200000,182.48
1782856800000,164.9
1782860400000,150.31
1782864000000,146.78
1782867600000,147.0
1782871200000,151.04
1782874800000,160.36
1782878400000,196.33
1782882000000,203.3
1782885600000,180.24
1782889200000,145.7
1782892800000,125.41
1782896400000,119.45
1782900000000,115.86
1782903600000,110.39
1782907200000,99.72
1782910800000,97.27
1782914400000,99.39
1782918000000,101.41
1782921600000,120.27
1782925200000,168.0
1782928800000,231.69
1782932400000,243.46
1782936000000,199.47
1782939600000,156.67
1782943200000,160.17
1782946800000,143.41
1782950400000,130.36
1782954000000,120.33
1782957600000,114.09
1782961200000,114.45
1782964800000,121.07
1782968400000,112.93
1782972000000,91.32
1782975600000,45.09
1782979200000,5.53
1782982800000,-0.07
1782986400000,-1.65
1782990000000,-1.96
1782993600000,-3.0
1782997200000,-2.0
1783000800000,-0.51
1783004400000,2.9
1783008000000,46.84
1783011600000,90.46
1783015200000,107.25
1783018800000,117.92
1783022400000,126.9
1783026000000,117.61
1783029600000,91.26
1783033200000,87.0
1783036800000,82.68
1783040400000,85.91
1783044000000,84.46
1783047600000,86.82
1783051200000,99.49
1783054800000,104.47
1783058400000,63.03
1783062000000,9.57
1783065600000,-0.1
1783069200000,-1.06
1783072800000,-1.88
1783076400000,-3.5
1783080000000,-4.99
1783083600000,-4.06
1783087200000,-2.61
1783090800000,-0.05
1783094400000,35.39
1783098000000,102.65
1783101600000,124.44
1783105200000,130.03
1783108800000,135.81
1783112400000,124.28
1783116000000,125.0
1783119600000,120.09
1783123200000,116.44
1783126800000,113.82
1783130400000,106.34
1783134000000,99.67
1783137600000,92.25
1783141200000,72.65
1783144800000,28.93
1783148400000,0.99
1783152000000,-0.01
1783155600000,-0.8
1783159200000,-3.1
1783162800000,-8.25
1783166400000,-10.31
1783170000000,-4.27
1783173600000,-0.34
1783177200000,4.29
1783180800000,57.73
1783184400000,107.19
1783188000000,125.64
1783191600000,131.03
1783195200000,128.03
1783198800000,118.62
1783202400000,122.87
1783206000000,115.92
1783209600000,110.5
1783213200000,105.95
1783216800000,101.41
1783220400000,97.09
1783224000000,85.0
1783227600000,44.16
1783231200000,14.8
1783234800000,1.38
1783238400000,-0.01
1783242000000,-0.03
1783245600000,-0.11
1783249200000,-0.62
1783252800000,-1.17
1783256400000,-1.02
1783260000000,-0.06
1783263600000,4.9
1783267200000,64.0
1783270800000,107.51
1783274400000,129.3
1783278000000,136.54
1783281600000,139.89
1783285200000,127.9
1783288800000,138.56
1783292400000,124.54
1783296000000,119.76
1783299600000,115.55
1783303200000,115.92
1783306800000,120.86
1783310400000,136.03
1783314000000,139.56
1783317600000,133.87
1783321200000,110.62
1783324800000,90.27
1783328400000,72.07
1783332000000,43.02
1783335600000,20.45
1783339200000,9.81
1783342800000,5.0
1783346400000,20.51
1783350000000,66.58
1783353600000,99.34
1783357200000,117.87
1783360800000,138.33
1783364400000,151.2
1783368000000,147.16
1783371600000,135.0
1783375200000,120.98
1783378800000,114.65
1783382400000,107.99
1783386000000,101.0
1783389600000,98.38
1783393200000,102.41
1783396800000,115.6
1783400400000,118.64
1783404000000,114.89
1783407600000,94.65
1783411200000,43.39
1783414800000,4.92
1783418400000,-0.83
1783422000000,-2.71
1783425600000,-2.84
1783429200000,-1.49
1783432800000,-0.52
1783436400000,7.02
1783440000000,60.71
1783443600000,86.18
1783447200000,107.97
1783450800000,118.4
1783454400000,120.76
1783458000000,117.08
1783461600000,114.92
1783465200000,115.85
1783468800000,111.76
1783472400000,108.17
1783476000000,113.58
1783479600000,119.71
1783483200000,130.75
1783486800000,131.91
1783490400000,125.79
1783494000000,100.42
1783497600000,79.58
1783501200000,71.07
1783504800000,49.01
1783508400000,17.24
1783512000000,7.9
1783515600000,9.79
1783519200000,35.02
1783522800000,77.31
1783526400000,104.43
1783530000000,135.05
1783533600000,150.85
1783537200000,160.62
1783540800000,159.2
1783544400000,145.05
1783548000000,140.33
1783551600000,133.21
1783555200000,127.32
1783558800000,124.85
1783562400000,125.44
1783566000000,133.95
1783569600000,149.15
1783573200000,147.66
1783576800000,138.3
1783580400000,118.03
1783584000000,99.63
1783587600000,86.83
1783591200000,66.69
1783594800000,43.63
1783598400000,38.0
1783602000000,51.04
1783605600000,81.01
1783609200000,108.41
1783612800000,130.41
1783616400000,166.5
1783620000000,210.7
1783623600000,213.31
1783627200000,183.97
1783630800000,162.75
1783634400000,153.56
1783638000000,143.43
1783641600000,139.7
1783645200000,137.93
1783648800000,138.27
1783652400000,142.45
1783656000000,151.14
1783659600000,147.69
1783663200000,134.9
1783666800000,121.98
1783670400000,99.9
1783674000000,78.31
1783677600000,56.81
1783681200000,37.36
1783684800000,40.95
1783688400000,62.1
1783692000000,88.41
1783695600000,113.82
1783699200000,128.44
1783702800000,165.02
1783706400000,186.68
1783710000000,176.89
1783713600000,168.0
1783717200000,154.46
1783720800000,150.5
1783724400000,143.95
1783728000000,141.11
1783731600000,140.67
1783735200000,140.46
1783738800000,138.86
1783742400000,136.34
1783746000000,124.28
1783749600000,115.35
1783753200000,73.86
1783756800000,16.09
1783760400000,0.33
1783764000000,-0.01
1783767600000,-0.7
1783771200000,-0.98
1783774800000,-0.5
1783778400000,6.17
1783782000000,74.7
1783785600000,120.35
1783789200000,141.0
1783792800000,151.82
1783796400000,156.38
1783800000000,154.89
1783803600000,145.58
1783807200000,137.44
1783810800000,131.89
1783814400000,125.57
1783818000000,125.1
1783821600000,122.88
1783825200000,119.92
1783828800000,111.61
1783832400000,99.78
1783836000000,62.12
1783839600000,5.39
1783843200000,-0.05
1783846800000,-2.17
1783850400000,-7.16
1783854000000,-10.71
1783857600000,-10.06
1783861200000,-5.91
1783864800000,-2.69
1783868400000,7.63
1783872000000,93.43
1783875600000,131.81
1783879200000,140.9
1783882800000,144.49
1783886400000,144.93
1783890000000,139.32
1783893600000,129.73
1783897200000,124.6
1783900800000,120.57
1783904400000,121.48
1783908000000,123.54
1783911600000,134.24
1783915200000,149.84
1783918800000,159.43
1783922400000,138.99
1783926000000,122.61
1783929600000,100.02
1783933200000,74.12
1783936800000,50.62
1783940400000,32.9
1783944000000,38.54
1783947600000,63.97
1783951200000,90.95
1783954800000,121.53
1783958400000,140.0
1783962000000,165.96
1783965600000,183.0
1783969200000,168.8
1783972800000,159.07
1783976400000,144.07
1783980000000,139.64
1783983600000,133.89
1783987200000,127.35
1783990800000,127.22
1783994400000,127.65
1783998000000,135.02
1784001600000,145.81
1784005200000,152.27
1784008800000,135.67
1784012400000,121.89
1784016000000,107.48
1784019600000,91.69
1784023200000,64.04
1784026800000,51.82
1784030400000,57.73
1784034000000,70.0
1784037600000,93.26
1784041200000,117.44
1784044800000,138.3
1784048400000,159.01
1784052000000,182.48
1784055600000,175.32
1784059200000,168.77
1784062800000,151.52
1784066400000,153.52
1784070000000,144.45
1784073600000,139.04
1784077200000,136.62
1784080800000,140.87
1784084400000,150.28
1784088000000,166.69
1784091600000,165.88
1784095200000,155.93
1784098800000,135.1
1784102400000,111.42
1784106000000,96.25
1784109600000,74.35
1784113200000,63.6
1784116800000,62.92
1784120400000,73.08
1784124000000,97.15
1784127600000,118.18
1784131200000,145.56
1784134800000,175.89
1784138400000,205.98
1784142000000,201.65
1784145600000,188.38
1784149200000,171.42
1784152800000,166.03
1784156400000,159.2
1784160000000,152.91
1784163600000,148.98
1784167200000,152.19
1784170800000,159.95
1784174400000,175.45
1784178000000,172.76
1784181600000,158.51
1784185200000,137.14
1784188800000,118.31
1784192400000,107.23
1784196000000,94.69
1784199600000,87.48
1784203200000,96.46
1784206800000,109.6
1784210400000,119.64
1784214000000,139.94
1784217600000,177.7
1784221200000,241.1
1784224800000,311.69
1784228400000,262.6
1784232000000,206.84
1784235600000,180.31
1784239200000,170.57
1784242800000,161.45
1784246400000,151.98
1784250000000,143.94
1784253600000,142.9
1784257200000,153.49
1784260800000,165.11
1784264400000,165.75
1784268000000,157.11
1784271600000,135.42
1784275200000,127.45
1784278800000,113.78
1784282400000,103.89
1784286000000,98.2
1784289600000,98.43
1784293200000,105.98
1784296800000,114.7
1784300400000,127.43
1784304000000,137.58
1784307600000,151.03
1784311200000,159.07
1784314800000,166.86
1784318400000,164.68
1784322000000,158.3
1784325600000,156.2
1784329200000,145.38
1784332800000,142.0
1784336400000,135.3
1784340000000,134.81
1784343600000,132.23
1784347200000,126.51
1784350800000,119.3
1784354400000,97.54
1784358000000,44.93
1784361600000,9.97
1784365200000,-0.01
1784368800000,-0.13
1784372400000,-1.17
1784376000000,-1.99
1784379600000,-2.95
1784383200000,-1.76
1784386800000,0.43
1784390400000,55.92
1784394000000,110.2
1784397600000,132.17
1784401200000,145.95
1784404800000,152.46
1784408400000,145.76
1784412000000,138.7
1784415600000,130.74
1784419200000,121.9
1784422800000,118.9
1784426400000,115.28
1784430000000,109.42
1784433600000,101.85
1784437200000,88.46
1784440800000,43.16
1784444400000,4.17
1784448000000,0.02
1784451600000,-0.05
1784455200000,-0.74
1784458800000,-2.68
1784462400000,-5.0
1784466000000,-4.96
1784469600000,-2.44
1784473200000,-0.39
1784476800000,47.84
1784480400000,117.16
1784484000000,144.12
1784487600000,149.68
1784491200000,149.66
1784494800000,138.2
1784498400000,147.45
1784502000000,138.48
1784505600000,128.86
1784509200000,123.53
1784512800000,131.27
1784516400000,138.79
1784520000000,149.31
1784523600000,150.53
1784527200000,131.0
1784530800000,92.72
1784534400000,60.27
1784538000000,15.79
1784541600000,7.66
1784545200000,0.02
1784548800000,0.01
1784552400000,0.96
1784556000000,15.11
1784559600000,74.76
1784563200000,118.41
1784566800000,158.76
1784570400000,178.24
1784574000000,179.73
1784577600000,174.82
1784581200000,159.47
1784584800000,148.78
1784588400000,149.52
1784592000000,143.39
1784595600000,138.87
1784599200000,139.25
1784602800000,144.91
1784606400000,157.65
1784610000000,154.43
1784613600000,145.38
1784617200000,114.95
1784620800000,83.69
1784624400000,43.64
1784628000000,7.05
1784631600000,1.01
1784635200000,1.0
1784638800000,13.67
1784642400000,62.23
1784646000000,102.57
1784649600000,135.37
1784653200000,153.61
1784656800000,172.0
1784660400000,174.56
1784664000000,168.32
1784667600000,155.19
1784671200000,152.19
1784674800000,148.29
1784678400000,143.23
1784682000000,134.91
1784685600000,130.67
1784689200000,135.96
1784692800000,149.41
1784696400000,145.34
1784700000000,131.98
1784703600000,90.94
1784707200000,66.15
1784710800000,30.94
1784714400000,10.39
1784718000000,1.29
1784721600000,0.04
1784725200000,0.5
1784728800000,9.15
1784732400000,63.21
1784736000000,108.1
1784739600000,137.83
1784743200000,157.01
1784746800000,161.76
1784750400000,157.61
1784754000000,143.54
1784757600000,142.76
1784761200000,137.35
1784764800000,133.66
1784768400000,132.97
1784772000000,136.24
1784775600000,143.05
1784779200000,159.18
1784782800000,167.87
1784786400000,159.95
1784790000000,134.33
1784793600000,101.98
1784797200000,79.54
1784800800000,31.09
1784804400000,4.3
1784808000000,0.0
1784811600000,0.03
1784815200000,22.0
1784818800000,96.71
1784822400000,142.64
1784826000000,166.1
1784829600000,185.02
1784833200000,190.0
1784836800000,186.54
1784840400000,170.42
1784844000000,161.0
1784847600000,157.14
1784851200000,151.81
1784854800000,153.33
1784858400000,155.66
1784862000000,161.17
1784865600000,172.54
1784869200000,167.39
1784872800000,160.0
1784876400000,132.6
1784880000000,102.32
1784883600000,75.66
1784887200000,44.74
1784890800000,21.03
1784894400000,6.49
1784898000000,14.29
1784901600000,68.97
1784905200000,114.02
1784908800000,154.67
1784912400000,180.14
1784916000000,200.04
1784919600000,203.17
1784923200000,194.52
1784926800000,180.11
1784930400000,167.14
1784934000000,161.61
1784937600000,160.43
1784941200000,159.85
1784944800000,152.01
1784948400000,146.25
1784952000000,135.38
1784955600000,115.3
1784959200000,83.51
1784962800000,11.17
1784966400000,-0.12
1784970000000,-2.61
1784973600000,-5.96
1784977200000,-9.95
1784980800000,-12.28
1784984400000,-3.35
1784988000000,-0.32
1784991600000,11.25
1784995200000,95.2
1784998800000,157.42
1785002400000,170.31
1785006000000,169.08
1785009600000,165.48
1785013200000,160.0
1785016800000,153.03
1785020400000,146.45
1785024000000,148.03
1785027600000,153.59
1785031200000,147.08
1785034800000,137.99
1785038400000,124.86
1785042000000,110.18
1785045600000,93.76
1785049200000,55.18
1785052800000,7.14
1785056400000,-0.01
1785060000000,-0.08
1785063600000,-0.27
1785067200000,-0.67
1785070800000,-0.86
1785074400000,0.86
1785078000000,51.82
1785081600000,109.25
1785085200000,139.29
1785088800000,151.68
1785092400000,150.94
1785096000000,148.0
1785099600000,136.8
1785103200000,86.04
1785106800000,70.66
1785110400000,61.7
1785114000000,62.64
1785117600000,71.18
1785121200000,91.02
1785124800000,117.56
1785128400000,128.98
1785132000000,118.98
1785135600000,74.94
1785139200000,23.79
1785142800000,0.98
1785146400000,-0.01
1785150000000,-0.15
1785153600000,-0.71
1785157200000,-0.08
1785160800000,-0.01
1785164400000,14.4
1785168000000,97.29
1785171600000,149.13
1785175200000,173.72
1785178800000,179.0
1785182400000,171.11
1785186000000,157.99
1785189600000,161.0
1785193200000,148.31
1785196800000,141.33
1785200400000,135.87
1785204000000,139.94
1785207600000,149.74
1785211200000,167.56
1785214800000,162.27
1785218400000,144.16
1785222000000,109.02
1785225600000,36.77
1785229200000,3.43
1785232800000,-0.01
1785236400000,-0.09
1785240000000,-0.03
1785243600000,3.4
1785247200000,44.74
1785250800000,107.63
1785254400000,156.97
1785258000000,198.86
1785261600000,216.76
1785265200000,209.93
1785268800000,193.96
1785272400000,172.26
1785276000000,156.76
1785279600000,148.45
1785283200000,137.21
1785286800000,135.0
1785290400000,140.33
1785294000000,148.51
1785297600000,168.57
1785301200000,161.1
1785304800000,146.17
1785308400000,122.11
1785312000000,85.29
1785315600000,29.04
1785319200000,1.24
1785322800000,-0.04
1785326400000,-0.02
1785330000000,7.38
1785333600000,76.35
1785337200000,125.34
1785340800000,162.32
1785344400000,244.4
1785348000000,263.65
1785351600000,224.7
1785355200000,192.93
1785358800000,167.31
1785362400000,149.76
1785366000000,142.39
1785369600000,140.0
1785373200000,135.53
1785376800000,132.72
1785380400000,137.61
1785384000000,148.46
1785387600000,147.75
1785391200000,139.05
1785394800000,118.12
1785398400000,85.0
1785402000000,34.6
1785405600000,6.35
1785409200000,2.67
1785412800000,14.92
1785416400000,62.43
1785420000000,98.15
1785423600000,126.8
1785427200000,149.28
1785430800000,173.77
1785434400000,198.31
1785438000000,207.03
1785441600000,190.3
1785445200000,170.83
1785448800000,168.21
1785452400000,162.95
1785456000000,155.16
1785459600000,154.17
1785463200000,157.34
1785466800000,165.51
1785470400000,179.09
1785474000000,172.53
1785477600000,159.08
1785481200000,139.39
1785484800000,119.61
1785488400000,101.17
1785492000000,94.12
1785495600000,83.27
1785499200000,86.29
1785502800000,103.14
1785506400000,120.87
1785510000000,147.49
1785513600000,162.31
1785517200000,184.89
1785520800000,192.74
1785524400000,195.64
1785528000000,191.13
1785531600000,170.15
1785535200000,169.44
1785538800000,162.66
1785542400000,157.0
1785546000000,154.61
1785549600000,154.52
1785553200000,155.52
1785556800000,154.79
1785560400000,146.42
1785564000000,140.41
1785567600000,123.27
1785571200000,100.92
1785574800000,57.15
1785578400000,16.72
1785582000000,0.41
1785585600000,0.0
1785589200000,3.08
1785592800000,45.52
1785596400000,107.57
1785600000000,145.14
1785603600000,168.54
1785607200000,180.96
1785610800000,180.68
1785614400000,178.55
1785618000000,170.0
1785621600000,169.63
1785625200000,159.92
1785628800000,156.84
1785632400000,154.44
1785636000000,153.59
1785639600000,159.33
1785643200000,151.4
1785646800000,138.7
1785650400000,122.18
1785654000000,62.68
1785657600000,3.16
1785661200000,-0.26
1785664800000,-1.28
1785668400000,-3.73
1785672000000,-1.79
1785675600000,-1.18
1785679200000,2.92
1785682800000,95.41
1785686400000,148.16
1785690000000,176.89
1785693600000,185.69
1785697200000,177.69
1785700800000,167.73
1785704400000,152.83
1785708000000,139.79
1785711600000,135.11
1785715200000,131.94
1785718800000,129.79
1785722400000,132.74
1785726000000,144.3
1785729600000,169.23
1785733200000,164.49
1785736800000,150.0
1785740400000,135.12
1785744000000,110.79
1785747600000,69.68
1785751200000,26.03
1785754800000,16.39
1785758400000,22.56
1785762000000,60.81
1785765600000,102.81
1785769200000,139.8
1785772800000,169.03
1785776400000,205.77
1785780000000,200.67
1785783600000,185.81
1785787200000,174.43
1785790800000,157.14
1785794400000,154.0
1785798000000,144.72
1785801600000,139.0
1785805200000,137.11
1785808800000,143.17
1785812400000,156.95
1785816000000,170.93
1785819600000,169.28
1785823200000,161.49
1785826800000,146.54
1785830400000,124.51
1785834000000,103.74
1785837600000,87.31
1785841200000,76.47
1785844800000,84.06
1785848400000,109.46
1785852000000,127.44
1785855600000,154.96
1785859200000,175.55
1785862800000,228.0
1785866400000,240.01
1785870000000,212.05
1785873600000,185.13
1785877200000,163.07
1785880800000,155.19
1785884400000,149.35
1785888000000,148.05
1785891600000,144.26
1785895200000,139.35
1785898800000,144.25
1785902400000,157.18
1785906000000,154.69
1785909600000,139.8
1785913200000,112.04
1785916800000,64.45
1785920400000,8.33
1785924000000,-0.04
1785927600000,-0.54
1785931200000,-0.14
1785934800000,-0.02
1785938400000,6.83
1785942000000,72.34
1785945600000,135.08
1785949200000,173.9
1785952800000,187.46
1785956400000,203.74
1785960000000,190.81
1785963600000,166.11
1785967200000,162.51
1785970800000,155.2
1785974400000,146.7
1785978000000,137.83
1785981600000,134.06
1785985200000,135.75
1785988800000,156.05
1785992400000,149.33
1785996000000,139.22
1785999600000,95.57
1786003200000,25.09
1786006800000,0.15
1786010400000,-0.08
1786014000000,-1.36
1786017600000,-1.29
1786021200000,-0.34
1786024800000,0.01
1786028400000,38.43
1786032000000,114.48
1786035600000,143.18
1786039200000,162.69
1786042800000,167.14
1786046400000,169.45
1786050000000,158.45
1786053600000,145.07
1786057200000,138.66
1786060800000,131.12
1786064400000,129.07
1786068000000,131.58
1786071600000,141.33
1786075200000,156.17
1786078800000,154.97
1786082400000,145.58
1786086000000,126.12
1786089600000,102.16
1786093200000,66.51
1786096800000,28.15
1786100400000,13.02
1786104000000,18.73
1786107600000,44.34
1786111200000,87.34
1786114800000,118.67
1786118400000,144.71
1786122000000,172.6
1786125600000,195.12
1786129200000,194.65
1786132800000,178.09
1786136400000,166.1
1786140000000,155.74
1786143600000,149.0
1786147200000,145.24
1786150800000,145.92
1786154400000,143.87
1786158000000,145.7
1786161600000,146.26
1786165200000,137.7
1786168800000,115.03
1786172400000,62.55
1786176000000,3.86
1786179600000,-1.52
1786183200000,-5.99
1786186800000,-11.0
1786190400000,-12.15
1786194000000,-7.01
1786197600000,-0.56
1786201200000,68.16
1786204800000,140.0
1786208400000,167.87
1786212000000,184.66
1786215600000,179.5
1786219200000,170.85
1786222800000,154.42
1786226400000,
1786230000000,
1786233600000,
1786237200000,
1786240800000,
1786244400000,
1786248000000,
1786251600000,
1786255200000,
1786258800000,
1786262400000,
1786266000000,
1786269600000,
1786273200000,
1786276800000,
1786280400000,
1786284000000,
1786287600000,
1786291200000,
1786294800000,
1786298400000,
1786302000000,
1786305600000,
1786309200000,
